sale_id,date,year,month,week,product_id,product_name,is_new_product,region,channel,units_sold,unit_price,revenue,cogs,gross_profit,sessions,new_customers
1,2025-01-01,2025,1,1,P001,Analytics Suite,0,North,Online,10,484.78,4847.8,1909.8,2938.0,90,1
2,2025-01-01,2025,1,1,P002,Dashboard Pro,0,North,Offline,16,299.81,4796.96,1837.12,2959.84,128,3
3,2025-01-01,2025,1,1,P003,Data Connector Plus,0,North,Online,23,144.77,3329.71,1498.91,1830.8,299,5
4,2025-01-01,2025,1,1,P001,Analytics Suite,0,South,Partner,10,492.36,4923.6,2267.7,2655.9,140,2
5,2025-01-01,2025,1,1,P002,Dashboard Pro,0,South,Partner,14,292.82,4099.48,1599.64,2499.84,140,3
6,2025-01-01,2025,1,1,P003,Data Connector Plus,0,South,Online,22,147.6,3247.2,1470.92,1776.28,176,5
7,2025-01-01,2025,1,1,P001,Analytics Suite,0,East,Offline,11,495.36,5448.96,2413.18,3035.78,154,2
8,2025-01-01,2025,1,1,P002,Dashboard Pro,0,East,Online,14,293.48,4108.72,1654.94,2453.78,182,2
9,2025-01-01,2025,1,1,P003,Data Connector Plus,0,East,Online,21,146.61,3078.81,1309.56,1769.25,210,5
10,2025-01-01,2025,1,1,P001,Analytics Suite,0,West,Offline,9,494.67,4452.03,2108.79,2343.24,117,2
11,2025-01-01,2025,1,1,P002,Dashboard Pro,0,West,Offline,15,293.1,4396.5,1873.95,2522.55,135,3
12,2025-01-01,2025,1,1,P003,Data Connector Plus,0,West,Online,26,150.68,3917.68,1818.96,2098.72,260,6
13,2025-01-02,2025,1,1,P001,Analytics Suite,0,North,Online,9,484.99,4364.91,1687.59,2677.32,90,2
14,2025-01-02,2025,1,1,P002,Dashboard Pro,0,North,Online,15,302.91,4543.65,1906.35,2637.3,165,4
15,2025-01-02,2025,1,1,P003,Data Connector Plus,0,North,Online,23,146.9,3378.7,1466.02,1912.68,276,5
16,2025-01-02,2025,1,1,P001,Analytics Suite,0,South,Online,10,501.5,5015.0,2161.2,2853.8,90,1
17,2025-01-02,2025,1,1,P002,Dashboard Pro,0,South,Offline,13,292.0,3796.0,1700.79,2095.21,182,3
18,2025-01-02,2025,1,1,P003,Data Connector Plus,0,South,Offline,23,149.86,3446.78,1644.5,1802.28,230,6
19,2025-01-02,2025,1,1,P001,Analytics Suite,0,East,Offline,9,505.61,4550.49,2070.9,2479.59,108,2
20,2025-01-02,2025,1,1,P002,Dashboard Pro,0,East,Online,14,295.3,4134.2,1965.32,2168.88,112,3
21,2025-01-02,2025,1,1,P003,Data Connector Plus,0,East,Online,22,149.01,3278.22,1531.2,1747.02,176,4
22,2025-01-02,2025,1,1,P001,Analytics Suite,0,West,Online,10,502.26,5022.6,1989.7,3032.9,140,2
23,2025-01-02,2025,1,1,P002,Dashboard Pro,0,West,Offline,16,306.51,4904.16,1873.12,3031.04,176,4
24,2025-01-02,2025,1,1,P003,Data Connector Plus,0,West,Online,25,151.97,3799.25,1535.25,2264.0,200,5
25,2025-01-03,2025,1,1,P001,Analytics Suite,0,North,Offline,9,505.94,4553.46,1972.89,2580.57,126,1
26,2025-01-03,2025,1,1,P002,Dashboard Pro,0,North,Online,15,307.02,4605.3,2151.75,2453.55,180,3
27,2025-01-03,2025,1,1,P003,Data Connector Plus,0,North,Offline,22,149.35,3285.7,1482.8,1802.9,198,4
28,2025-01-03,2025,1,1,P001,Analytics Suite,0,South,Partner,10,495.21,4952.1,1941.7,3010.4,110,2
29,2025-01-03,2025,1,1,P002,Dashboard Pro,0,South,Online,14,300.58,4208.12,1602.16,2605.96,126,3
30,2025-01-03,2025,1,1,P003,Data Connector Plus,0,South,Online,21,145.13,3047.73,1179.78,1867.95,210,4
31,2025-01-03,2025,1,1,P001,Analytics Suite,0,East,Online,10,490.44,4904.4,2146.3,2758.1,120,2
32,2025-01-03,2025,1,1,P002,Dashboard Pro,0,East,Online,15,297.33,4459.95,1887.0,2572.95,195,3
33,2025-01-03,2025,1,1,P003,Data Connector Plus,0,East,Offline,23,151.05,3474.15,1354.47,2119.68,299,5
34,2025-01-03,2025,1,1,P001,Analytics Suite,0,West,Online,9,509.83,4588.47,1989.72,2598.75,81,1
35,2025-01-03,2025,1,1,P002,Dashboard Pro,0,West,Partner,14,298.33,4176.62,1772.26,2404.36,112,3
36,2025-01-03,2025,1,1,P003,Data Connector Plus,0,West,Partner,24,144.98,3479.52,1327.44,2152.08,336,4
37,2025-01-04,2025,1,1,P001,Analytics Suite,0,North,Online,7,491.11,3437.77,1379.84,2057.93,77,1
38,2025-01-04,2025,1,1,P002,Dashboard Pro,0,North,Partner,8,296.83,2374.64,1122.4,1252.24,80,2
39,2025-01-04,2025,1,1,P003,Data Connector Plus,0,North,Offline,14,150.76,2110.64,919.38,1191.26,196,3
40,2025-01-04,2025,1,1,P001,Analytics Suite,0,South,Partner,6,492.91,2957.46,1341.42,1616.04,72,1
41,2025-01-04,2025,1,1,P002,Dashboard Pro,0,South,Offline,9,290.93,2618.37,1134.09,1484.28,126,1
42,2025-01-04,2025,1,1,P003,Data Connector Plus,0,South,Online,15,152.14,2282.1,1021.35,1260.75,120,3
43,2025-01-04,2025,1,1,P001,Analytics Suite,0,East,Online,6,510.69,3064.14,1176.54,1887.6,72,1
44,2025-01-04,2025,1,1,P002,Dashboard Pro,0,East,Online,10,300.17,3001.7,1202.0,1799.7,100,2
45,2025-01-04,2025,1,1,P003,Data Connector Plus,0,East,Offline,14,148.07,2072.98,882.56,1190.42,140,3
46,2025-01-04,2025,1,1,P001,Analytics Suite,0,West,Offline,7,484.31,3390.17,1625.96,1764.21,84,1
47,2025-01-04,2025,1,1,P002,Dashboard Pro,0,West,Partner,9,294.79,2653.11,1241.46,1411.65,72,1
48,2025-01-04,2025,1,1,P003,Data Connector Plus,0,West,Offline,14,151.98,2127.72,1017.94,1109.78,168,3
49,2025-01-05,2025,1,1,P001,Analytics Suite,0,North,Offline,6,504.03,3024.18,1180.5,1843.68,78,1
50,2025-01-05,2025,1,1,P002,Dashboard Pro,0,North,Offline,9,305.99,2753.91,1121.49,1632.42,81,2
51,2025-01-05,2025,1,1,P003,Data Connector Plus,0,North,Offline,16,146.35,2341.6,1008.16,1333.44,160,3
52,2025-01-05,2025,1,1,P001,Analytics Suite,0,South,Offline,7,485.55,3398.85,1385.58,2013.27,98,1
53,2025-01-05,2025,1,1,P002,Dashboard Pro,0,South,Online,10,301.46,3014.6,1278.7,1735.9,130,2
54,2025-01-05,2025,1,1,P003,Data Connector Plus,0,South,Partner,15,145.53,2182.95,1026.9,1156.05,195,3
55,2025-01-05,2025,1,1,P001,Analytics Suite,0,East,Online,7,501.47,3510.29,1348.62,2161.67,63,1
56,2025-01-05,2025,1,1,P002,Dashboard Pro,0,East,Online,10,307.47,3074.7,1233.0,1841.7,100,2
57,2025-01-05,2025,1,1,P003,Data Connector Plus,0,East,Partner,13,151.5,1969.5,940.16,1029.34,143,3
58,2025-01-05,2025,1,1,P001,Analytics Suite,0,West,Online,7,491.12,3437.84,1585.08,1852.76,98,1
59,2025-01-05,2025,1,1,P002,Dashboard Pro,0,West,Online,8,303.24,2425.92,1116.48,1309.44,88,2
60,2025-01-05,2025,1,1,P003,Data Connector Plus,0,West,Offline,16,146.92,2350.72,983.2,1367.52,128,2
61,2025-01-06,2025,1,2,P001,Analytics Suite,0,North,Partner,10,490.01,4900.1,2011.6,2888.5,100,2
62,2025-01-06,2025,1,2,P002,Dashboard Pro,0,North,Online,14,290.45,4066.3,1658.44,2407.86,140,2
63,2025-01-06,2025,1,2,P003,Data Connector Plus,0,North,Offline,25,147.67,3691.75,1765.0,1926.75,325,5
64,2025-01-06,2025,1,2,P001,Analytics Suite,0,South,Partner,11,487.48,5362.28,2348.94,3013.34,99,3
65,2025-01-06,2025,1,2,P002,Dashboard Pro,0,South,Online,13,300.73,3909.49,1608.23,2301.26,182,3
66,2025-01-06,2025,1,2,P003,Data Connector Plus,0,South,Offline,23,147.97,3403.31,1308.47,2094.84,230,5
67,2025-01-06,2025,1,2,P001,Analytics Suite,0,East,Offline,10,508.18,5081.8,2305.6,2776.2,130,1
68,2025-01-06,2025,1,2,P002,Dashboard Pro,0,East,Partner,15,307.05,4605.75,1894.8,2710.95,180,3
69,2025-01-06,2025,1,2,P003,Data Connector Plus,0,East,Online,25,147.21,3680.25,1518.5,2161.75,275,6
70,2025-01-06,2025,1,2,P001,Analytics Suite,0,West,Offline,10,489.77,4897.7,2192.9,2704.8,110,2
71,2025-01-06,2025,1,2,P002,Dashboard Pro,0,West,Offline,15,295.43,4431.45,1818.6,2612.85,120,3
72,2025-01-06,2025,1,2,P003,Data Connector Plus,0,West,Online,25,149.95,3748.75,1590.25,2158.5,275,5
73,2025-01-07,2025,1,2,P001,Analytics Suite,0,North,Offline,10,511.01,5110.1,2278.5,2831.6,90,2
74,2025-01-07,2025,1,2,P002,Dashboard Pro,0,North,Online,15,301.14,4517.1,1822.65,2694.45,210,3
75,2025-01-07,2025,1,2,P003,Data Connector Plus,0,North,Online,25,145.85,3646.25,1608.5,2037.75,275,6
76,2025-01-07,2025,1,2,P001,Analytics Suite,0,South,Offline,10,510.56,5105.6,2295.7,2809.9,130,2
77,2025-01-07,2025,1,2,P002,Dashboard Pro,0,South,Online,14,301.8,4225.2,1969.1,2256.1,196,3
78,2025-01-07,2025,1,2,P003,Data Connector Plus,0,South,Offline,25,146.49,3662.25,1581.25,2081.0,325,4
79,2025-01-07,2025,1,2,P001,Analytics Suite,0,East,Offline,9,509.43,4584.87,1955.25,2629.62,126,2
80,2025-01-07,2025,1,2,P002,Dashboard Pro,0,East,Offline,15,295.72,4435.8,1957.35,2478.45,165,3
81,2025-01-07,2025,1,2,P003,Data Connector Plus,0,East,Offline,23,151.96,3495.08,1588.15,1906.93,207,5
82,2025-01-07,2025,1,2,P001,Analytics Suite,0,West,Offline,9,491.43,4422.87,2024.64,2398.23,126,2
83,2025-01-07,2025,1,2,P002,Dashboard Pro,0,West,Offline,14,297.92,4170.88,1698.2,2472.68,126,2
84,2025-01-07,2025,1,2,P003,Data Connector Plus,0,West,Online,24,145.77,3498.48,1382.88,2115.6,312,4
85,2025-01-08,2025,1,2,P001,Analytics Suite,0,North,Offline,9,493.94,4445.46,1781.19,2664.27,72,1
86,2025-01-08,2025,1,2,P002,Dashboard Pro,0,North,Offline,16,300.51,4808.16,2250.56,2557.6,224,3
87,2025-01-08,2025,1,2,P003,Data Connector Plus,0,North,Online,23,152.96,3518.08,1637.14,1880.94,253,6
88,2025-01-08,2025,1,2,P001,Analytics Suite,0,South,Offline,10,506.41,5064.1,2379.0,2685.1,120,2
89,2025-01-08,2025,1,2,P002,Dashboard Pro,0,South,Online,14,298.74,4182.36,1873.34,2309.02,182,3
90,2025-01-08,2025,1,2,P003,Data Connector Plus,0,South,Online,21,148.71,3122.91,1353.45,1769.46,252,5
91,2025-01-08,2025,1,2,P001,Analytics Suite,0,East,Online,10,503.88,5038.8,1983.1,3055.7,110,2
92,2025-01-08,2025,1,2,P002,Dashboard Pro,0,East,Online,13,296.83,3858.79,1596.53,2262.26,130,3
93,2025-01-08,2025,1,2,P003,Data Connector Plus,0,East,Offline,22,153.03,3366.66,1306.8,2059.86,308,4
94,2025-01-08,2025,1,2,P001,Analytics Suite,0,West,Online,10,513.97,5139.7,1988.4,3151.3,130,2
95,2025-01-08,2025,1,2,P002,Dashboard Pro,0,West,Online,13,290.59,3777.67,1443.26,2334.41,182,2
96,2025-01-08,2025,1,2,P003,Data Connector Plus,0,West,Offline,21,150.51,3160.71,1347.99,1812.72,189,4
97,2025-01-09,2025,1,2,P001,Analytics Suite,0,North,Partner,9,502.17,4519.53,1769.22,2750.31,117,2
98,2025-01-09,2025,1,2,P002,Dashboard Pro,0,North,Online,17,291.97,4963.49,2171.92,2791.57,170,4
99,2025-01-09,2025,1,2,P003,Data Connector Plus,0,North,Online,23,152.95,3517.85,1579.64,1938.21,276,5
100,2025-01-09,2025,1,2,P001,Analytics Suite,0,South,Partner,9,507.16,4564.44,2102.13,2462.31,108,2
101,2025-01-09,2025,1,2,P002,Dashboard Pro,0,South,Offline,15,290.77,4361.55,1819.05,2542.5,195,3
102,2025-01-09,2025,1,2,P003,Data Connector Plus,0,South,Offline,22,152.13,3346.86,1416.8,1930.06,176,4
103,2025-01-09,2025,1,2,P001,Analytics Suite,0,East,Online,11,497.79,5475.69,2482.59,2993.1,99,3
104,2025-01-09,2025,1,2,P002,Dashboard Pro,0,East,Offline,14,304.53,4263.42,1818.32,2445.1,154,3
105,2025-01-09,2025,1,2,P003,Data Connector Plus,0,East,Online,24,147.41,3537.84,1443.12,2094.72,192,5
106,2025-01-09,2025,1,2,P001,Analytics Suite,0,West,Offline,10,501.09,5010.9,1918.5,3092.4,100,2
107,2025-01-09,2025,1,2,P002,Dashboard Pro,0,West,Offline,14,293.84,4113.76,1678.32,2435.44,140,3
108,2025-01-09,2025,1,2,P003,Data Connector Plus,0,West,Offline,25,149.5,3737.5,1452.25,2285.25,225,6
109,2025-01-10,2025,1,2,P001,Analytics Suite,0,North,Offline,10,506.73,5067.3,2286.3,2781.0,130,2
110,2025-01-10,2025,1,2,P002,Dashboard Pro,0,North,Online,13,295.31,3839.03,1576.38,2262.65,117,3
111,2025-01-10,2025,1,2,P003,Data Connector Plus,0,North,Offline,23,149.28,3433.44,1493.62,1939.82,299,4
112,2025-01-10,2025,1,2,P001,Analytics Suite,0,South,Online,10,493.21,4932.1,1969.2,2962.9,130,1
113,2025-01-10,2025,1,2,P002,Dashboard Pro,0,South,Online,15,303.7,4555.5,2067.6,2487.9,135,3
114,2025-01-10,2025,1,2,P003,Data Connector Plus,0,South,Offline,24,151.33,3631.92,1682.64,1949.28,192,5
115,2025-01-10,2025,1,2,P001,Analytics Suite,0,East,Offline,9,493.08,4437.72,1808.1,2629.62,81,2
116,2025-01-10,2025,1,2,P002,Dashboard Pro,0,East,Online,15,302.54,4538.1,2066.1,2472.0,210,2
117,2025-01-10,2025,1,2,P003,Data Connector Plus,0,East,Offline,21,147.07,3088.47,1230.6,1857.87,210,3
118,2025-01-10,2025,1,2,P001,Analytics Suite,0,West,Offline,11,498.33,5481.63,2352.57,3129.06,121,2
119,2025-01-10,2025,1,2,P002,Dashboard Pro,0,West,Offline,15,292.75,4391.25,1706.1,2685.15,150,3
120,2025-01-10,2025,1,2,P003,Data Connector Plus,0,West,Offline,24,148.25,3558.0,1432.32,2125.68,288,5
121,2025-01-11,2025,1,2,P001,Analytics Suite,0,North,Partner,6,497.29,2983.74,1224.96,1758.78,66,1
122,2025-01-11,2025,1,2,P002,Dashboard Pro,0,North,Partner,10,303.31,3033.1,1342.3,1690.8,90,2
123,2025-01-11,2025,1,2,P003,Data Connector Plus,0,North,Offline,13,146.67,1906.71,725.01,1181.7,117,2
124,2025-01-11,2025,1,2,P001,Analytics Suite,0,South,Online,6,492.75,2956.5,1207.08,1749.42,78,1
125,2025-01-11,2025,1,2,P002,Dashboard Pro,0,South,Online,8,294.22,2353.76,1041.52,1312.24,112,1
126,2025-01-11,2025,1,2,P003,Data Connector Plus,0,South,Offline,17,148.33,2521.61,995.86,1525.75,221,3
127,2025-01-11,2025,1,2,P001,Analytics Suite,0,East,Offline,6,485.82,2914.92,1326.0,1588.92,72,1
128,2025-01-11,2025,1,2,P002,Dashboard Pro,0,East,Offline,9,292.26,2630.34,1105.38,1524.96,117,1
129,2025-01-11,2025,1,2,P003,Data Connector Plus,0,East,Offline,15,148.44,2226.6,1009.65,1216.95,165,3
130,2025-01-11,2025,1,2,P001,Analytics Suite,0,West,Offline,5,490.88,2454.4,1073.85,1380.55,70,1
131,2025-01-11,2025,1,2,P002,Dashboard Pro,0,West,Online,11,302.09,3322.99,1516.35,1806.64,88,2
132,2025-01-11,2025,1,2,P003,Data Connector Plus,0,West,Online,15,148.48,2227.2,943.35,1283.85,180,3
133,2025-01-12,2025,1,2,P001,Analytics Suite,0,North,Online,7,498.1,3486.7,1558.62,1928.08,70,1
134,2025-01-12,2025,1,2,P002,Dashboard Pro,0,North,Online,9,302.47,2722.23,1255.95,1466.28,99,2
135,2025-01-12,2025,1,2,P003,Data Connector Plus,0,North,Online,15,147.34,2210.1,929.1,1281.0,210,3
136,2025-01-12,2025,1,2,P001,Analytics Suite,0,South,Offline,7,503.72,3526.04,1358.98,2167.06,77,1
137,2025-01-12,2025,1,2,P002,Dashboard Pro,0,South,Offline,10,298.97,2989.7,1196.9,1792.8,80,2
138,2025-01-12,2025,1,2,P003,Data Connector Plus,0,South,Offline,17,148.45,2523.65,966.28,1557.37,136,4
139,2025-01-12,2025,1,2,P001,Analytics Suite,0,East,Online,7,505.28,3536.96,1539.37,1997.59,56,1
140,2025-01-12,2025,1,2,P002,Dashboard Pro,0,East,Offline,11,306.41,3370.51,1499.08,1871.43,88,2
141,2025-01-12,2025,1,2,P003,Data Connector Plus,0,East,Offline,17,147.14,2501.38,1159.4,1341.98,187,4
142,2025-01-12,2025,1,2,P001,Analytics Suite,0,West,Online,6,500.53,3003.18,1293.84,1709.34,72,1
143,2025-01-12,2025,1,2,P002,Dashboard Pro,0,West,Offline,10,294.99,2949.9,1221.2,1728.7,110,2
144,2025-01-12,2025,1,2,P003,Data Connector Plus,0,West,Offline,14,144.55,2023.7,887.74,1135.96,196,3
145,2025-01-13,2025,1,3,P001,Analytics Suite,0,North,Offline,10,488.48,4884.8,2018.6,2866.2,100,2
146,2025-01-13,2025,1,3,P002,Dashboard Pro,0,North,Partner,14,306.77,4294.78,1734.6,2560.18,182,3
147,2025-01-13,2025,1,3,P003,Data Connector Plus,0,North,Online,25,148.2,3705.0,1669.25,2035.75,275,6
148,2025-01-13,2025,1,3,P001,Analytics Suite,0,South,Offline,9,503.9,4535.1,1947.96,2587.14,81,1
149,2025-01-13,2025,1,3,P002,Dashboard Pro,0,South,Partner,15,300.62,4509.3,2094.6,2414.7,210,2
150,2025-01-13,2025,1,3,P003,Data Connector Plus,0,South,Online,26,144.67,3761.42,1675.7,2085.72,364,5
151,2025-01-13,2025,1,3,P001,Analytics Suite,0,East,Online,10,513.05,5130.5,2153.5,2977.0,130,1
152,2025-01-13,2025,1,3,P002,Dashboard Pro,0,East,Offline,14,302.13,4229.82,1872.5,2357.32,140,3
153,2025-01-13,2025,1,3,P003,Data Connector Plus,0,East,Offline,23,149.37,3435.51,1522.37,1913.14,207,6
154,2025-01-13,2025,1,3,P001,Analytics Suite,0,West,Offline,11,506.39,5570.29,2540.23,3030.06,88,2
155,2025-01-13,2025,1,3,P002,Dashboard Pro,0,West,Online,13,293.01,3809.13,1464.97,2344.16,104,3
156,2025-01-13,2025,1,3,P003,Data Connector Plus,0,West,Online,22,147.88,3253.36,1370.38,1882.98,264,5
157,2025-01-14,2025,1,3,P001,Analytics Suite,0,North,Offline,9,489.27,4403.43,1946.16,2457.27,99,1
158,2025-01-14,2025,1,3,P002,Dashboard Pro,0,North,Offline,16,292.6,4681.6,1994.24,2687.36,160,3
159,2025-01-14,2025,1,3,P003,Data Connector Plus,0,North,Online,26,148.69,3865.94,1530.1,2335.84,312,5
160,2025-01-14,2025,1,3,P001,Analytics Suite,0,South,Offline,9,501.62,4514.58,2027.16,2487.42,99,2
161,2025-01-14,2025,1,3,P002,Dashboard Pro,0,South,Partner,14,307.96,4311.44,1740.62,2570.82,112,3
162,2025-01-14,2025,1,3,P003,Data Connector Plus,0,South,Online,24,153.4,3681.6,1641.36,2040.24,336,4
163,2025-01-14,2025,1,3,P001,Analytics Suite,0,East,Offline,10,504.56,5045.6,2376.8,2668.8,80,2
164,2025-01-14,2025,1,3,P002,Dashboard Pro,0,East,Offline,16,306.23,4899.68,2159.36,2740.32,144,3
165,2025-01-14,2025,1,3,P003,Data Connector Plus,0,East,Offline,24,150.08,3601.92,1645.2,1956.72,312,5
166,2025-01-14,2025,1,3,P001,Analytics Suite,0,West,Offline,9,486.94,4382.46,1800.72,2581.74,72,2
167,2025-01-14,2025,1,3,P002,Dashboard Pro,0,West,Online,15,303.17,4547.55,1876.65,2670.9,150,3
168,2025-01-14,2025,1,3,P003,Data Connector Plus,0,West,Partner,22,151.56,3334.32,1444.08,1890.24,220,5
169,2025-01-15,2025,1,3,P001,Analytics Suite,0,North,Offline,11,491.72,5408.92,2578.62,2830.3,121,2
170,2025-01-15,2025,1,3,P002,Dashboard Pro,0,North,Offline,16,304.46,4871.36,1919.68,2951.68,128,4
171,2025-01-15,2025,1,3,P003,Data Connector Plus,0,North,Partner,25,151.0,3775.0,1738.25,2036.75,350,5
172,2025-01-15,2025,1,3,P001,Analytics Suite,0,South,Offline,10,484.45,4844.5,2019.5,2825.0,110,2
173,2025-01-15,2025,1,3,P002,Dashboard Pro,0,South,Offline,14,296.87,4156.18,1624.42,2531.76,140,2
174,2025-01-15,2025,1,3,P003,Data Connector Plus,0,South,Offline,21,152.44,3201.24,1287.3,1913.94,252,3
175,2025-01-15,2025,1,3,P001,Analytics Suite,0,East,Online,10,511.26,5112.6,2002.4,3110.2,110,1
176,2025-01-15,2025,1,3,P002,Dashboard Pro,0,East,Online,13,307.9,4002.7,1876.16,2126.54,117,2
177,2025-01-15,2025,1,3,P003,Data Connector Plus,0,East,Offline,23,150.52,3461.96,1460.73,2001.23,276,5
178,2025-01-15,2025,1,3,P001,Analytics Suite,0,West,Online,9,496.45,4468.05,1972.98,2495.07,99,2
179,2025-01-15,2025,1,3,P002,Dashboard Pro,0,West,Online,14,302.41,4233.74,2011.24,2222.5,154,3
180,2025-01-15,2025,1,3,P003,Data Connector Plus,0,West,Offline,21,150.66,3163.86,1315.65,1848.21,273,4
181,2025-01-16,2025,1,3,P001,Analytics Suite,0,North,Partner,9,487.69,4389.21,1708.11,2681.1,99,1
182,2025-01-16,2025,1,3,P002,Dashboard Pro,0,North,Online,15,307.45,4611.75,1864.8,2746.95,150,2
183,2025-01-16,2025,1,3,P003,Data Connector Plus,0,North,Offline,24,145.14,3483.36,1527.84,1955.52,216,6
184,2025-01-16,2025,1,3,P001,Analytics Suite,0,South,Offline,9,507.21,4564.89,1735.92,2828.97,108,2
185,2025-01-16,2025,1,3,P002,Dashboard Pro,0,South,Online,13,292.36,3800.68,1486.03,2314.65,117,3
186,2025-01-16,2025,1,3,P003,Data Connector Plus,0,South,Offline,21,147.73,3102.33,1279.32,1823.01,252,4
187,2025-01-16,2025,1,3,P001,Analytics Suite,0,East,Offline,9,506.24,4556.16,1760.31,2795.85,117,2
188,2025-01-16,2025,1,3,P002,Dashboard Pro,0,East,Offline,14,300.68,4209.52,1997.66,2211.86,126,2
189,2025-01-16,2025,1,3,P003,Data Connector Plus,0,East,Offline,25,152.28,3807.0,1691.5,2115.5,275,4
190,2025-01-16,2025,1,3,P001,Analytics Suite,0,West,Offline,11,509.4,5603.4,2404.05,3199.35,88,2
191,2025-01-16,2025,1,3,P002,Dashboard Pro,0,West,Offline,13,291.48,3789.24,1487.72,2301.52,104,3
192,2025-01-16,2025,1,3,P003,Data Connector Plus,0,West,Online,24,150.9,3621.6,1568.4,2053.2,288,5
193,2025-01-17,2025,1,3,P001,Analytics Suite,0,North,Offline,10,487.0,4870.0,2169.4,2700.6,140,2
194,2025-01-17,2025,1,3,P002,Dashboard Pro,0,North,Offline,15,305.56,4583.4,1931.4,2652.0,135,3
195,2025-01-17,2025,1,3,P003,Data Connector Plus,0,North,Online,23,151.05,3474.15,1551.35,1922.8,230,5
196,2025-01-17,2025,1,3,P001,Analytics Suite,0,South,Online,9,511.66,4604.94,1789.2,2815.74,126,2
197,2025-01-17,2025,1,3,P002,Dashboard Pro,0,South,Online,16,296.72,4747.52,2082.56,2664.96,128,3
198,2025-01-17,2025,1,3,P003,Data Connector Plus,0,South,Online,22,145.62,3203.64,1518.88,1684.76,286,4
199,2025-01-17,2025,1,3,P001,Analytics Suite,0,East,Online,11,485.57,5341.27,2217.49,3123.78,110,2
200,2025-01-17,2025,1,3,P002,Dashboard Pro,0,East,Online,14,301.81,4225.34,1753.5,2471.84,112,3
201,2025-01-17,2025,1,3,P003,Data Connector Plus,0,East,Online,21,147.02,3087.42,1434.09,1653.33,231,5
202,2025-01-17,2025,1,3,P001,Analytics Suite,0,West,Offline,10,502.4,5024.0,2215.1,2808.9,80,2
203,2025-01-17,2025,1,3,P002,Dashboard Pro,0,West,Online,16,290.55,4648.8,1910.24,2738.56,224,3
204,2025-01-17,2025,1,3,P003,Data Connector Plus,0,West,Offline,20,152.31,3046.2,1178.8,1867.4,220,5
205,2025-01-18,2025,1,3,P001,Analytics Suite,0,North,Offline,7,486.78,3407.46,1437.87,1969.59,77,1
206,2025-01-18,2025,1,3,P002,Dashboard Pro,0,North,Offline,9,302.98,2726.82,1198.8,1528.02,108,2
207,2025-01-18,2025,1,3,P003,Data Connector Plus,0,North,Online,14,151.27,2117.78,862.4,1255.38,112,3
208,2025-01-18,2025,1,3,P001,Analytics Suite,0,South,Online,6,497.26,2983.56,1286.64,1696.92,84,1
209,2025-01-18,2025,1,3,P002,Dashboard Pro,0,South,Offline,9,302.2,2719.8,1215.0,1504.8,108,1
210,2025-01-18,2025,1,3,P003,Data Connector Plus,0,South,Online,15,149.89,2248.35,1066.95,1181.4,150,3
211,2025-01-18,2025,1,3,P001,Analytics Suite,0,East,Online,7,492.7,3448.9,1568.21,1880.69,77,1
212,2025-01-18,2025,1,3,P002,Dashboard Pro,0,East,Offline,9,302.65,2723.85,1217.07,1506.78,126,1
213,2025-01-18,2025,1,3,P003,Data Connector Plus,0,East,Offline,15,151.16,2267.4,1070.55,1196.85,165,3
214,2025-01-18,2025,1,3,P001,Analytics Suite,0,West,Offline,6,501.2,3007.2,1229.82,1777.38,66,1
215,2025-01-18,2025,1,3,P002,Dashboard Pro,0,West,Partner,11,293.11,3224.21,1493.47,1730.74,121,2
216,2025-01-18,2025,1,3,P003,Data Connector Plus,0,West,Online,13,152.08,1977.04,830.44,1146.6,156,2
217,2025-01-19,2025,1,3,P001,Analytics Suite,0,North,Online,7,506.36,3544.52,1406.51,2138.01,98,1
218,2025-01-19,2025,1,3,P002,Dashboard Pro,0,North,Partner,9,299.18,2692.62,1117.71,1574.91,90,2
219,2025-01-19,2025,1,3,P003,Data Connector Plus,0,North,Online,16,145.85,2333.6,932.8,1400.8,160,3
220,2025-01-19,2025,1,3,P001,Analytics Suite,0,South,Online,7,503.66,3525.62,1561.14,1964.48,98,1
221,2025-01-19,2025,1,3,P002,Dashboard Pro,0,South,Offline,10,300.43,3004.3,1334.8,1669.5,120,2
222,2025-01-19,2025,1,3,P003,Data Connector Plus,0,South,Online,14,153.21,2144.94,829.78,1315.16,154,3
223,2025-01-19,2025,1,3,P001,Analytics Suite,0,East,Online,6,492.25,2953.5,1144.26,1809.24,72,1
224,2025-01-19,2025,1,3,P002,Dashboard Pro,0,East,Online,8,296.65,2373.2,1106.88,1266.32,104,2
225,2025-01-19,2025,1,3,P003,Data Connector Plus,0,East,Offline,15,149.06,2235.9,1063.05,1172.85,180,3
226,2025-01-19,2025,1,3,P001,Analytics Suite,0,West,Offline,5,511.25,2556.25,1053.55,1502.7,45,1
227,2025-01-19,2025,1,3,P002,Dashboard Pro,0,West,Online,9,291.14,2620.26,1085.67,1534.59,126,2
228,2025-01-19,2025,1,3,P003,Data Connector Plus,0,West,Online,15,146.07,2191.05,1049.7,1141.35,165,3
229,2025-01-20,2025,1,4,P001,Analytics Suite,0,North,Partner,10,494.93,4949.3,2083.0,2866.3,110,2
230,2025-01-20,2025,1,4,P002,Dashboard Pro,0,North,Offline,15,304.19,4562.85,1884.3,2678.55,120,3
231,2025-01-20,2025,1,4,P003,Data Connector Plus,0,North,Partner,23,146.78,3375.94,1577.57,1798.37,276,4
232,2025-01-20,2025,1,4,P001,Analytics Suite,0,South,Online,10,488.26,4882.6,2196.4,2686.2,130,2
233,2025-01-20,2025,1,4,P002,Dashboard Pro,0,South,Online,15,306.86,4602.9,2045.25,2557.65,165,3
234,2025-01-20,2025,1,4,P003,Data Connector Plus,0,South,Partner,21,150.81,3167.01,1492.47,1674.54,273,3
235,2025-01-20,2025,1,4,P001,Analytics Suite,0,East,Online,10,499.25,4992.5,1987.1,3005.4,100,2
236,2025-01-20,2025,1,4,P002,Dashboard Pro,0,East,Online,16,298.75,4780.0,1890.4,2889.6,144,3
237,2025-01-20,2025,1,4,P003,Data Connector Plus,0,East,Offline,25,149.07,3726.75,1745.5,1981.25,325,4
238,2025-01-20,2025,1,4,P001,Analytics Suite,0,West,Online,9,506.97,4562.73,1804.23,2758.5,99,1
239,2025-01-20,2025,1,4,P002,Dashboard Pro,0,West,Partner,16,301.24,4819.84,2042.56,2777.28,208,3
240,2025-01-20,2025,1,4,P003,Data Connector Plus,0,West,Offline,24,146.65,3519.6,1602.24,1917.36,240,6
241,2025-01-21,2025,1,4,P001,Analytics Suite,0,North,Partner,9,491.19,4420.71,1887.21,2533.5,126,2
242,2025-01-21,2025,1,4,P002,Dashboard Pro,0,North,Partner,14,307.02,4298.28,1964.06,2334.22,154,3
243,2025-01-21,2025,1,4,P003,Data Connector Plus,0,North,Online,23,148.27,3410.21,1569.06,1841.15,207,4
244,2025-01-21,2025,1,4,P001,Analytics Suite,0,South,Partner,9,503.23,4529.07,2144.16,2384.91,108,2
245,2025-01-21,2025,1,4,P002,Dashboard Pro,0,South,Online,15,292.27,4384.05,1785.6,2598.45,135,4
246,2025-01-21,2025,1,4,P003,Data Connector Plus,0,South,Partner,21,148.44,3117.24,1439.13,1678.11,189,5
247,2025-01-21,2025,1,4,P001,Analytics Suite,0,East,Online,11,496.45,5460.95,2203.96,3256.99,110,3
248,2025-01-21,2025,1,4,P002,Dashboard Pro,0,East,Partner,14,290.54,4067.56,1836.38,2231.18,196,2
249,2025-01-21,2025,1,4,P003,Data Connector Plus,0,East,Partner,21,144.87,3042.27,1367.73,1674.54,231,4
250,2025-01-21,2025,1,4,P001,Analytics Suite,0,West,Online,10,497.46,4974.6,1899.8,3074.8,80,2
251,2025-01-21,2025,1,4,P002,Dashboard Pro,0,West,Offline,14,306.9,4296.6,1680.42,2616.18,154,2
252,2025-01-21,2025,1,4,P003,Data Connector Plus,0,West,Online,22,144.96,3189.12,1410.42,1778.7,308,4
253,2025-01-22,2025,1,4,P001,Analytics Suite,0,North,Offline,11,498.99,5488.89,2368.63,3120.26,143,2
254,2025-01-22,2025,1,4,P002,Dashboard Pro,0,North,Offline,13,297.73,3870.49,1691.69,2178.8,117,2
255,2025-01-22,2025,1,4,P003,Data Connector Plus,0,North,Online,24,149.21,3581.04,1555.68,2025.36,288,6
256,2025-01-22,2025,1,4,P001,Analytics Suite,0,South,Partner,10,484.64,4846.4,2149.7,2696.7,80,2
257,2025-01-22,2025,1,4,P002,Dashboard Pro,0,South,Offline,14,290.32,4064.48,1642.48,2422.0,140,3
258,2025-01-22,2025,1,4,P003,Data Connector Plus,0,South,Offline,21,149.73,3144.33,1208.76,1935.57,189,4
259,2025-01-22,2025,1,4,P001,Analytics Suite,0,East,Offline,10,489.27,4892.7,2339.1,2553.6,110,2
260,2025-01-22,2025,1,4,P002,Dashboard Pro,0,East,Offline,14,292.45,4094.3,1570.94,2523.36,154,2
261,2025-01-22,2025,1,4,P003,Data Connector Plus,0,East,Online,25,152.45,3811.25,1644.75,2166.5,250,6
262,2025-01-22,2025,1,4,P001,Analytics Suite,0,West,Offline,10,491.61,4916.1,2008.8,2907.3,90,2
263,2025-01-22,2025,1,4,P002,Dashboard Pro,0,West,Online,13,301.79,3923.27,1635.27,2288.0,182,3
264,2025-01-22,2025,1,4,P003,Data Connector Plus,0,West,Online,25,152.53,3813.25,1638.25,2175.0,225,5
265,2025-01-23,2025,1,4,P001,Analytics Suite,0,North,Offline,11,499.58,5495.38,2321.55,3173.83,143,2
266,2025-01-23,2025,1,4,P002,Dashboard Pro,0,North,Online,17,293.27,4985.59,1934.43,3051.16,136,4
267,2025-01-23,2025,1,4,P003,Data Connector Plus,0,North,Offline,22,149.92,3298.24,1399.64,1898.6,286,4
268,2025-01-23,2025,1,4,P001,Analytics Suite,0,South,Offline,10,511.32,5113.2,2083.4,3029.8,110,2
269,2025-01-23,2025,1,4,P002,Dashboard Pro,0,South,Offline,16,291.38,4662.08,2010.72,2651.36,160,4
270,2025-01-23,2025,1,4,P003,Data Connector Plus,0,South,Partner,21,144.81,3041.01,1393.14,1647.87,273,3
271,2025-01-23,2025,1,4,P001,Analytics Suite,0,East,Online,9,507.34,4566.06,2168.64,2397.42,99,1
272,2025-01-23,2025,1,4,P002,Dashboard Pro,0,East,Online,14,298.1,4173.4,1904.42,2268.98,154,3
273,2025-01-23,2025,1,4,P003,Data Connector Plus,0,East,Offline,23,148.09,3406.07,1621.5,1784.57,207,4
274,2025-01-23,2025,1,4,P001,Analytics Suite,0,West,Partner,9,499.53,4495.77,1826.1,2669.67,72,1
275,2025-01-23,2025,1,4,P002,Dashboard Pro,0,West,Online,15,307.9,4618.5,1847.55,2770.95,165,2
276,2025-01-23,2025,1,4,P003,Data Connector Plus,0,West,Offline,21,146.07,3067.47,1414.35,1653.12,168,5
277,2025-01-24,2025,1,4,P001,Analytics Suite,0,North,Offline,11,504.03,5544.33,2407.46,3136.87,132,2
278,2025-01-24,2025,1,4,P002,Dashboard Pro,0,North,Partner,16,302.8,4844.8,1925.44,2919.36,208,3
279,2025-01-24,2025,1,4,P003,Data Connector Plus,0,North,Offline,22,153.34,3373.48,1548.58,1824.9,198,4
280,2025-01-24,2025,1,4,P001,Analytics Suite,0,South,Offline,10,495.08,4950.8,1945.6,3005.2,120,2
281,2025-01-24,2025,1,4,P002,Dashboard Pro,0,South,Offline,13,297.17,3863.21,1671.15,2192.06,143,3
282,2025-01-24,2025,1,4,P003,Data Connector Plus,0,South,Partner,25,145.19,3629.75,1406.25,2223.5,325,5
283,2025-01-24,2025,1,4,P001,Analytics Suite,0,East,Offline,10,487.87,4878.7,2166.0,2712.7,120,1
284,2025-01-24,2025,1,4,P002,Dashboard Pro,0,East,Partner,17,297.79,5062.43,2344.64,2717.79,136,3
285,2025-01-24,2025,1,4,P003,Data Connector Plus,0,East,Partner,22,145.98,3211.56,1331.44,1880.12,198,6
286,2025-01-24,2025,1,4,P001,Analytics Suite,0,West,Online,11,509.36,5602.96,2664.97,2937.99,143,2
287,2025-01-24,2025,1,4,P002,Dashboard Pro,0,West,Online,15,301.05,4515.75,1792.2,2723.55,195,4
288,2025-01-24,2025,1,4,P003,Data Connector Plus,0,West,Offline,21,150.42,3158.82,1307.04,1851.78,252,5
289,2025-01-25,2025,1,4,P001,Analytics Suite,0,North,Online,5,509.89,2549.45,1165.35,1384.1,65,1
290,2025-01-25,2025,1,4,P002,Dashboard Pro,0,North,Offline,9,300.29,2702.61,1161.63,1540.98,72,2
291,2025-01-25,2025,1,4,P003,Data Connector Plus,0,North,Offline,14,153.08,2143.12,987.42,1155.7,196,3
292,2025-01-25,2025,1,4,P001,Analytics Suite,0,South,Online,6,504.65,3027.9,1297.2,1730.7,66,1
293,2025-01-25,2025,1,4,P002,Dashboard Pro,0,South,Offline,10,295.64,2956.4,1415.5,1540.9,130,2
294,2025-01-25,2025,1,4,P003,Data Connector Plus,0,South,Offline,15,151.33,2269.95,934.95,1335.0,120,3
295,2025-01-25,2025,1,4,P001,Analytics Suite,0,East,Online,6,491.45,2948.7,1399.26,1549.44,60,1
296,2025-01-25,2025,1,4,P002,Dashboard Pro,0,East,Partner,9,307.3,2765.7,1141.56,1624.14,126,2
297,2025-01-25,2025,1,4,P003,Data Connector Plus,0,East,Offline,14,151.35,2118.9,904.12,1214.78,168,3
298,2025-01-25,2025,1,4,P001,Analytics Suite,0,West,Online,6,486.73,2920.38,1392.06,1528.32,66,1
299,2025-01-25,2025,1,4,P002,Dashboard Pro,0,West,Offline,9,290.94,2618.46,1166.31,1452.15,126,2
300,2025-01-25,2025,1,4,P003,Data Connector Plus,0,West,Offline,15,152.1,2281.5,1032.9,1248.6,150,3
301,2025-01-26,2025,1,4,P001,Analytics Suite,0,North,Offline,6,496.02,2976.12,1238.82,1737.3,54,1
302,2025-01-26,2025,1,4,P002,Dashboard Pro,0,North,Offline,9,298.11,2682.99,1284.93,1398.06,126,2
303,2025-01-26,2025,1,4,P003,Data Connector Plus,0,North,Online,14,153.25,2145.5,1027.04,1118.46,196,3
304,2025-01-26,2025,1,4,P001,Analytics Suite,0,South,Offline,6,488.35,2930.1,1259.94,1670.16,66,1
305,2025-01-26,2025,1,4,P002,Dashboard Pro,0,South,Offline,9,296.0,2664.0,1052.01,1611.99,99,2
306,2025-01-26,2025,1,4,P003,Data Connector Plus,0,South,Online,14,152.86,2140.04,1025.22,1114.82,154,3
307,2025-01-26,2025,1,4,P001,Analytics Suite,0,East,Offline,6,494.1,2964.6,1271.76,1692.84,72,1
308,2025-01-26,2025,1,4,P002,Dashboard Pro,0,East,Online,9,290.33,2612.97,1248.93,1364.04,72,2
309,2025-01-26,2025,1,4,P003,Data Connector Plus,0,East,Offline,16,151.01,2416.16,1062.4,1353.76,128,3
310,2025-01-26,2025,1,4,P001,Analytics Suite,0,West,Offline,6,513.13,3078.78,1392.06,1686.72,54,1
311,2025-01-26,2025,1,4,P002,Dashboard Pro,0,West,Offline,9,301.31,2711.79,1133.55,1578.24,126,2
312,2025-01-26,2025,1,4,P003,Data Connector Plus,0,West,Offline,14,149.65,2095.1,800.1,1295.0,126,2
313,2025-01-27,2025,1,5,P001,Analytics Suite,0,North,Online,9,504.7,4542.3,2003.85,2538.45,126,2
314,2025-01-27,2025,1,5,P002,Dashboard Pro,0,North,Offline,16,303.08,4849.28,1943.2,2906.08,192,3
315,2025-01-27,2025,1,5,P003,Data Connector Plus,0,North,Online,24,149.23,3581.52,1525.68,2055.84,216,5
316,2025-01-27,2025,1,5,P001,Analytics Suite,0,South,Partner,10,504.27,5042.7,2240.6,2802.1,130,2
317,2025-01-27,2025,1,5,P002,Dashboard Pro,0,South,Online,15,293.48,4402.2,1804.2,2598.0,180,4
318,2025-01-27,2025,1,5,P003,Data Connector Plus,0,South,Offline,26,151.42,3936.92,1773.46,2163.46,338,5
319,2025-01-27,2025,1,5,P001,Analytics Suite,0,East,Offline,9,511.98,4607.82,1883.61,2724.21,90,2
320,2025-01-27,2025,1,5,P002,Dashboard Pro,0,East,Online,15,306.1,4591.5,2183.1,2408.4,150,3
321,2025-01-27,2025,1,5,P003,Data Connector Plus,0,East,Offline,22,147.1,3236.2,1528.78,1707.42,220,5
322,2025-01-27,2025,1,5,P001,Analytics Suite,0,West,Offline,10,490.44,4904.4,2321.3,2583.1,100,2
323,2025-01-27,2025,1,5,P002,Dashboard Pro,0,West,Offline,13,301.08,3914.04,1507.22,2406.82,117,3
324,2025-01-27,2025,1,5,P003,Data Connector Plus,0,West,Online,22,146.61,3225.42,1457.06,1768.36,220,4
325,2025-01-28,2025,1,5,P001,Analytics Suite,0,North,Offline,10,484.19,4841.9,2036.9,2805.0,90,2
326,2025-01-28,2025,1,5,P002,Dashboard Pro,0,North,Online,16,298.6,4777.6,1968.96,2808.64,160,3
327,2025-01-28,2025,1,5,P003,Data Connector Plus,0,North,Offline,26,145.33,3778.58,1714.96,2063.62,312,6
328,2025-01-28,2025,1,5,P001,Analytics Suite,0,South,Online,9,511.62,4604.58,1830.69,2773.89,126,2
329,2025-01-28,2025,1,5,P002,Dashboard Pro,0,South,Offline,17,297.15,5051.55,2405.67,2645.88,221,4
330,2025-01-28,2025,1,5,P003,Data Connector Plus,0,South,Offline,25,144.61,3615.25,1709.5,1905.75,200,5
331,2025-01-28,2025,1,5,P001,Analytics Suite,0,East,Offline,10,503.23,5032.3,2340.6,2691.7,90,2
332,2025-01-28,2025,1,5,P002,Dashboard Pro,0,East,Online,14,292.05,4088.7,1818.74,2269.96,154,3
333,2025-01-28,2025,1,5,P003,Data Connector Plus,0,East,Online,21,147.54,3098.34,1412.04,1686.3,273,4
334,2025-01-28,2025,1,5,P001,Analytics Suite,0,West,Offline,11,510.89,5619.79,2319.79,3300.0,132,2
335,2025-01-28,2025,1,5,P002,Dashboard Pro,0,West,Offline,13,307.64,3999.32,1522.43,2476.89,117,2
336,2025-01-28,2025,1,5,P003,Data Connector Plus,0,West,Online,23,146.92,3379.16,1528.35,1850.81,276,4
337,2025-01-29,2025,1,5,P001,Analytics Suite,0,North,Online,10,504.77,5047.7,2153.0,2894.7,80,1
338,2025-01-29,2025,1,5,P002,Dashboard Pro,0,North,Partner,15,306.59,4598.85,1890.6,2708.25,210,2
339,2025-01-29,2025,1,5,P003,Data Connector Plus,0,North,Offline,26,147.17,3826.42,1820.26,2006.16,234,5
340,2025-01-29,2025,1,5,P001,Analytics Suite,0,South,Online,10,513.64,5136.4,2233.9,2902.5,130,2
341,2025-01-29,2025,1,5,P002,Dashboard Pro,0,South,Online,15,301.94,4529.1,2029.2,2499.9,135,3
342,2025-01-29,2025,1,5,P003,Data Connector Plus,0,South,Offline,25,149.23,3730.75,1446.75,2284.0,250,5
343,2025-01-29,2025,1,5,P001,Analytics Suite,0,East,Offline,9,500.43,4503.87,1953.18,2550.69,108,1
344,2025-01-29,2025,1,5,P002,Dashboard Pro,0,East,Offline,16,297.96,4767.36,2089.6,2677.76,208,3
345,2025-01-29,2025,1,5,P003,Data Connector Plus,0,East,Offline,23,151.76,3490.48,1471.31,2019.17,276,5
346,2025-01-29,2025,1,5,P001,Analytics Suite,0,West,Online,10,504.17,5041.7,2115.5,2926.2,80,2
347,2025-01-29,2025,1,5,P002,Dashboard Pro,0,West,Online,16,300.4,4806.4,2163.04,2643.36,160,3
348,2025-01-29,2025,1,5,P003,Data Connector Plus,0,West,Partner,21,152.52,3202.92,1227.24,1975.68,231,4
349,2025-01-30,2025,1,5,P001,Analytics Suite,0,North,Partner,10,506.96,5069.6,2415.0,2654.6,130,2
350,2025-01-30,2025,1,5,P002,Dashboard Pro,0,North,Partner,16,298.08,4769.28,1991.52,2777.76,176,3
351,2025-01-30,2025,1,5,P003,Data Connector Plus,0,North,Offline,24,149.35,3584.4,1404.48,2179.92,240,6
352,2025-01-30,2025,1,5,P001,Analytics Suite,0,South,Partner,9,487.84,4390.56,1669.95,2720.61,126,1
353,2025-01-30,2025,1,5,P002,Dashboard Pro,0,South,Offline,14,302.11,4229.54,1767.64,2461.9,168,2
354,2025-01-30,2025,1,5,P003,Data Connector Plus,0,South,Online,23,145.92,3356.16,1532.26,1823.9,299,4
355,2025-01-30,2025,1,5,P001,Analytics Suite,0,East,Partner,10,502.44,5024.4,2030.2,2994.2,80,1
356,2025-01-30,2025,1,5,P002,Dashboard Pro,0,East,Offline,15,298.04,4470.6,1720.65,2749.95,210,3
357,2025-01-30,2025,1,5,P003,Data Connector Plus,0,East,Online,23,146.62,3372.26,1543.07,1829.19,322,4
358,2025-01-30,2025,1,5,P001,Analytics Suite,0,West,Partner,11,491.04,5401.44,2224.75,3176.69,132,2
359,2025-01-30,2025,1,5,P002,Dashboard Pro,0,West,Online,15,295.78,4436.7,2123.25,2313.45,135,3
360,2025-01-30,2025,1,5,P003,Data Connector Plus,0,West,Offline,23,146.99,3380.77,1582.17,1798.6,276,6
361,2025-01-31,2025,1,5,P001,Analytics Suite,0,North,Offline,10,496.82,4968.2,2355.7,2612.5,100,2
362,2025-01-31,2025,1,5,P002,Dashboard Pro,0,North,Online,16,295.75,4732.0,1940.0,2792.0,144,3
363,2025-01-31,2025,1,5,P003,Data Connector Plus,0,North,Online,24,146.68,3520.32,1586.88,1933.44,336,6
364,2025-01-31,2025,1,5,P001,Analytics Suite,0,South,Partner,11,500.87,5509.57,2385.68,3123.89,132,2
365,2025-01-31,2025,1,5,P002,Dashboard Pro,0,South,Online,14,295.95,4143.3,1925.42,2217.88,154,2
366,2025-01-31,2025,1,5,P003,Data Connector Plus,0,South,Online,25,146.23,3655.75,1610.25,2045.5,325,4
367,2025-01-31,2025,1,5,P001,Analytics Suite,0,East,Offline,9,508.12,4573.08,1993.32,2579.76,117,2
368,2025-01-31,2025,1,5,P002,Dashboard Pro,0,East,Partner,16,296.0,4736.0,1900.0,2836.0,128,3
369,2025-01-31,2025,1,5,P003,Data Connector Plus,0,East,Offline,25,151.21,3780.25,1699.5,2080.75,225,6
370,2025-01-31,2025,1,5,P001,Analytics Suite,0,West,Online,9,491.2,4420.8,1848.15,2572.65,90,2
371,2025-01-31,2025,1,5,P002,Dashboard Pro,0,West,Offline,14,294.72,4126.08,1760.22,2365.86,154,3
372,2025-01-31,2025,1,5,P003,Data Connector Plus,0,West,Online,25,151.34,3783.5,1578.0,2205.5,225,5
373,2025-02-01,2025,2,5,P001,Analytics Suite,0,North,Online,6,490.65,2943.9,1281.6,1662.3,60,1
374,2025-02-01,2025,2,5,P002,Dashboard Pro,0,North,Online,10,295.33,2953.3,1234.4,1718.9,90,2
375,2025-02-01,2025,2,5,P003,Data Connector Plus,0,North,Offline,16,150.38,2406.08,1097.92,1308.16,160,3
376,2025-02-01,2025,2,5,P001,Analytics Suite,0,South,Offline,7,506.17,3543.19,1628.06,1915.13,91,1
377,2025-02-01,2025,2,5,P002,Dashboard Pro,0,South,Partner,10,298.79,2987.9,1431.3,1556.6,120,2
378,2025-02-01,2025,2,5,P003,Data Connector Plus,0,South,Online,16,152.03,2432.48,1086.88,1345.6,224,4
379,2025-02-01,2025,2,5,P001,Analytics Suite,0,East,Online,6,509.26,3055.56,1207.26,1848.3,78,1
380,2025-02-01,2025,2,5,P002,Dashboard Pro,0,East,Offline,10,291.11,2911.1,1371.9,1539.2,120,2
381,2025-02-01,2025,2,5,P003,Data Connector Plus,0,East,Online,14,149.29,2090.06,904.82,1185.24,112,2
382,2025-02-01,2025,2,5,P001,Analytics Suite,0,West,Offline,7,484.54,3391.78,1434.93,1956.85,91,1
383,2025-02-01,2025,2,5,P002,Dashboard Pro,0,West,Offline,9,306.5,2758.5,1101.15,1657.35,81,2
384,2025-02-01,2025,2,5,P003,Data Connector Plus,0,West,Online,17,146.92,2497.64,1188.64,1309.0,170,3
385,2025-02-02,2025,2,5,P001,Analytics Suite,0,North,Online,6,504.91,3029.46,1408.08,1621.38,84,1
386,2025-02-02,2025,2,5,P002,Dashboard Pro,0,North,Online,11,303.66,3340.26,1395.24,1945.02,121,2
387,2025-02-02,2025,2,5,P003,Data Connector Plus,0,North,Online,16,150.81,2412.96,1021.6,1391.36,224,4
388,2025-02-02,2025,2,5,P001,Analytics Suite,0,South,Online,6,509.72,3058.32,1443.24,1615.08,72,1
389,2025-02-02,2025,2,5,P002,Dashboard Pro,0,South,Offline,11,302.45,3326.95,1279.74,2047.21,110,2
390,2025-02-02,2025,2,5,P003,Data Connector Plus,0,South,Offline,17,152.57,2593.69,1032.07,1561.62,136,4
391,2025-02-02,2025,2,5,P001,Analytics Suite,0,East,Online,6,490.23,2941.38,1327.38,1614.0,84,1
392,2025-02-02,2025,2,5,P002,Dashboard Pro,0,East,Online,9,292.94,2636.46,1225.8,1410.66,126,2
393,2025-02-02,2025,2,5,P003,Data Connector Plus,0,East,Offline,16,147.96,2367.36,1133.6,1233.76,224,4
394,2025-02-02,2025,2,5,P001,Analytics Suite,0,West,Online,6,513.2,3079.2,1241.58,1837.62,66,1
395,2025-02-02,2025,2,5,P002,Dashboard Pro,0,West,Offline,10,301.04,3010.4,1242.2,1768.2,140,2
396,2025-02-02,2025,2,5,P003,Data Connector Plus,0,West,Online,17,148.56,2525.52,1197.31,1328.21,204,3
397,2025-02-03,2025,2,6,P001,Analytics Suite,0,North,Online,11,503.81,5541.91,2269.63,3272.28,132,2
398,2025-02-03,2025,2,6,P002,Dashboard Pro,0,North,Online,14,294.84,4127.76,1830.22,2297.54,196,3
399,2025-02-03,2025,2,6,P003,Data Connector Plus,0,North,Online,23,145.48,3346.04,1420.25,1925.79,230,5
400,2025-02-03,2025,2,6,P001,Analytics Suite,0,South,Offline,9,486.64,4379.76,1907.28,2472.48,108,1
401,2025-02-03,2025,2,6,P002,Dashboard Pro,0,South,Online,14,296.38,4149.32,1902.18,2247.14,168,3
402,2025-02-03,2025,2,6,P003,Data Connector Plus,0,South,Offline,21,148.23,3112.83,1463.28,1649.55,273,5
403,2025-02-03,2025,2,6,P001,Analytics Suite,0,East,Online,11,501.15,5512.65,2188.23,3324.42,121,2
404,2025-02-03,2025,2,6,P002,Dashboard Pro,0,East,Online,14,292.65,4097.1,1729.42,2367.68,140,3
405,2025-02-03,2025,2,6,P003,Data Connector Plus,0,East,Online,22,146.78,3229.16,1387.1,1842.06,286,5
406,2025-02-03,2025,2,6,P001,Analytics Suite,0,West,Online,10,488.09,4880.9,2016.9,2864.0,110,2
407,2025-02-03,2025,2,6,P002,Dashboard Pro,0,West,Online,16,295.94,4735.04,2189.28,2545.76,224,3
408,2025-02-03,2025,2,6,P003,Data Connector Plus,0,West,Offline,25,147.22,3680.5,1472.5,2208.0,325,5
409,2025-02-04,2025,2,6,P001,Analytics Suite,0,North,Online,11,513.03,5643.33,2501.62,3141.71,143,3
410,2025-02-04,2025,2,6,P002,Dashboard Pro,0,North,Online,16,295.88,4734.08,1984.96,2749.12,224,3
411,2025-02-04,2025,2,6,P003,Data Connector Plus,0,North,Offline,25,149.82,3745.5,1710.75,2034.75,325,4
412,2025-02-04,2025,2,6,P001,Analytics Suite,0,South,Online,11,512.26,5634.86,2305.38,3329.48,154,2
413,2025-02-04,2025,2,6,P002,Dashboard Pro,0,South,Online,17,304.3,5173.1,2037.79,3135.31,187,3
414,2025-02-04,2025,2,6,P003,Data Connector Plus,0,South,Offline,23,145.91,3355.93,1300.19,2055.74,253,6
415,2025-02-04,2025,2,6,P001,Analytics Suite,0,East,Offline,10,496.03,4960.3,2228.0,2732.3,140,2
416,2025-02-04,2025,2,6,P002,Dashboard Pro,0,East,Partner,16,296.48,4743.68,2084.32,2659.36,192,4
417,2025-02-04,2025,2,6,P003,Data Connector Plus,0,East,Offline,22,146.75,3228.5,1435.72,1792.78,198,4
418,2025-02-04,2025,2,6,P001,Analytics Suite,0,West,Online,11,504.31,5547.41,2291.96,3255.45,154,2
419,2025-02-04,2025,2,6,P002,Dashboard Pro,0,West,Online,14,291.8,4085.2,1764.28,2320.92,182,3
420,2025-02-04,2025,2,6,P003,Data Connector Plus,0,West,Online,25,148.52,3713.0,1663.25,2049.75,350,6
421,2025-02-05,2025,2,6,P001,Analytics Suite,0,North,Offline,9,513.9,4625.1,1949.94,2675.16,90,2
422,2025-02-05,2025,2,6,P002,Dashboard Pro,0,North,Online,14,306.91,4296.74,1780.1,2516.64,140,3
423,2025-02-05,2025,2,6,P003,Data Connector Plus,0,North,Online,24,147.64,3543.36,1593.36,1950.0,312,5
424,2025-02-05,2025,2,6,P001,Analytics Suite,0,South,Online,10,508.29,5082.9,2105.9,2977.0,140,1
425,2025-02-05,2025,2,6,P002,Dashboard Pro,0,South,Offline,16,306.71,4907.36,1950.4,2956.96,192,3
426,2025-02-05,2025,2,6,P003,Data Connector Plus,0,South,Online,24,153.1,3674.4,1627.68,2046.72,264,4
427,2025-02-05,2025,2,6,P001,Analytics Suite,0,East,Offline,10,495.87,4958.7,2107.2,2851.5,90,2
428,2025-02-05,2025,2,6,P002,Dashboard Pro,0,East,Online,13,293.88,3820.44,1760.72,2059.72,169,2
429,2025-02-05,2025,2,6,P003,Data Connector Plus,0,East,Online,22,152.33,3351.26,1339.58,2011.68,220,4
430,2025-02-05,2025,2,6,P001,Analytics Suite,0,West,Partner,10,498.69,4986.9,2192.7,2794.2,100,2
431,2025-02-05,2025,2,6,P002,Dashboard Pro,0,West,Partner,16,296.27,4740.32,1883.04,2857.28,192,3
432,2025-02-05,2025,2,6,P003,Data Connector Plus,0,West,Offline,26,152.74,3971.24,1562.34,2408.9,338,4
433,2025-02-06,2025,2,6,P001,Analytics Suite,0,North,Offline,10,489.51,4895.1,2050.3,2844.8,120,2
434,2025-02-06,2025,2,6,P002,Dashboard Pro,0,North,Offline,16,297.62,4761.92,2139.68,2622.24,192,3
435,2025-02-06,2025,2,6,P003,Data Connector Plus,0,North,Offline,27,149.49,4036.23,1609.2,2427.03,243,7
436,2025-02-06,2025,2,6,P001,Analytics Suite,0,South,Partner,10,509.94,5099.4,2007.4,3092.0,110,2
437,2025-02-06,2025,2,6,P002,Dashboard Pro,0,South,Offline,17,299.1,5084.7,2182.29,2902.41,221,4
438,2025-02-06,2025,2,6,P003,Data Connector Plus,0,South,Offline,24,146.03,3504.72,1598.64,1906.08,336,5
439,2025-02-06,2025,2,6,P001,Analytics Suite,0,East,Online,9,500.13,4501.17,1965.06,2536.11,99,2
440,2025-02-06,2025,2,6,P002,Dashboard Pro,0,East,Offline,15,299.19,4487.85,2053.2,2434.65,150,3
441,2025-02-06,2025,2,6,P003,Data Connector Plus,0,East,Online,23,151.88,3493.24,1481.66,2011.58,299,4
442,2025-02-06,2025,2,6,P001,Analytics Suite,0,West,Offline,10,506.07,5060.7,2073.7,2987.0,90,2
443,2025-02-06,2025,2,6,P002,Dashboard Pro,0,West,Offline,15,296.28,4444.2,2073.3,2370.9,165,2
444,2025-02-06,2025,2,6,P003,Data Connector Plus,0,West,Offline,26,146.41,3806.66,1580.02,2226.64,338,6
445,2025-02-07,2025,2,6,P001,Analytics Suite,0,North,Online,10,489.0,4890.0,2256.0,2634.0,90,2
446,2025-02-07,2025,2,6,P002,Dashboard Pro,0,North,Offline,16,299.58,4793.28,1976.64,2816.64,144,4
447,2025-02-07,2025,2,6,P003,Data Connector Plus,0,North,Partner,23,146.92,3379.16,1559.63,1819.53,299,4
448,2025-02-07,2025,2,6,P001,Analytics Suite,0,South,Online,11,496.35,5459.85,2548.15,2911.7,110,2
449,2025-02-07,2025,2,6,P002,Dashboard Pro,0,South,Offline,17,294.51,5006.67,2026.4,2980.27,238,4
450,2025-02-07,2025,2,6,P003,Data Connector Plus,0,South,Offline,24,145.8,3499.2,1474.56,2024.64,312,5
451,2025-02-07,2025,2,6,P001,Analytics Suite,0,East,Online,10,510.38,5103.8,2322.1,2781.7,120,2
452,2025-02-07,2025,2,6,P002,Dashboard Pro,0,East,Offline,17,298.19,5069.23,1927.63,3141.6,204,4
453,2025-02-07,2025,2,6,P003,Data Connector Plus,0,East,Offline,26,151.06,3927.56,1766.44,2161.12,338,6
454,2025-02-07,2025,2,6,P001,Analytics Suite,0,West,Partner,11,495.94,5455.34,2188.56,3266.78,154,2
455,2025-02-07,2025,2,6,P002,Dashboard Pro,0,West,Offline,17,296.09,5033.53,2341.75,2691.78,204,4
456,2025-02-07,2025,2,6,P003,Data Connector Plus,0,West,Online,26,151.34,3934.84,1803.62,2131.22,338,5
457,2025-02-08,2025,2,6,P001,Analytics Suite,0,North,Offline,6,509.71,3058.26,1465.44,1592.82,48,1
458,2025-02-08,2025,2,6,P002,Dashboard Pro,0,North,Partner,11,306.34,3369.74,1334.08,2035.66,110,3
459,2025-02-08,2025,2,6,P003,Data Connector Plus,0,North,Online,15,150.38,2255.7,1007.1,1248.6,150,3
460,2025-02-08,2025,2,6,P001,Analytics Suite,0,South,Offline,6,502.76,3016.56,1216.92,1799.64,84,1
461,2025-02-08,2025,2,6,P002,Dashboard Pro,0,South,Offline,10,290.05,2900.5,1274.4,1626.1,90,2
462,2025-02-08,2025,2,6,P003,Data Connector Plus,0,South,Online,15,144.6,2169.0,1038.6,1130.4,120,3
463,2025-02-08,2025,2,6,P001,Analytics Suite,0,East,Online,6,486.15,2916.9,1343.52,1573.38,78,1
464,2025-02-08,2025,2,6,P002,Dashboard Pro,0,East,Online,9,295.4,2658.6,1210.5,1448.1,126,1
465,2025-02-08,2025,2,6,P003,Data Connector Plus,0,East,Offline,17,145.81,2478.77,1093.27,1385.5,136,3
466,2025-02-08,2025,2,6,P001,Analytics Suite,0,West,Offline,6,490.41,2942.46,1299.42,1643.04,66,1
467,2025-02-08,2025,2,6,P002,Dashboard Pro,0,West,Online,9,306.11,2754.99,1209.33,1545.66,72,1
468,2025-02-08,2025,2,6,P003,Data Connector Plus,0,West,Online,17,147.34,2504.78,1113.33,1391.45,170,3
469,2025-02-09,2025,2,6,P001,Analytics Suite,0,North,Online,7,505.62,3539.34,1354.43,2184.91,91,1
470,2025-02-09,2025,2,6,P002,Dashboard Pro,0,North,Offline,11,293.72,3230.92,1469.38,1761.54,99,2
471,2025-02-09,2025,2,6,P003,Data Connector Plus,0,North,Partner,14,152.56,2135.84,894.04,1241.8,154,2
472,2025-02-09,2025,2,6,P001,Analytics Suite,0,South,Partner,7,486.16,3403.12,1629.04,1774.08,56,1
473,2025-02-09,2025,2,6,P002,Dashboard Pro,0,South,Offline,9,305.47,2749.23,1194.93,1554.3,90,1
474,2025-02-09,2025,2,6,P003,Data Connector Plus,0,South,Online,15,153.36,2300.4,889.65,1410.75,180,3
475,2025-02-09,2025,2,6,P001,Analytics Suite,0,East,Offline,6,485.84,2915.04,1191.24,1723.8,72,1
476,2025-02-09,2025,2,6,P002,Dashboard Pro,0,East,Online,10,297.63,2976.3,1290.7,1685.6,130,2
477,2025-02-09,2025,2,6,P003,Data Connector Plus,0,East,Offline,15,147.3,2209.5,1054.95,1154.55,135,2
478,2025-02-09,2025,2,6,P001,Analytics Suite,0,West,Offline,6,501.59,3009.54,1348.62,1660.92,78,1
479,2025-02-09,2025,2,6,P002,Dashboard Pro,0,West,Partner,10,303.13,3031.3,1226.0,1805.3,80,2
480,2025-02-09,2025,2,6,P003,Data Connector Plus,0,West,Online,14,150.0,2100.0,953.82,1146.18,182,3
481,2025-02-10,2025,2,7,P001,Analytics Suite,0,North,Offline,9,505.22,4546.98,1953.54,2593.44,81,1
482,2025-02-10,2025,2,7,P002,Dashboard Pro,0,North,Online,15,304.79,4571.85,1795.35,2776.5,150,3
483,2025-02-10,2025,2,7,P003,Data Connector Plus,0,North,Offline,23,152.45,3506.35,1449.92,2056.43,184,5
484,2025-02-10,2025,2,7,P001,Analytics Suite,0,South,Partner,10,491.9,4919.0,1907.1,3011.9,130,2
485,2025-02-10,2025,2,7,P002,Dashboard Pro,0,South,Offline,15,298.99,4484.85,1774.8,2710.05,150,3
486,2025-02-10,2025,2,7,P003,Data Connector Plus,0,South,Online,26,150.56,3914.56,1686.62,2227.94,338,4
487,2025-02-10,2025,2,7,P001,Analytics Suite,0,East,Offline,11,491.35,5404.85,2551.23,2853.62,121,2
488,2025-02-10,2025,2,7,P002,Dashboard Pro,0,East,Offline,17,290.66,4941.22,2243.66,2697.56,221,3
489,2025-02-10,2025,2,7,P003,Data Connector Plus,0,East,Offline,23,148.25,3409.75,1577.34,1832.41,230,5
490,2025-02-10,2025,2,7,P001,Analytics Suite,0,West,Online,9,504.19,4537.71,2089.35,2448.36,81,2
491,2025-02-10,2025,2,7,P002,Dashboard Pro,0,West,Offline,17,291.27,4951.59,2264.57,2687.02,170,3
492,2025-02-10,2025,2,7,P003,Data Connector Plus,0,West,Online,22,148.61,3269.42,1426.7,1842.72,220,4
493,2025-02-11,2025,2,7,P001,Analytics Suite,0,North,Offline,10,497.92,4979.2,2388.9,2590.3,110,2
494,2025-02-11,2025,2,7,P002,Dashboard Pro,0,North,Offline,16,299.84,4797.44,1826.08,2971.36,144,3
495,2025-02-11,2025,2,7,P003,Data Connector Plus,0,North,Offline,23,147.63,3395.49,1613.22,1782.27,184,4
496,2025-02-11,2025,2,7,P001,Analytics Suite,0,South,Offline,10,509.45,5094.5,2040.4,3054.1,80,2
497,2025-02-11,2025,2,7,P002,Dashboard Pro,0,South,Partner,15,307.27,4609.05,2079.45,2529.6,135,2
498,2025-02-11,2025,2,7,P003,Data Connector Plus,0,South,Offline,27,152.55,4118.85,1934.01,2184.84,351,6
499,2025-02-11,2025,2,7,P001,Analytics Suite,0,East,Offline,11,501.42,5515.62,2548.15,2967.47,143,2
500,2025-02-11,2025,2,7,P002,Dashboard Pro,0,East,Partner,16,297.83,4765.28,1949.76,2815.52,144,4
501,2025-02-11,2025,2,7,P003,Data Connector Plus,0,East,Offline,27,148.04,3997.08,1645.92,2351.16,270,5
502,2025-02-11,2025,2,7,P001,Analytics Suite,0,West,Offline,9,490.1,4410.9,1724.22,2686.68,108,1
503,2025-02-11,2025,2,7,P002,Dashboard Pro,0,West,Online,15,295.66,4434.9,2113.05,2321.85,150,3
504,2025-02-11,2025,2,7,P003,Data Connector Plus,0,West,Online,23,146.9,3378.7,1556.87,1821.83,207,4
505,2025-02-12,2025,2,7,P001,Analytics Suite,0,North,Online,11,502.09,5522.99,2279.75,3243.24,154,2
506,2025-02-12,2025,2,7,P002,Dashboard Pro,0,North,Offline,14,296.41,4149.74,1700.86,2448.88,182,3
507,2025-02-12,2025,2,7,P003,Data Connector Plus,0,North,Partner,22,153.04,3366.88,1531.2,1835.68,264,4
508,2025-02-12,2025,2,7,P001,Analytics Suite,0,South,Online,10,508.1,5081.0,1962.1,3118.9,80,2
509,2025-02-12,2025,2,7,P002,Dashboard Pro,0,South,Online,14,293.58,4110.12,1820.84,2289.28,182,3
510,2025-02-12,2025,2,7,P003,Data Connector Plus,0,South,Offline,25,146.84,3671.0,1761.0,1910.0,200,4
511,2025-02-12,2025,2,7,P001,Analytics Suite,0,East,Online,10,508.26,5082.6,2352.9,2729.7,140,2
512,2025-02-12,2025,2,7,P002,Dashboard Pro,0,East,Online,14,298.3,4176.2,1767.92,2408.28,168,3
513,2025-02-12,2025,2,7,P003,Data Connector Plus,0,East,Offline,24,147.95,3550.8,1425.6,2125.2,240,4
514,2025-02-12,2025,2,7,P001,Analytics Suite,0,West,Online,10,510.48,5104.8,2254.8,2850.0,120,2
515,2025-02-12,2025,2,7,P002,Dashboard Pro,0,West,Offline,15,305.87,4588.05,1871.85,2716.2,120,2
516,2025-02-12,2025,2,7,P003,Data Connector Plus,0,West,Offline,22,152.44,3353.68,1607.76,1745.92,286,5
517,2025-02-13,2025,2,7,P001,Analytics Suite,0,North,Offline,9,495.48,4459.32,1937.34,2521.98,99,2
518,2025-02-13,2025,2,7,P002,Dashboard Pro,0,North,Online,17,299.04,5083.68,1944.97,3138.71,153,4
519,2025-02-13,2025,2,7,P003,Data Connector Plus,0,North,Online,21,151.78,3187.38,1527.33,1660.05,294,4
520,2025-02-13,2025,2,7,P001,Analytics Suite,0,South,Partner,11,513.96,5653.56,2288.44,3365.12,88,2
521,2025-02-13,2025,2,7,P002,Dashboard Pro,0,South,Offline,15,304.22,4563.3,2188.8,2374.5,210,3
522,2025-02-13,2025,2,7,P003,Data Connector Plus,0,South,Online,26,151.66,3943.16,1889.42,2053.74,364,5
523,2025-02-13,2025,2,7,P001,Analytics Suite,0,East,Offline,9,493.55,4441.95,2093.94,2348.01,90,1
524,2025-02-13,2025,2,7,P002,Dashboard Pro,0,East,Offline,16,307.03,4912.48,2332.64,2579.84,192,4
525,2025-02-13,2025,2,7,P003,Data Connector Plus,0,East,Offline,26,153.21,3983.46,1708.98,2274.48,234,4
526,2025-02-13,2025,2,7,P001,Analytics Suite,0,West,Offline,9,490.58,4415.22,1824.21,2591.01,72,2
527,2025-02-13,2025,2,7,P002,Dashboard Pro,0,West,Online,17,296.14,5034.38,2338.18,2696.2,238,3
528,2025-02-13,2025,2,7,P003,Data Connector Plus,0,West,Partner,21,149.77,3145.17,1229.97,1915.2,294,4
529,2025-02-14,2025,2,7,P001,Analytics Suite,0,North,Offline,10,486.2,4862.0,2039.9,2822.1,130,1
530,2025-02-14,2025,2,7,P002,Dashboard Pro,0,North,Online,15,292.48,4387.2,2014.5,2372.7,165,4
531,2025-02-14,2025,2,7,P003,Data Connector Plus,0,North,Partner,25,146.09,3652.25,1712.75,1939.5,325,6
532,2025-02-14,2025,2,7,P001,Analytics Suite,0,South,Offline,10,503.96,5039.6,2069.7,2969.9,110,2
533,2025-02-14,2025,2,7,P002,Dashboard Pro,0,South,Partner,14,303.11,4243.54,1778.7,2464.84,168,3
534,2025-02-14,2025,2,7,P003,Data Connector Plus,0,South,Offline,27,144.82,3910.14,1864.08,2046.06,378,5
535,2025-02-14,2025,2,7,P001,Analytics Suite,0,East,Online,10,512.07,5120.7,1985.7,3135.0,130,2
536,2025-02-14,2025,2,7,P002,Dashboard Pro,0,East,Partner,15,301.44,4521.6,2038.8,2482.8,210,3
537,2025-02-14,2025,2,7,P003,Data Connector Plus,0,East,Online,26,148.52,3861.52,1734.98,2126.54,234,5
538,2025-02-14,2025,2,7,P001,Analytics Suite,0,West,Online,11,505.6,5561.6,2520.87,3040.73,121,3
539,2025-02-14,2025,2,7,P002,Dashboard Pro,0,West,Online,17,298.88,5080.96,2121.43,2959.53,204,4
540,2025-02-14,2025,2,7,P003,Data Connector Plus,0,West,Offline,26,149.7,3892.2,1542.32,2349.88,234,4
541,2025-02-15,2025,2,7,P001,Analytics Suite,0,North,Online,7,492.86,3450.02,1336.58,2113.44,56,1
542,2025-02-15,2025,2,7,P002,Dashboard Pro,0,North,Offline,9,303.16,2728.44,1129.05,1599.39,72,2
543,2025-02-15,2025,2,7,P003,Data Connector Plus,0,North,Offline,17,150.83,2564.11,1016.6,1547.51,221,4
544,2025-02-15,2025,2,7,P001,Analytics Suite,0,South,Online,6,487.06,2922.36,1230.12,1692.24,54,1
545,2025-02-15,2025,2,7,P002,Dashboard Pro,0,South,Offline,11,299.72,3296.92,1331.11,1965.81,110,2
546,2025-02-15,2025,2,7,P003,Data Connector Plus,0,South,Online,16,152.04,2432.64,925.28,1507.36,160,3
547,2025-02-15,2025,2,7,P001,Analytics Suite,0,East,Offline,7,502.75,3519.25,1346.38,2172.87,56,1
548,2025-02-15,2025,2,7,P002,Dashboard Pro,0,East,Partner,9,291.5,2623.5,1202.85,1420.65,90,2
549,2025-02-15,2025,2,7,P003,Data Connector Plus,0,East,Offline,17,146.9,2497.3,995.18,1502.12,187,4
550,2025-02-15,2025,2,7,P001,Analytics Suite,0,West,Online,6,497.38,2984.28,1212.66,1771.62,66,1
551,2025-02-15,2025,2,7,P002,Dashboard Pro,0,West,Offline,10,292.74,2927.4,1137.5,1789.9,80,2
552,2025-02-15,2025,2,7,P003,Data Connector Plus,0,West,Offline,16,153.21,2451.36,946.4,1504.96,192,3
553,2025-02-16,2025,2,7,P001,Analytics Suite,0,North,Offline,6,512.94,3077.64,1345.74,1731.9,66,1
554,2025-02-16,2025,2,7,P002,Dashboard Pro,0,North,Partner,9,297.11,2673.99,1150.38,1523.61,72,2
555,2025-02-16,2025,2,7,P003,Data Connector Plus,0,North,Offline,17,150.59,2560.03,1215.84,1344.19,136,3
556,2025-02-16,2025,2,7,P001,Analytics Suite,0,South,Online,7,489.03,3423.21,1344.0,2079.21,63,1
557,2025-02-16,2025,2,7,P002,Dashboard Pro,0,South,Partner,11,297.84,3276.24,1293.38,1982.86,143,2
558,2025-02-16,2025,2,7,P003,Data Connector Plus,0,South,Offline,15,151.03,2265.45,948.75,1316.7,120,3
559,2025-02-16,2025,2,7,P001,Analytics Suite,0,East,Offline,6,492.3,2953.8,1126.08,1827.72,84,1
560,2025-02-16,2025,2,7,P002,Dashboard Pro,0,East,Online,10,304.05,3040.5,1200.5,1840.0,90,2
561,2025-02-16,2025,2,7,P003,Data Connector Plus,0,East,Partner,17,152.93,2599.81,1190.51,1409.3,204,4
562,2025-02-16,2025,2,7,P001,Analytics Suite,0,West,Partner,7,510.38,3572.66,1494.43,2078.23,70,1
563,2025-02-16,2025,2,7,P002,Dashboard Pro,0,West,Online,10,290.7,2907.0,1284.4,1622.6,90,2
564,2025-02-16,2025,2,7,P003,Data Connector Plus,0,West,Partner,15,148.07,2221.05,896.7,1324.35,195,3
565,2025-02-17,2025,2,8,P001,Analytics Suite,0,North,Online,11,510.89,5619.79,2581.59,3038.2,154,2
566,2025-02-17,2025,2,8,P002,Dashboard Pro,0,North,Offline,17,305.43,5192.31,2091.51,3100.8,238,3
567,2025-02-17,2025,2,8,P003,Data Connector Plus,0,North,Online,26,151.45,3937.7,1660.36,2277.34,338,6
568,2025-02-17,2025,2,8,P001,Analytics Suite,0,South,Offline,9,490.36,4413.24,1890.81,2522.43,117,2
569,2025-02-17,2025,2,8,P002,Dashboard Pro,0,South,Offline,15,291.04,4365.6,1794.75,2570.85,120,3
570,2025-02-17,2025,2,8,P003,Data Connector Plus,0,South,Partner,22,152.14,3347.08,1330.12,2016.96,176,5
571,2025-02-17,2025,2,8,P001,Analytics Suite,0,East,Online,9,485.76,4371.84,2062.62,2309.22,72,2
572,2025-02-17,2025,2,8,P002,Dashboard Pro,0,East,Offline,14,304.8,4267.2,2015.44,2251.76,182,3
573,2025-02-17,2025,2,8,P003,Data Connector Plus,0,East,Offline,23,148.9,3424.7,1463.95,1960.75,322,5
574,2025-02-17,2025,2,8,P001,Analytics Suite,0,West,Online,10,509.11,5091.1,2285.3,2805.8,140,2
575,2025-02-17,2025,2,8,P002,Dashboard Pro,0,West,Offline,15,292.95,4394.25,2046.45,2347.8,135,3
576,2025-02-17,2025,2,8,P003,Data Connector Plus,0,West,Online,25,146.94,3673.5,1713.5,1960.0,200,6
577,2025-02-18,2025,2,8,P001,Analytics Suite,0,North,Online,11,498.22,5480.42,2411.97,3068.45,99,1
578,2025-02-18,2025,2,8,P002,Dashboard Pro,0,North,Online,14,304.47,4262.58,1893.78,2368.8,182,3
579,2025-02-18,2025,2,8,P003,Data Connector Plus,0,North,Online,23,147.65,3395.95,1393.11,2002.84,253,5
580,2025-02-18,2025,2,8,P001,Analytics Suite,0,South,Online,10,501.53,5015.3,2390.5,2624.8,130,2
581,2025-02-18,2025,2,8,P002,Dashboard Pro,0,South,Online,16,300.68,4810.88,1880.16,2930.72,208,2
582,2025-02-18,2025,2,8,P003,Data Connector Plus,0,South,Partner,27,150.26,4057.02,1807.92,2249.1,270,7
583,2025-02-18,2025,2,8,P001,Analytics Suite,0,East,Offline,10,489.67,4896.7,2301.3,2595.4,90,2
584,2025-02-18,2025,2,8,P002,Dashboard Pro,0,East,Offline,16,300.79,4812.64,1896.16,2916.48,208,2
585,2025-02-18,2025,2,8,P003,Data Connector Plus,0,East,Partner,24,147.17,3532.08,1479.36,2052.72,264,4
586,2025-02-18,2025,2,8,P001,Analytics Suite,0,West,Online,11,501.16,5512.76,2488.09,3024.67,143,2
587,2025-02-18,2025,2,8,P002,Dashboard Pro,0,West,Partner,16,298.56,4776.96,2057.6,2719.36,160,4
588,2025-02-18,2025,2,8,P003,Data Connector Plus,0,West,Online,26,152.37,3961.62,1691.82,2269.8,208,6
589,2025-02-19,2025,2,8,P001,Analytics Suite,0,North,Partner,11,500.77,5508.47,2588.74,2919.73,143,2
590,2025-02-19,2025,2,8,P002,Dashboard Pro,0,North,Partner,14,294.04,4116.56,1888.74,2227.82,154,2
591,2025-02-19,2025,2,8,P003,Data Connector Plus,0,North,Partner,23,147.16,3384.68,1304.33,2080.35,253,5
592,2025-02-19,2025,2,8,P001,Analytics Suite,0,South,Offline,10,502.61,5026.1,2161.5,2864.6,90,2
593,2025-02-19,2025,2,8,P002,Dashboard Pro,0,South,Online,15,295.38,4430.7,1750.5,2680.2,210,4
594,2025-02-19,2025,2,8,P003,Data Connector Plus,0,South,Partner,23,153.36,3527.28,1390.81,2136.47,253,6
595,2025-02-19,2025,2,8,P001,Analytics Suite,0,East,Online,9,486.45,4378.05,1800.9,2577.15,81,1
596,2025-02-19,2025,2,8,P002,Dashboard Pro,0,East,Offline,15,293.79,4406.85,2011.5,2395.35,180,3
597,2025-02-19,2025,2,8,P003,Data Connector Plus,0,East,Offline,26,145.32,3778.32,1597.96,2180.36,338,5
598,2025-02-19,2025,2,8,P001,Analytics Suite,0,West,Offline,10,484.17,4841.7,2020.5,2821.2,130,1
599,2025-02-19,2025,2,8,P002,Dashboard Pro,0,West,Online,15,304.98,4574.7,1740.3,2834.4,195,3
600,2025-02-19,2025,2,8,P003,Data Connector Plus,0,West,Online,23,152.37,3504.51,1466.02,2038.49,184,5
601,2025-02-20,2025,2,8,P001,Analytics Suite,0,North,Online,9,508.7,4578.3,1948.5,2629.8,90,2
602,2025-02-20,2025,2,8,P002,Dashboard Pro,0,North,Offline,15,297.81,4467.15,1850.55,2616.6,135,4
603,2025-02-20,2025,2,8,P003,Data Connector Plus,0,North,Partner,23,146.21,3362.83,1413.58,1949.25,322,4
604,2025-02-20,2025,2,8,P001,Analytics Suite,0,South,Offline,11,487.96,5367.56,2310.55,3057.01,132,2
605,2025-02-20,2025,2,8,P002,Dashboard Pro,0,South,Online,16,304.24,4867.84,1974.24,2893.6,208,3
606,2025-02-20,2025,2,8,P003,Data Connector Plus,0,South,Offline,21,153.42,3221.82,1493.73,1728.09,273,3
607,2025-02-20,2025,2,8,P001,Analytics Suite,0,East,Online,9,497.33,4475.97,1913.22,2562.75,90,1
608,2025-02-20,2025,2,8,P002,Dashboard Pro,0,East,Online,16,301.34,4821.44,1880.8,2940.64,208,3
609,2025-02-20,2025,2,8,P003,Data Connector Plus,0,East,Online,25,150.79,3769.75,1625.25,2144.5,200,6
610,2025-02-20,2025,2,8,P001,Analytics Suite,0,West,Offline,10,507.53,5075.3,2030.0,3045.3,120,2
611,2025-02-20,2025,2,8,P002,Dashboard Pro,0,West,Offline,15,293.65,4404.75,1744.5,2660.25,150,3
612,2025-02-20,2025,2,8,P003,Data Connector Plus,0,West,Offline,27,150.68,4068.36,1547.1,2521.26,243,6
613,2025-02-21,2025,2,8,P001,Analytics Suite,0,North,Offline,11,509.04,5599.44,2659.47,2939.97,99,2
614,2025-02-21,2025,2,8,P002,Dashboard Pro,0,North,Partner,14,303.01,4242.14,1710.1,2532.04,182,3
615,2025-02-21,2025,2,8,P003,Data Connector Plus,0,North,Online,23,148.68,3419.64,1598.5,1821.14,207,6
616,2025-02-21,2025,2,8,P001,Analytics Suite,0,South,Offline,10,504.29,5042.9,1964.2,3078.7,80,2
617,2025-02-21,2025,2,8,P002,Dashboard Pro,0,South,Offline,14,305.31,4274.34,1764.7,2509.64,126,3
618,2025-02-21,2025,2,8,P003,Data Connector Plus,0,South,Offline,27,146.93,3967.11,1830.87,2136.24,270,5
619,2025-02-21,2025,2,8,P001,Analytics Suite,0,East,Online,10,512.84,5128.4,2302.6,2825.8,110,2
620,2025-02-21,2025,2,8,P002,Dashboard Pro,0,East,Online,15,305.93,4588.95,2063.25,2525.7,135,2
621,2025-02-21,2025,2,8,P003,Data Connector Plus,0,East,Online,27,145.95,3940.65,1687.77,2252.88,324,6
622,2025-02-21,2025,2,8,P001,Analytics Suite,0,West,Offline,10,502.33,5023.3,1923.3,3100.0,120,2
623,2025-02-21,2025,2,8,P002,Dashboard Pro,0,West,Online,17,307.49,5227.33,2045.44,3181.89,187,3
624,2025-02-21,2025,2,8,P003,Data Connector Plus,0,West,Online,21,146.87,3084.27,1439.76,1644.51,273,4
625,2025-02-22,2025,2,8,P001,Analytics Suite,0,North,Online,7,505.7,3539.9,1654.24,1885.66,91,1
626,2025-02-22,2025,2,8,P002,Dashboard Pro,0,North,Offline,10,301.12,3011.2,1219.1,1792.1,130,2
627,2025-02-22,2025,2,8,P003,Data Connector Plus,0,North,Offline,16,147.97,2367.52,1110.88,1256.64,192,3
628,2025-02-22,2025,2,8,P001,Analytics Suite,0,South,Offline,6,512.01,3072.06,1429.08,1642.98,66,1
629,2025-02-22,2025,2,8,P002,Dashboard Pro,0,South,Online,9,298.85,2689.65,1035.63,1654.02,90,1
630,2025-02-22,2025,2,8,P003,Data Connector Plus,0,South,Online,16,148.14,2370.24,1005.92,1364.32,176,3
631,2025-02-22,2025,2,8,P001,Analytics Suite,0,East,Online,6,498.95,2993.7,1360.68,1633.02,66,1
632,2025-02-22,2025,2,8,P002,Dashboard Pro,0,East,Offline,10,290.67,2906.7,1131.0,1775.7,140,2
633,2025-02-22,2025,2,8,P003,Data Connector Plus,0,East,Offline,16,147.25,2356.0,1049.44,1306.56,144,3
634,2025-02-22,2025,2,8,P001,Analytics Suite,0,West,Offline,6,508.74,3052.44,1298.64,1753.8,84,1
635,2025-02-22,2025,2,8,P002,Dashboard Pro,0,West,Offline,10,298.52,2985.2,1269.5,1715.7,130,1
636,2025-02-22,2025,2,8,P003,Data Connector Plus,0,West,Online,16,144.55,2312.8,1101.92,1210.88,208,3
637,2025-02-23,2025,2,8,P001,Analytics Suite,0,North,Online,6,505.05,3030.3,1300.74,1729.56,54,1
638,2025-02-23,2025,2,8,P002,Dashboard Pro,0,North,Online,10,297.37,2973.7,1185.8,1787.9,90,2
639,2025-02-23,2025,2,8,P003,Data Connector Plus,0,North,Offline,15,148.62,2229.3,922.5,1306.8,195,3
640,2025-02-23,2025,2,8,P001,Analytics Suite,0,South,Offline,6,502.99,3017.94,1379.82,1638.12,48,1
641,2025-02-23,2025,2,8,P002,Dashboard Pro,0,South,Online,10,307.18,3071.8,1168.6,1903.2,110,2
642,2025-02-23,2025,2,8,P003,Data Connector Plus,0,South,Offline,16,148.4,2374.4,1087.68,1286.72,192,4
643,2025-02-23,2025,2,8,P001,Analytics Suite,0,East,Offline,7,489.23,3424.61,1434.02,1990.59,56,1
644,2025-02-23,2025,2,8,P002,Dashboard Pro,0,East,Online,11,299.07,3289.77,1551.44,1738.33,132,2
645,2025-02-23,2025,2,8,P003,Data Connector Plus,0,East,Partner,15,153.14,2297.1,1057.8,1239.3,165,2
646,2025-02-23,2025,2,8,P001,Analytics Suite,0,West,Offline,7,510.57,3573.99,1608.81,1965.18,98,1
647,2025-02-23,2025,2,8,P002,Dashboard Pro,0,West,Offline,10,306.81,3068.1,1230.2,1837.9,90,2
648,2025-02-23,2025,2,8,P003,Data Connector Plus,0,West,Online,16,152.77,2444.32,1087.68,1356.64,208,4
649,2025-02-24,2025,2,9,P001,Analytics Suite,0,North,Online,10,504.82,5048.2,2302.4,2745.8,80,2
650,2025-02-24,2025,2,9,P002,Dashboard Pro,0,North,Offline,16,306.94,4911.04,2233.44,2677.6,208,4
651,2025-02-24,2025,2,9,P003,Data Connector Plus,0,North,Offline,23,152.1,3498.3,1366.66,2131.64,276,5
652,2025-02-24,2025,2,9,P001,Analytics Suite,0,South,Online,9,485.72,4371.48,1731.51,2639.97,126,1
653,2025-02-24,2025,2,9,P002,Dashboard Pro,0,South,Offline,14,305.09,4271.26,1710.24,2561.02,140,3
654,2025-02-24,2025,2,9,P003,Data Connector Plus,0,South,Offline,23,148.58,3417.34,1551.35,1865.99,299,6
655,2025-02-24,2025,2,9,P001,Analytics Suite,0,East,Online,11,500.83,5509.13,2532.42,2976.71,154,2
656,2025-02-24,2025,2,9,P002,Dashboard Pro,0,East,Online,16,290.87,4653.92,2213.76,2440.16,176,4
657,2025-02-24,2025,2,9,P003,Data Connector Plus,0,East,Online,23,149.47,3437.81,1376.09,2061.72,230,6
658,2025-02-24,2025,2,9,P001,Analytics Suite,0,West,Online,11,497.3,5470.3,2464.22,3006.08,143,2
659,2025-02-24,2025,2,9,P002,Dashboard Pro,0,West,Offline,16,299.84,4797.44,2170.88,2626.56,224,3
660,2025-02-24,2025,2,9,P003,Data Connector Plus,0,West,Online,24,153.32,3679.68,1668.72,2010.96,216,4
661,2025-02-25,2025,2,9,P001,Analytics Suite,0,North,Online,9,492.39,4431.51,1942.74,2488.77,81,1
662,2025-02-25,2025,2,9,P002,Dashboard Pro,0,North,Online,15,302.76,4541.4,2147.4,2394.0,135,3
663,2025-02-25,2025,2,9,P003,Data Connector Plus,0,North,Partner,26,150.12,3903.12,1674.66,2228.46,260,6
664,2025-02-25,2025,2,9,P001,Analytics Suite,0,South,Online,10,507.5,5075.0,2414.2,2660.8,90,2
665,2025-02-25,2025,2,9,P002,Dashboard Pro,0,South,Offline,16,292.89,4686.24,1823.84,2862.4,176,3
666,2025-02-25,2025,2,9,P003,Data Connector Plus,0,South,Online,22,147.5,3245.0,1541.54,1703.46,198,5
667,2025-02-25,2025,2,9,P001,Analytics Suite,0,East,Offline,10,500.84,5008.4,1907.6,3100.8,130,2
668,2025-02-25,2025,2,9,P002,Dashboard Pro,0,East,Offline,15,306.26,4593.9,1857.75,2736.15,180,2
669,2025-02-25,2025,2,9,P003,Data Connector Plus,0,East,Offline,26,147.94,3846.44,1610.18,2236.26,208,6
670,2025-02-25,2025,2,9,P001,Analytics Suite,0,West,Offline,10,511.32,5113.2,2206.0,2907.2,100,2
671,2025-02-25,2025,2,9,P002,Dashboard Pro,0,West,Offline,15,295.35,4430.25,1911.15,2519.1,150,4
672,2025-02-25,2025,2,9,P003,Data Connector Plus,0,West,Offline,22,153.08,3367.76,1490.94,1876.82,176,4
673,2025-02-26,2025,2,9,P001,Analytics Suite,0,North,Offline,10,490.41,4904.1,1914.5,2989.6,140,2
674,2025-02-26,2025,2,9,P002,Dashboard Pro,0,North,Offline,16,307.54,4920.64,2271.68,2648.96,208,2
675,2025-02-26,2025,2,9,P003,Data Connector Plus,0,North,Offline,25,144.74,3618.5,1406.75,2211.75,200,4
676,2025-02-26,2025,2,9,P001,Analytics Suite,0,South,Offline,11,500.74,5508.14,2594.9,2913.24,99,2
677,2025-02-26,2025,2,9,P002,Dashboard Pro,0,South,Online,15,297.29,4459.35,1994.85,2464.5,165,3
678,2025-02-26,2025,2,9,P003,Data Connector Plus,0,South,Offline,25,150.06,3751.5,1442.75,2308.75,300,6
679,2025-02-26,2025,2,9,P001,Analytics Suite,0,East,Online,10,499.08,4990.8,2046.9,2943.9,130,1
680,2025-02-26,2025,2,9,P002,Dashboard Pro,0,East,Online,16,297.88,4766.08,1825.76,2940.32,208,3
681,2025-02-26,2025,2,9,P003,Data Connector Plus,0,East,Offline,22,151.21,3326.62,1445.62,1881.0,308,6
682,2025-02-26,2025,2,9,P001,Analytics Suite,0,West,Partner,9,504.31,4538.79,2118.33,2420.46,126,2
683,2025-02-26,2025,2,9,P002,Dashboard Pro,0,West,Partner,17,290.23,4933.91,1935.62,2998.29,153,3
684,2025-02-26,2025,2,9,P003,Data Connector Plus,0,West,Partner,25,149.33,3733.25,1497.0,2236.25,250,6
685,2025-02-27,2025,2,9,P001,Analytics Suite,0,North,Partner,11,490.37,5394.07,2326.17,3067.9,154,2
686,2025-02-27,2025,2,9,P002,Dashboard Pro,0,North,Online,14,305.01,4270.14,1909.18,2360.96,126,3
687,2025-02-27,2025,2,9,P003,Data Connector Plus,0,North,Partner,22,151.24,3327.28,1417.9,1909.38,264,5
688,2025-02-27,2025,2,9,P001,Analytics Suite,0,South,Online,10,486.05,4860.5,2129.2,2731.3,130,2
689,2025-02-27,2025,2,9,P002,Dashboard Pro,0,South,Online,15,302.07,4531.05,2002.5,2528.55,150,4
690,2025-02-27,2025,2,9,P003,Data Connector Plus,0,South,Offline,23,148.56,3416.88,1535.25,1881.63,230,4
691,2025-02-27,2025,2,9,P001,Analytics Suite,0,East,Partner,10,508.21,5082.1,1933.7,3148.4,90,2
692,2025-02-27,2025,2,9,P002,Dashboard Pro,0,East,Offline,14,303.3,4246.2,1766.24,2479.96,196,3
693,2025-02-27,2025,2,9,P003,Data Connector Plus,0,East,Offline,23,148.82,3422.86,1405.3,2017.56,322,5
694,2025-02-27,2025,2,9,P001,Analytics Suite,0,West,Partner,9,502.19,4519.71,2091.06,2428.65,126,2
695,2025-02-27,2025,2,9,P002,Dashboard Pro,0,West,Offline,14,303.19,4244.66,1645.0,2599.66,182,2
696,2025-02-27,2025,2,9,P003,Data Connector Plus,0,West,Offline,24,144.81,3475.44,1588.08,1887.36,264,4
697,2025-02-28,2025,2,9,P001,Analytics Suite,0,North,Partner,9,491.83,4426.47,1890.99,2535.48,108,2
698,2025-02-28,2025,2,9,P002,Dashboard Pro,0,North,Offline,15,294.04,4410.6,2054.1,2356.5,195,2
699,2025-02-28,2025,2,9,P003,Data Connector Plus,0,North,Online,24,145.34,3488.16,1556.64,1931.52,192,6
700,2025-02-28,2025,2,9,P001,Analytics Suite,0,South,Online,11,502.41,5526.51,2177.67,3348.84,132,2
701,2025-02-28,2025,2,9,P002,Dashboard Pro,0,South,Partner,16,300.18,4802.88,2178.56,2624.32,144,3
702,2025-02-28,2025,2,9,P003,Data Connector Plus,0,South,Offline,23,146.49,3369.27,1369.42,1999.85,184,4
703,2025-02-28,2025,2,9,P001,Analytics Suite,0,East,Offline,10,499.54,4995.4,2132.9,2862.5,110,2
704,2025-02-28,2025,2,9,P002,Dashboard Pro,0,East,Online,14,307.62,4306.68,2053.66,2253.02,182,3
705,2025-02-28,2025,2,9,P003,Data Connector Plus,0,East,Offline,23,151.16,3476.68,1381.61,2095.07,276,5
706,2025-02-28,2025,2,9,P001,Analytics Suite,0,West,Offline,10,503.59,5035.9,2040.3,2995.6,120,2
707,2025-02-28,2025,2,9,P002,Dashboard Pro,0,West,Offline,14,297.31,4162.34,1784.3,2378.04,140,3
708,2025-02-28,2025,2,9,P003,Data Connector Plus,0,West,Online,25,149.02,3725.5,1501.25,2224.25,225,5
709,2025-03-01,2025,3,9,P001,Analytics Suite,0,North,Online,7,488.53,3419.71,1544.76,1874.95,84,1
710,2025-03-01,2025,3,9,P002,Dashboard Pro,0,North,Offline,10,304.58,3045.8,1363.1,1682.7,110,2
711,2025-03-01,2025,3,9,P003,Data Connector Plus,0,North,Online,17,150.32,2555.44,982.09,1573.35,153,4
712,2025-03-01,2025,3,9,P001,Analytics Suite,0,South,Online,6,502.88,3017.28,1190.88,1826.4,72,1
713,2025-03-01,2025,3,9,P002,Dashboard Pro,0,South,Online,12,299.3,3591.6,1593.84,1997.76,144,3
714,2025-03-01,2025,3,9,P003,Data Connector Plus,0,South,Partner,18,151.87,2733.66,1161.54,1572.12,162,5
715,2025-03-01,2025,3,9,P001,Analytics Suite,0,East,Offline,8,489.14,3913.12,1542.8,2370.32,96,1
716,2025-03-01,2025,3,9,P002,Dashboard Pro,0,East,Offline,11,301.21,3313.31,1498.97,1814.34,99,2
717,2025-03-01,2025,3,9,P003,Data Connector Plus,0,East,Online,17,149.81,2546.77,1001.47,1545.3,187,3
718,2025-03-01,2025,3,9,P001,Analytics Suite,0,West,Offline,7,511.26,3578.82,1413.51,2165.31,98,1
719,2025-03-01,2025,3,9,P002,Dashboard Pro,0,West,Online,11,301.06,3311.66,1434.4,1877.26,154,2
720,2025-03-01,2025,3,9,P003,Data Connector Plus,0,West,Partner,15,150.42,2256.3,1044.15,1212.15,180,4
721,2025-03-02,2025,3,9,P001,Analytics Suite,0,North,Offline,7,503.47,3524.29,1647.52,1876.77,70,1
722,2025-03-02,2025,3,9,P002,Dashboard Pro,0,North,Offline,10,306.87,3068.7,1283.1,1785.6,140,2
723,2025-03-02,2025,3,9,P003,Data Connector Plus,0,North,Offline,18,151.34,2724.12,1151.1,1573.02,144,3
724,2025-03-02,2025,3,9,P001,Analytics Suite,0,South,Online,7,511.28,3578.96,1673.77,1905.19,84,1
725,2025-03-02,2025,3,9,P002,Dashboard Pro,0,South,Offline,10,302.75,3027.5,1308.6,1718.9,120,2
726,2025-03-02,2025,3,9,P003,Data Connector Plus,0,South,Offline,16,146.37,2341.92,974.72,1367.2,176,3
727,2025-03-02,2025,3,9,P001,Analytics Suite,0,East,Partner,7,491.62,3441.34,1502.06,1939.28,77,1
728,2025-03-02,2025,3,9,P002,Dashboard Pro,0,East,Online,12,297.16,3565.92,1634.52,1931.4,144,2
729,2025-03-02,2025,3,9,P003,Data Connector Plus,0,East,Online,16,149.49,2391.84,1047.04,1344.8,160,4
730,2025-03-02,2025,3,9,P001,Analytics Suite,0,West,Partner,7,488.16,3417.12,1554.07,1863.05,56,1
731,2025-03-02,2025,3,9,P002,Dashboard Pro,0,West,Online,11,292.93,3222.23,1477.74,1744.49,121,2
732,2025-03-02,2025,3,9,P003,Data Connector Plus,0,West,Online,17,150.65,2561.05,1220.26,1340.79,187,3
733,2025-03-03,2025,3,10,P001,Analytics Suite,0,North,Partner,10,488.38,4883.8,1898.9,2984.9,110,2
734,2025-03-03,2025,3,10,P002,Dashboard Pro,0,North,Offline,16,300.96,4815.36,2125.44,2689.92,176,3
735,2025-03-03,2025,3,10,P003,Data Connector Plus,0,North,Partner,27,149.87,4046.49,1608.66,2437.83,378,6
736,2025-03-03,2025,3,10,P001,Analytics Suite,0,South,Partner,10,509.5,5095.0,2081.8,3013.2,120,1
737,2025-03-03,2025,3,10,P002,Dashboard Pro,0,South,Online,17,299.28,5087.76,2276.3,2811.46,153,3
738,2025-03-03,2025,3,10,P003,Data Connector Plus,0,South,Online,27,153.25,4137.75,1894.86,2242.89,270,5
739,2025-03-03,2025,3,10,P001,Analytics Suite,0,East,Offline,11,501.58,5517.38,2484.79,3032.59,143,2
740,2025-03-03,2025,3,10,P002,Dashboard Pro,0,East,Offline,17,303.06,5152.02,2137.07,3014.95,204,4
741,2025-03-03,2025,3,10,P003,Data Connector Plus,0,East,Online,25,149.95,3748.75,1640.0,2108.75,275,5
742,2025-03-03,2025,3,10,P001,Analytics Suite,0,West,Online,11,487.22,5359.42,2218.81,3140.61,110,2
743,2025-03-03,2025,3,10,P002,Dashboard Pro,0,West,Offline,17,294.65,5009.05,2191.47,2817.58,238,4
744,2025-03-03,2025,3,10,P003,Data Connector Plus,0,West,Offline,29,149.56,4337.24,1795.39,2541.85,406,7
745,2025-03-04,2025,3,10,P001,Analytics Suite,0,North,Partner,11,510.87,5619.57,2200.77,3418.8,121,2
746,2025-03-04,2025,3,10,P002,Dashboard Pro,0,North,Offline,17,307.87,5233.79,2407.71,2826.08,153,3
747,2025-03-04,2025,3,10,P003,Data Connector Plus,0,North,Offline,25,149.32,3733.0,1511.25,2221.75,250,4
748,2025-03-04,2025,3,10,P001,Analytics Suite,0,South,Online,11,508.61,5594.71,2392.61,3202.1,99,2
749,2025-03-04,2025,3,10,P002,Dashboard Pro,0,South,Partner,18,294.86,5307.48,2510.64,2796.84,234,3
750,2025-03-04,2025,3,10,P003,Data Connector Plus,0,South,Online,28,146.63,4105.64,1645.0,2460.64,280,5
751,2025-03-04,2025,3,10,P001,Analytics Suite,0,East,Online,10,502.55,5025.5,1969.9,3055.6,80,1
752,2025-03-04,2025,3,10,P002,Dashboard Pro,0,East,Online,18,298.87,5379.66,2335.5,3044.16,252,3
753,2025-03-04,2025,3,10,P003,Data Connector Plus,0,East,Offline,26,150.08,3902.08,1821.82,2080.26,312,5
754,2025-03-04,2025,3,10,P001,Analytics Suite,0,West,Online,12,511.46,6137.52,2792.64,3344.88,108,2
755,2025-03-04,2025,3,10,P002,Dashboard Pro,0,West,Partner,17,297.62,5059.54,2176.85,2882.69,136,3
756,2025-03-04,2025,3,10,P003,Data Connector Plus,0,West,Partner,27,146.09,3944.43,1703.16,2241.27,351,5
757,2025-03-05,2025,3,10,P001,Analytics Suite,0,North,Online,10,504.21,5042.1,2080.1,2962.0,80,2
758,2025-03-05,2025,3,10,P002,Dashboard Pro,0,North,Online,16,299.87,4797.92,2283.04,2514.88,176,3
759,2025-03-05,2025,3,10,P003,Data Connector Plus,0,North,Online,24,148.32,3559.68,1485.12,2074.56,336,6
760,2025-03-05,2025,3,10,P001,Analytics Suite,0,South,Online,10,489.42,4894.2,2195.5,2698.7,120,2
761,2025-03-05,2025,3,10,P002,Dashboard Pro,0,South,Offline,18,304.46,5480.28,2291.22,3189.06,252,3
762,2025-03-05,2025,3,10,P003,Data Connector Plus,0,South,Offline,29,145.87,4230.23,1785.82,2444.41,261,5
763,2025-03-05,2025,3,10,P001,Analytics Suite,0,East,Offline,12,502.91,6034.92,2767.2,3267.72,120,2
764,2025-03-05,2025,3,10,P002,Dashboard Pro,0,East,Online,17,300.22,5103.74,2022.83,3080.91,221,3
765,2025-03-05,2025,3,10,P003,Data Connector Plus,0,East,Online,25,152.03,3800.75,1571.5,2229.25,325,5
766,2025-03-05,2025,3,10,P001,Analytics Suite,0,West,Online,11,511.93,5631.23,2371.71,3259.52,88,2
767,2025-03-05,2025,3,10,P002,Dashboard Pro,0,West,Offline,17,300.89,5115.13,2275.79,2839.34,221,3
768,2025-03-05,2025,3,10,P003,Data Connector Plus,0,West,Offline,28,147.7,4135.6,1891.96,2243.64,308,6
769,2025-03-06,2025,3,10,P001,Analytics Suite,0,North,Offline,10,502.4,5024.0,2345.3,2678.7,90,2
770,2025-03-06,2025,3,10,P002,Dashboard Pro,0,North,Offline,18,297.6,5356.8,2490.3,2866.5,198,3
771,2025-03-06,2025,3,10,P003,Data Connector Plus,0,North,Online,24,146.57,3517.68,1586.64,1931.04,240,5
772,2025-03-06,2025,3,10,P001,Analytics Suite,0,South,Offline,11,510.61,5616.71,2554.42,3062.29,110,2
773,2025-03-06,2025,3,10,P002,Dashboard Pro,0,South,Partner,16,293.03,4688.48,2122.88,2565.6,144,3
774,2025-03-06,2025,3,10,P003,Data Connector Plus,0,South,Online,29,150.79,4372.91,1835.41,2537.5,261,5
775,2025-03-06,2025,3,10,P001,Analytics Suite,0,East,Online,12,498.2,5978.4,2509.2,3469.2,168,3
776,2025-03-06,2025,3,10,P002,Dashboard Pro,0,East,Online,15,294.74,4421.1,2091.9,2329.2,195,3
777,2025-03-06,2025,3,10,P003,Data Connector Plus,0,East,Offline,24,151.12,3626.88,1425.84,2201.04,216,6
778,2025-03-06,2025,3,10,P001,Analytics Suite,0,West,Partner,10,503.9,5039.0,2350.3,2688.7,100,2
779,2025-03-06,2025,3,10,P002,Dashboard Pro,0,West,Offline,18,306.8,5522.4,2633.94,2888.46,162,4
780,2025-03-06,2025,3,10,P003,Data Connector Plus,0,West,Offline,24,149.87,3596.88,1682.4,1914.48,312,5
781,2025-03-07,2025,3,10,P001,Analytics Suite,0,North,Partner,11,500.01,5500.11,2386.89,3113.22,121,2
782,2025-03-07,2025,3,10,P002,Dashboard Pro,0,North,Online,16,296.59,4745.44,1808.32,2937.12,160,3
783,2025-03-07,2025,3,10,P003,Data Connector Plus,0,North,Online,28,145.75,4081.0,1554.28,2526.72,336,7
784,2025-03-07,2025,3,10,P001,Analytics Suite,0,South,Online,12,498.31,5979.72,2749.44,3230.28,132,2
785,2025-03-07,2025,3,10,P002,Dashboard Pro,0,South,Online,18,299.86,5397.48,2286.9,3110.58,216,3
786,2025-03-07,2025,3,10,P003,Data Connector Plus,0,South,Offline,27,150.31,4058.37,1648.89,2409.48,243,6
787,2025-03-07,2025,3,10,P001,Analytics Suite,0,East,Partner,10,506.92,5069.2,2278.1,2791.1,140,2
788,2025-03-07,2025,3,10,P002,Dashboard Pro,0,East,Online,17,299.57,5092.69,2369.8,2722.89,153,3
789,2025-03-07,2025,3,10,P003,Data Connector Plus,0,East,Offline,25,150.22,3755.5,1690.25,2065.25,250,5
790,2025-03-07,2025,3,10,P001,Analytics Suite,0,West,Partner,10,488.59,4885.9,1947.5,2938.4,80,1
791,2025-03-07,2025,3,10,P002,Dashboard Pro,0,West,Offline,16,302.86,4845.76,1885.12,2960.64,144,2
792,2025-03-07,2025,3,10,P003,Data Connector Plus,0,West,Offline,24,148.29,3558.96,1707.6,1851.36,264,5
793,2025-03-08,2025,3,10,P001,Analytics Suite,0,North,Partner,7,493.92,3457.44,1333.22,2124.22,63,1
794,2025-03-08,2025,3,10,P002,Dashboard Pro,0,North,Online,9,298.46,2686.14,1087.92,1598.22,126,1
795,2025-03-08,2025,3,10,P003,Data Connector Plus,0,North,Offline,15,153.24,2298.6,1050.75,1247.85,165,3
796,2025-03-08,2025,3,10,P001,Analytics Suite,0,South,Offline,7,485.03,3395.21,1322.09,2073.12,98,1
797,2025-03-08,2025,3,10,P002,Dashboard Pro,0,South,Partner,10,297.01,2970.1,1175.7,1794.4,100,2
798,2025-03-08,2025,3,10,P003,Data Connector Plus,0,South,Online,18,149.44,2689.92,1193.94,1495.98,198,3
799,2025-03-08,2025,3,10,P001,Analytics Suite,0,East,Online,8,509.89,4079.12,1646.32,2432.8,64,1
800,2025-03-08,2025,3,10,P002,Dashboard Pro,0,East,Offline,9,304.28,2738.52,1256.76,1481.76,99,1
801,2025-03-08,2025,3,10,P003,Data Connector Plus,0,East,Offline,15,151.53,2272.95,898.95,1374.0,180,3
802,2025-03-08,2025,3,10,P001,Analytics Suite,0,West,Offline,6,499.0,2994.0,1416.42,1577.58,60,1
803,2025-03-08,2025,3,10,P002,Dashboard Pro,0,West,Offline,11,291.1,3202.1,1388.53,1813.57,143,2
804,2025-03-08,2025,3,10,P003,Data Connector Plus,0,West,Offline,17,147.36,2505.12,1141.55,1363.57,221,4
805,2025-03-09,2025,3,10,P001,Analytics Suite,0,North,Offline,7,489.81,3428.67,1551.27,1877.4,70,1
806,2025-03-09,2025,3,10,P002,Dashboard Pro,0,North,Offline,9,302.71,2724.39,1225.17,1499.22,108,1
807,2025-03-09,2025,3,10,P003,Data Connector Plus,0,North,Offline,15,147.64,2214.6,1033.65,1180.95,150,3
808,2025-03-09,2025,3,10,P001,Analytics Suite,0,South,Offline,8,488.83,3910.64,1601.68,2308.96,88,1
809,2025-03-09,2025,3,10,P002,Dashboard Pro,0,South,Offline,10,290.04,2900.4,1314.9,1585.5,110,2
810,2025-03-09,2025,3,10,P003,Data Connector Plus,0,South,Offline,17,147.78,2512.26,1135.77,1376.49,170,4
811,2025-03-09,2025,3,10,P001,Analytics Suite,0,East,Offline,7,495.63,3469.41,1584.03,1885.38,77,1
812,2025-03-09,2025,3,10,P002,Dashboard Pro,0,East,Online,10,297.38,2973.8,1285.6,1688.2,80,1
813,2025-03-09,2025,3,10,P003,Data Connector Plus,0,East,Partner,18,145.69,2622.42,1024.56,1597.86,162,3
814,2025-03-09,2025,3,10,P001,Analytics Suite,0,West,Online,6,503.24,3019.44,1306.14,1713.3,66,1
815,2025-03-09,2025,3,10,P002,Dashboard Pro,0,West,Offline,10,296.6,2966.0,1131.0,1835.0,80,2
816,2025-03-09,2025,3,10,P003,Data Connector Plus,0,West,Offline,17,152.83,2598.11,1195.44,1402.67,187,3
817,2025-03-10,2025,3,11,P001,Analytics Suite,0,North,Online,11,512.12,5633.32,2588.08,3045.24,110,2
818,2025-03-10,2025,3,11,P002,Dashboard Pro,0,North,Offline,17,299.52,5091.84,2089.64,3002.2,238,4
819,2025-03-10,2025,3,11,P003,Data Connector Plus,0,North,Offline,29,145.4,4216.6,1764.65,2451.95,348,5
820,2025-03-10,2025,3,11,P001,Analytics Suite,0,South,Partner,11,501.1,5512.1,2507.56,3004.54,132,2
821,2025-03-10,2025,3,11,P002,Dashboard Pro,0,South,Online,15,301.49,4522.35,2036.25,2486.1,165,3
822,2025-03-10,2025,3,11,P003,Data Connector Plus,0,South,Offline,24,151.61,3638.64,1505.52,2133.12,288,4
823,2025-03-10,2025,3,11,P001,Analytics Suite,0,East,Online,12,497.29,5967.48,2595.96,3371.52,120,3
824,2025-03-10,2025,3,11,P002,Dashboard Pro,0,East,Offline,18,297.43,5353.74,2422.98,2930.76,252,4
825,2025-03-10,2025,3,11,P003,Data Connector Plus,0,East,Offline,27,146.44,3953.88,1602.99,2350.89,351,7
826,2025-03-10,2025,3,11,P001,Analytics Suite,0,West,Offline,11,495.92,5455.12,2397.89,3057.23,110,2
827,2025-03-10,2025,3,11,P002,Dashboard Pro,0,West,Online,19,295.45,5613.55,2253.78,3359.77,171,4
828,2025-03-10,2025,3,11,P003,Data Connector Plus,0,West,Offline,28,152.96,4282.88,1846.6,2436.28,336,6
829,2025-03-11,2025,3,11,P001,Analytics Suite,0,North,Offline,11,486.85,5355.35,2109.14,3246.21,99,2
830,2025-03-11,2025,3,11,P002,Dashboard Pro,0,North,Offline,17,294.21,5001.57,2185.86,2815.71,136,4
831,2025-03-11,2025,3,11,P003,Data Connector Plus,0,North,Online,24,145.22,3485.28,1384.56,2100.72,264,6
832,2025-03-11,2025,3,11,P001,Analytics Suite,0,South,Partner,11,501.28,5514.08,2449.48,3064.6,132,2
833,2025-03-11,2025,3,11,P002,Dashboard Pro,0,South,Offline,18,296.87,5343.66,2209.32,3134.34,252,4
834,2025-03-11,2025,3,11,P003,Data Connector Plus,0,South,Online,26,152.85,3974.1,1600.3,2373.8,364,6
835,2025-03-11,2025,3,11,P001,Analytics Suite,0,East,Offline,11,484.37,5328.07,2053.48,3274.59,121,2
836,2025-03-11,2025,3,11,P002,Dashboard Pro,0,East,Online,16,300.16,4802.56,1931.04,2871.52,208,2
837,2025-03-11,2025,3,11,P003,Data Connector Plus,0,East,Offline,28,148.04,4145.12,1813.56,2331.56,336,5
838,2025-03-11,2025,3,11,P001,Analytics Suite,0,West,Online,11,507.57,5583.27,2167.77,3415.5,110,2
839,2025-03-11,2025,3,11,P002,Dashboard Pro,0,West,Online,15,297.19,4457.85,1887.6,2570.25,180,3
840,2025-03-11,2025,3,11,P003,Data Connector Plus,0,West,Online,28,148.83,4167.24,1855.28,2311.96,308,5
841,2025-03-12,2025,3,11,P001,Analytics Suite,0,North,Online,11,506.06,5566.66,2263.58,3303.08,88,2
842,2025-03-12,2025,3,11,P002,Dashboard Pro,0,North,Online,17,300.36,5106.12,2156.62,2949.5,187,3
843,2025-03-12,2025,3,11,P003,Data Connector Plus,0,North,Online,25,149.84,3746.0,1487.0,2259.0,250,5
844,2025-03-12,2025,3,11,P001,Analytics Suite,0,South,Offline,12,508.07,6096.84,2344.2,3752.64,132,3
845,2025-03-12,2025,3,11,P002,Dashboard Pro,0,South,Offline,15,296.74,4451.1,1729.65,2721.45,210,3
846,2025-03-12,2025,3,11,P003,Data Connector Plus,0,South,Online,24,150.08,3601.92,1664.16,1937.76,336,4
847,2025-03-12,2025,3,11,P001,Analytics Suite,0,East,Offline,11,487.36,5360.96,2215.07,3145.89,88,2
848,2025-03-12,2025,3,11,P002,Dashboard Pro,0,East,Offline,15,299.83,4497.45,1926.3,2571.15,180,3
849,2025-03-12,2025,3,11,P003,Data Connector Plus,0,East,Online,24,150.78,3618.72,1703.04,1915.68,288,5
850,2025-03-12,2025,3,11,P001,Analytics Suite,0,West,Online,10,485.83,4858.3,2146.4,2711.9,130,1
851,2025-03-12,2025,3,11,P002,Dashboard Pro,0,West,Online,17,290.18,4933.06,2201.67,2731.39,170,4
852,2025-03-12,2025,3,11,P003,Data Connector Plus,0,West,Online,25,145.49,3637.25,1522.75,2114.5,325,6
853,2025-03-13,2025,3,11,P001,Analytics Suite,0,North,Partner,11,505.28,5558.08,2593.8,2964.28,121,2
854,2025-03-13,2025,3,11,P002,Dashboard Pro,0,North,Offline,15,299.01,4485.15,1714.05,2771.1,195,3
855,2025-03-13,2025,3,11,P003,Data Connector Plus,0,North,Online,26,147.51,3835.26,1464.32,2370.94,234,6
856,2025-03-13,2025,3,11,P001,Analytics Suite,0,South,Partner,11,493.08,5423.88,2210.67,3213.21,132,2
857,2025-03-13,2025,3,11,P002,Dashboard Pro,0,South,Partner,16,296.98,4751.68,2254.24,2497.44,128,4
858,2025-03-13,2025,3,11,P003,Data Connector Plus,0,South,Online,24,147.59,3542.16,1377.12,2165.04,216,5
859,2025-03-13,2025,3,11,P001,Analytics Suite,0,East,Offline,12,502.37,6028.44,2542.44,3486.0,108,2
860,2025-03-13,2025,3,11,P002,Dashboard Pro,0,East,Offline,16,295.63,4730.08,2053.92,2676.16,176,3
861,2025-03-13,2025,3,11,P003,Data Connector Plus,0,East,Offline,24,149.37,3584.88,1411.68,2173.2,336,5
862,2025-03-13,2025,3,11,P001,Analytics Suite,0,West,Offline,12,511.26,6135.12,2420.4,3714.72,168,3
863,2025-03-13,2025,3,11,P002,Dashboard Pro,0,West,Offline,18,295.73,5323.14,2085.84,3237.3,234,3
864,2025-03-13,2025,3,11,P003,Data Connector Plus,0,West,Offline,29,151.03,4379.87,2085.39,2294.48,319,6
865,2025-03-14,2025,3,11,P001,Analytics Suite,0,North,Offline,12,508.63,6103.56,2486.52,3617.04,156,3
866,2025-03-14,2025,3,11,P002,Dashboard Pro,0,North,Offline,15,293.34,4400.1,1943.55,2456.55,180,3
867,2025-03-14,2025,3,11,P003,Data Connector Plus,0,North,Online,27,149.86,4046.22,1682.91,2363.31,216,6
868,2025-03-14,2025,3,11,P001,Analytics Suite,0,South,Offline,11,499.07,5489.77,2442.66,3047.11,143,2
869,2025-03-14,2025,3,11,P002,Dashboard Pro,0,South,Online,16,298.53,4776.48,1830.4,2946.08,144,4
870,2025-03-14,2025,3,11,P003,Data Connector Plus,0,South,Online,23,146.94,3379.62,1511.1,1868.52,299,4
871,2025-03-14,2025,3,11,P001,Analytics Suite,0,East,Partner,10,489.33,4893.3,2283.8,2609.5,110,2
872,2025-03-14,2025,3,11,P002,Dashboard Pro,0,East,Online,16,298.24,4771.84,2183.68,2588.16,176,3
873,2025-03-14,2025,3,11,P003,Data Connector Plus,0,East,Online,28,150.97,4227.16,1848.0,2379.16,364,6
874,2025-03-14,2025,3,11,P001,Analytics Suite,0,West,Online,11,505.11,5556.21,2362.25,3193.96,88,2
875,2025-03-14,2025,3,11,P002,Dashboard Pro,0,West,Offline,15,307.9,4618.5,2209.35,2409.15,165,2
876,2025-03-14,2025,3,11,P003,Data Connector Plus,0,West,Partner,25,151.37,3784.25,1548.25,2236.0,225,5
877,2025-03-15,2025,3,11,P001,Analytics Suite,0,North,Offline,7,508.81,3561.67,1458.31,2103.36,77,1
878,2025-03-15,2025,3,11,P002,Dashboard Pro,0,North,Offline,11,306.24,3368.64,1432.2,1936.44,143,2
879,2025-03-15,2025,3,11,P003,Data Connector Plus,0,North,Partner,15,151.49,2272.35,987.6,1284.75,195,3
880,2025-03-15,2025,3,11,P001,Analytics Suite,0,South,Offline,7,484.78,3393.46,1593.48,1799.98,91,1
881,2025-03-15,2025,3,11,P002,Dashboard Pro,0,South,Offline,10,295.84,2958.4,1359.8,1598.6,130,2
882,2025-03-15,2025,3,11,P003,Data Connector Plus,0,South,Offline,15,145.55,2183.25,848.25,1335.0,150,3
883,2025-03-15,2025,3,11,P001,Analytics Suite,0,East,Offline,7,513.23,3592.61,1501.22,2091.39,63,1
884,2025-03-15,2025,3,11,P002,Dashboard Pro,0,East,Offline,11,306.4,3370.4,1571.46,1798.94,143,2
885,2025-03-15,2025,3,11,P003,Data Connector Plus,0,East,Online,15,151.41,2271.15,933.3,1337.85,150,3
886,2025-03-15,2025,3,11,P001,Analytics Suite,0,West,Online,7,502.79,3519.53,1675.45,1844.08,63,1
887,2025-03-15,2025,3,11,P002,Dashboard Pro,0,West,Offline,11,290.25,3192.75,1386.77,1805.98,121,1
888,2025-03-15,2025,3,11,P003,Data Connector Plus,0,West,Offline,18,146.66,2639.88,1123.02,1516.86,198,4
889,2025-03-16,2025,3,11,P001,Analytics Suite,0,North,Partner,7,484.23,3389.61,1498.14,1891.47,70,1
890,2025-03-16,2025,3,11,P002,Dashboard Pro,0,North,Online,11,290.91,3200.01,1327.7,1872.31,143,2
891,2025-03-16,2025,3,11,P003,Data Connector Plus,0,North,Offline,15,149.7,2245.5,1059.9,1185.6,150,2
892,2025-03-16,2025,3,11,P001,Analytics Suite,0,South,Offline,7,489.37,3425.59,1528.1,1897.49,84,1
893,2025-03-16,2025,3,11,P002,Dashboard Pro,0,South,Partner,11,300.12,3301.32,1445.62,1855.7,143,3
894,2025-03-16,2025,3,11,P003,Data Connector Plus,0,South,Online,15,147.21,2208.15,1020.15,1188.0,165,3
895,2025-03-16,2025,3,11,P001,Analytics Suite,0,East,Offline,8,485.97,3887.76,1747.44,2140.32,64,1
896,2025-03-16,2025,3,11,P002,Dashboard Pro,0,East,Offline,11,299.44,3293.84,1270.83,2023.01,132,2
897,2025-03-16,2025,3,11,P003,Data Connector Plus,0,East,Online,19,149.26,2835.94,1273.0,1562.94,247,5
898,2025-03-16,2025,3,11,P001,Analytics Suite,0,West,Offline,8,492.63,3941.04,1599.92,2341.12,80,1
899,2025-03-16,2025,3,11,P002,Dashboard Pro,0,West,Offline,11,306.66,3373.26,1457.17,1916.09,121,2
900,2025-03-16,2025,3,11,P003,Data Connector Plus,0,West,Offline,17,146.14,2484.38,1016.26,1468.12,221,3
901,2025-03-17,2025,3,12,P001,Analytics Suite,0,North,Offline,10,497.95,4979.5,2314.5,2665.0,130,2
902,2025-03-17,2025,3,12,P002,Dashboard Pro,0,North,Online,19,297.46,5651.74,2603.19,3048.55,228,3
903,2025-03-17,2025,3,12,P003,Data Connector Plus,0,North,Online,27,150.7,4068.9,1671.3,2397.6,216,6
904,2025-03-17,2025,3,12,P001,Analytics Suite,0,South,Offline,10,484.21,4842.1,2031.8,2810.3,100,2
905,2025-03-17,2025,3,12,P002,Dashboard Pro,0,South,Online,18,304.96,5489.28,2271.42,3217.86,252,4
906,2025-03-17,2025,3,12,P003,Data Connector Plus,0,South,Offline,29,151.66,4398.14,1739.71,2658.43,319,6
907,2025-03-17,2025,3,12,P001,Analytics Suite,0,East,Offline,12,510.85,6130.2,2583.24,3546.96,168,3
908,2025-03-17,2025,3,12,P002,Dashboard Pro,0,East,Offline,18,295.4,5317.2,2315.7,3001.5,180,3
909,2025-03-17,2025,3,12,P003,Data Connector Plus,0,East,Partner,27,147.5,3982.5,1654.29,2328.21,378,7
910,2025-03-17,2025,3,12,P001,Analytics Suite,0,West,Partner,10,484.96,4849.6,2101.9,2747.7,130,1
911,2025-03-17,2025,3,12,P002,Dashboard Pro,0,West,Online,17,293.39,4987.63,2270.18,2717.45,238,4
912,2025-03-17,2025,3,12,P003,Data Connector Plus,0,West,Online,25,144.81,3620.25,1693.25,1927.0,275,5
913,2025-03-18,2025,3,12,P001,Analytics Suite,0,North,Offline,12,493.09,5917.08,2314.92,3602.16,108,3
914,2025-03-18,2025,3,12,P002,Dashboard Pro,0,North,Offline,18,306.42,5515.56,2536.56,2979.0,144,4
915,2025-03-18,2025,3,12,P003,Data Connector Plus,0,North,Offline,24,147.57,3541.68,1531.2,2010.48,336,6
916,2025-03-18,2025,3,12,P001,Analytics Suite,0,South,Offline,10,510.13,5101.3,2283.7,2817.6,120,1
917,2025-03-18,2025,3,12,P002,Dashboard Pro,0,South,Offline,18,298.27,5368.86,2102.4,3266.46,216,3
918,2025-03-18,2025,3,12,P003,Data Connector Plus,0,South,Partner,23,152.11,3498.53,1492.7,2005.83,230,4
919,2025-03-18,2025,3,12,P001,Analytics Suite,0,East,Online,11,503.76,5541.36,2526.04,3015.32,132,2
920,2025-03-18,2025,3,12,P002,Dashboard Pro,0,East,Online,15,293.63,4404.45,1814.25,2590.2,180,3
921,2025-03-18,2025,3,12,P003,Data Connector Plus,0,East,Online,24,145.86,3500.64,1665.6,1835.04,192,5
922,2025-03-18,2025,3,12,P001,Analytics Suite,0,West,Offline,10,500.27,5002.7,1971.8,3030.9,100,2
923,2025-03-18,2025,3,12,P002,Dashboard Pro,0,West,Online,16,294.42,4710.72,2210.4,2500.32,192,3
924,2025-03-18,2025,3,12,P003,Data Connector Plus,0,West,Partner,23,144.79,3330.17,1300.65,2029.52,184,4
925,2025-03-19,2025,3,12,P001,Analytics Suite,0,North,Offline,11,489.39,5383.29,2384.47,2998.82,132,2
926,2025-03-19,2025,3,12,P002,Dashboard Pro,0,North,Online,16,296.41,4742.56,2140.32,2602.24,144,3
927,2025-03-19,2025,3,12,P003,Data Connector Plus,0,North,Offline,26,153.23,3983.98,1740.18,2243.8,286,4
928,2025-03-19,2025,3,12,P001,Analytics Suite,0,South,Online,12,504.95,6059.4,2717.28,3342.12,120,3
929,2025-03-19,2025,3,12,P002,Dashboard Pro,0,South,Online,16,294.19,4707.04,2210.24,2496.8,224,3
930,2025-03-19,2025,3,12,P003,Data Connector Plus,0,South,Partner,25,146.17,3654.25,1676.75,1977.5,250,6
931,2025-03-19,2025,3,12,P001,Analytics Suite,0,East,Offline,11,484.94,5334.34,2282.39,3051.95,110,2
932,2025-03-19,2025,3,12,P002,Dashboard Pro,0,East,Offline,16,296.28,4740.48,1850.24,2890.24,192,4
933,2025-03-19,2025,3,12,P003,Data Connector Plus,0,East,Offline,28,147.44,4128.32,1693.44,2434.88,392,6
934,2025-03-19,2025,3,12,P001,Analytics Suite,0,West,Online,11,491.17,5402.87,2579.28,2823.59,99,2
935,2025-03-19,2025,3,12,P002,Dashboard Pro,0,West,Offline,16,304.63,4874.08,2329.92,2544.16,224,3
936,2025-03-19,2025,3,12,P003,Data Connector Plus,0,West,Online,25,150.74,3768.5,1461.5,2307.0,325,6
937,2025-03-20,2025,3,12,P001,Analytics Suite,0,North,Offline,11,498.6,5484.6,2262.59,3222.01,121,2
938,2025-03-20,2025,3,12,P002,Dashboard Pro,0,North,Online,16,295.56,4728.96,1848.48,2880.48,192,4
939,2025-03-20,2025,3,12,P003,Data Connector Plus,0,North,Offline,28,147.92,4141.76,1599.36,2542.4,364,5
940,2025-03-20,2025,3,12,P001,Analytics Suite,0,South,Offline,10,501.42,5014.2,1905.5,3108.7,140,1
941,2025-03-20,2025,3,12,P002,Dashboard Pro,0,South,Online,15,299.56,4493.4,1908.45,2584.95,180,3
942,2025-03-20,2025,3,12,P003,Data Connector Plus,0,South,Offline,29,147.21,4269.09,1752.18,2516.91,377,7
943,2025-03-20,2025,3,12,P001,Analytics Suite,0,East,Online,11,513.45,5647.95,2475.33,3172.62,88,2
944,2025-03-20,2025,3,12,P002,Dashboard Pro,0,East,Partner,17,305.24,5189.08,2163.42,3025.66,136,3
945,2025-03-20,2025,3,12,P003,Data Connector Plus,0,East,Offline,23,150.82,3468.86,1356.31,2112.55,230,4
946,2025-03-20,2025,3,12,P001,Analytics Suite,0,West,Offline,10,496.96,4969.6,2046.5,2923.1,130,2
947,2025-03-20,2025,3,12,P002,Dashboard Pro,0,West,Offline,16,299.81,4796.96,1889.6,2907.36,176,3
948,2025-03-20,2025,3,12,P003,Data Connector Plus,0,West,Online,28,147.75,4137.0,1984.64,2152.36,280,6
949,2025-03-21,2025,3,12,P001,Analytics Suite,0,North,Online,10,486.18,4861.8,2277.7,2584.1,130,2
950,2025-03-21,2025,3,12,P002,Dashboard Pro,0,North,Online,19,292.47,5556.93,2342.7,3214.23,266,4
951,2025-03-21,2025,3,12,P003,Data Connector Plus,0,North,Offline,28,149.93,4198.04,1786.12,2411.92,252,6
952,2025-03-21,2025,3,12,P001,Analytics Suite,0,South,Online,12,495.55,5946.6,2619.24,3327.36,132,2
953,2025-03-21,2025,3,12,P002,Dashboard Pro,0,South,Offline,18,294.28,5297.04,2503.62,2793.42,198,4
954,2025-03-21,2025,3,12,P003,Data Connector Plus,0,South,Offline,23,144.87,3332.01,1303.87,2028.14,230,5
955,2025-03-21,2025,3,12,P001,Analytics Suite,0,East,Offline,11,488.28,5371.08,2569.38,2801.7,154,2
956,2025-03-21,2025,3,12,P002,Dashboard Pro,0,East,Partner,16,291.43,4662.88,1886.24,2776.64,128,3
957,2025-03-21,2025,3,12,P003,Data Connector Plus,0,East,Offline,27,150.51,4063.77,1868.67,2195.1,324,5
958,2025-03-21,2025,3,12,P001,Analytics Suite,0,West,Offline,10,494.32,4943.2,2102.9,2840.3,110,2
959,2025-03-21,2025,3,12,P002,Dashboard Pro,0,West,Online,17,295.98,5031.66,2060.23,2971.43,238,3
960,2025-03-21,2025,3,12,P003,Data Connector Plus,0,West,Online,27,149.87,4046.49,1765.8,2280.69,378,5
961,2025-03-22,2025,3,12,P001,Analytics Suite,0,North,Online,7,489.09,3423.63,1577.94,1845.69,70,1
962,2025-03-22,2025,3,12,P002,Dashboard Pro,0,North,Offline,10,291.51,2915.1,1336.2,1578.9,140,2
963,2025-03-22,2025,3,12,P003,Data Connector Plus,0,North,Online,17,146.99,2498.83,977.5,1521.33,221,3
964,2025-03-22,2025,3,12,P001,Analytics Suite,0,South,Offline,7,488.56,3419.92,1359.54,2060.38,98,1
965,2025-03-22,2025,3,12,P002,Dashboard Pro,0,South,Offline,10,293.27,2932.7,1215.0,1717.7,80,1
966,2025-03-22,2025,3,12,P003,Data Connector Plus,0,South,Online,15,152.88,2293.2,1044.0,1249.2,165,3
967,2025-03-22,2025,3,12,P001,Analytics Suite,0,East,Offline,7,503.81,3526.67,1414.49,2112.18,63,1
968,2025-03-22,2025,3,12,P002,Dashboard Pro,0,East,Offline,10,301.55,3015.5,1161.7,1853.8,80,2
969,2025-03-22,2025,3,12,P003,Data Connector Plus,0,East,Partner,17,148.79,2529.43,1020.34,1509.09,204,4
970,2025-03-22,2025,3,12,P001,Analytics Suite,0,West,Offline,7,491.89,3443.23,1312.5,2130.73,77,1
971,2025-03-22,2025,3,12,P002,Dashboard Pro,0,West,Partner,10,302.2,3022.0,1437.2,1584.8,130,1
972,2025-03-22,2025,3,12,P003,Data Connector Plus,0,West,Partner,17,147.69,2510.73,1184.56,1326.17,204,4
973,2025-03-23,2025,3,12,P001,Analytics Suite,0,North,Online,7,492.03,3444.21,1509.97,1934.24,91,1
974,2025-03-23,2025,3,12,P002,Dashboard Pro,0,North,Offline,11,294.37,3238.07,1293.6,1944.47,154,2
975,2025-03-23,2025,3,12,P003,Data Connector Plus,0,North,Offline,18,146.14,2630.52,1001.88,1628.64,234,3
976,2025-03-23,2025,3,12,P001,Analytics Suite,0,South,Offline,7,499.76,3498.32,1406.09,2092.23,70,1
977,2025-03-23,2025,3,12,P002,Dashboard Pro,0,South,Online,10,290.46,2904.6,1294.5,1610.1,120,2
978,2025-03-23,2025,3,12,P003,Data Connector Plus,0,South,Offline,19,150.23,2854.37,1109.41,1744.96,152,4
979,2025-03-23,2025,3,12,P001,Analytics Suite,0,East,Offline,7,506.9,3548.3,1691.55,1856.75,98,1
980,2025-03-23,2025,3,12,P002,Dashboard Pro,0,East,Offline,11,294.57,3240.27,1438.25,1802.02,88,2
981,2025-03-23,2025,3,12,P003,Data Connector Plus,0,East,Partner,16,148.35,2373.6,1084.8,1288.8,224,3
982,2025-03-23,2025,3,12,P001,Analytics Suite,0,West,Online,7,492.33,3446.31,1424.22,2022.09,77,1
983,2025-03-23,2025,3,12,P002,Dashboard Pro,0,West,Offline,12,294.78,3537.36,1690.68,1846.68,132,2
984,2025-03-23,2025,3,12,P003,Data Connector Plus,0,West,Online,16,150.3,2404.8,1098.72,1306.08,192,3
985,2025-03-24,2025,3,13,P001,Analytics Suite,0,North,Offline,11,511.35,5624.85,2157.1,3467.75,88,2
986,2025-03-24,2025,3,13,P002,Dashboard Pro,0,North,Online,18,303.97,5471.46,2160.54,3310.92,198,4
987,2025-03-24,2025,3,13,P003,Data Connector Plus,0,North,Online,29,150.47,4363.63,1802.06,2561.57,377,6
988,2025-03-24,2025,3,13,P001,Analytics Suite,0,South,Offline,10,505.22,5052.2,2140.1,2912.1,110,2
989,2025-03-24,2025,3,13,P002,Dashboard Pro,0,South,Offline,18,304.12,5474.16,2290.68,3183.48,144,4
990,2025-03-24,2025,3,13,P003,Data Connector Plus,0,South,Offline,28,145.61,4077.08,1685.32,2391.76,280,5
991,2025-03-24,2025,3,13,P001,Analytics Suite,0,East,Offline,10,513.88,5138.8,2227.5,2911.3,100,2
992,2025-03-24,2025,3,13,P002,Dashboard Pro,0,East,Offline,15,298.28,4474.2,1791.15,2683.05,195,3
993,2025-03-24,2025,3,13,P003,Data Connector Plus,0,East,Online,29,150.44,4362.76,2048.85,2313.91,319,7
994,2025-03-24,2025,3,13,P001,Analytics Suite,0,West,Offline,11,486.57,5352.27,2135.32,3216.95,143,2
995,2025-03-24,2025,3,13,P002,Dashboard Pro,0,West,Online,15,307.91,4618.65,1784.25,2834.4,165,3
996,2025-03-24,2025,3,13,P003,Data Connector Plus,0,West,Offline,25,149.3,3732.5,1779.0,1953.5,275,4
997,2025-03-25,2025,3,13,P001,Analytics Suite,0,North,Offline,10,494.14,4941.4,1936.1,3005.3,110,2
998,2025-03-25,2025,3,13,P002,Dashboard Pro,0,North,Offline,17,298.25,5070.25,2198.78,2871.47,238,4
999,2025-03-25,2025,3,13,P003,Data Connector Plus,0,North,Offline,24,145.17,3484.08,1551.84,1932.24,264,5
1000,2025-03-25,2025,3,13,P001,Analytics Suite,0,South,Offline,12,485.4,5824.8,2221.8,3603.0,108,2
1001,2025-03-25,2025,3,13,P002,Dashboard Pro,0,South,Online,18,304.75,5485.5,2178.18,3307.32,216,4
1002,2025-03-25,2025,3,13,P003,Data Connector Plus,0,South,Offline,28,145.48,4073.44,1798.72,2274.72,392,5
1003,2025-03-25,2025,3,13,P001,Analytics Suite,0,East,Offline,10,494.13,4941.3,2212.9,2728.4,130,2
1004,2025-03-25,2025,3,13,P002,Dashboard Pro,0,East,Online,19,300.36,5706.84,2719.09,2987.75,266,3
1005,2025-03-25,2025,3,13,P003,Data Connector Plus,0,East,Online,23,146.08,3359.84,1324.11,2035.73,230,5
1006,2025-03-25,2025,3,13,P001,Analytics Suite,0,West,Offline,11,500.6,5506.6,2114.97,3391.63,132,2
1007,2025-03-25,2025,3,13,P002,Dashboard Pro,0,West,Offline,18,301.02,5418.36,2535.66,2882.7,144,3
1008,2025-03-25,2025,3,13,P003,Data Connector Plus,0,West,Offline,23,152.81,3514.63,1647.26,1867.37,276,5
1009,2025-03-26,2025,3,13,P001,Analytics Suite,0,North,Offline,12,507.16,6085.92,2399.76,3686.16,108,2
1010,2025-03-26,2025,3,13,P002,Dashboard Pro,0,North,Online,16,294.32,4709.12,1807.2,2901.92,208,3
1011,2025-03-26,2025,3,13,P003,Data Connector Plus,0,North,Offline,26,153.03,3978.78,1631.76,2347.02,364,5
1012,2025-03-26,2025,3,13,P001,Analytics Suite,0,South,Partner,11,489.78,5387.58,2380.73,3006.85,88,2
1013,2025-03-26,2025,3,13,P002,Dashboard Pro,0,South,Offline,19,299.14,5683.66,2534.6,3149.06,247,3
1014,2025-03-26,2025,3,13,P003,Data Connector Plus,0,South,Offline,24,151.65,3639.6,1564.08,2075.52,264,4
1015,2025-03-26,2025,3,13,P001,Analytics Suite,0,East,Online,12,485.65,5827.8,2467.92,3359.88,108,2
1016,2025-03-26,2025,3,13,P002,Dashboard Pro,0,East,Online,18,303.64,5465.52,2105.64,3359.88,234,4
1017,2025-03-26,2025,3,13,P003,Data Connector Plus,0,East,Offline,24,144.79,3474.96,1631.52,1843.44,192,6
1018,2025-03-26,2025,3,13,P001,Analytics Suite,0,West,Online,11,493.79,5431.69,2552.0,2879.69,143,2
1019,2025-03-26,2025,3,13,P002,Dashboard Pro,0,West,Online,15,294.12,4411.8,2060.25,2351.55,165,3
1020,2025-03-26,2025,3,13,P003,Data Connector Plus,0,West,Offline,24,148.74,3569.76,1408.32,2161.44,264,6
1021,2025-03-27,2025,3,13,P001,Analytics Suite,0,North,Online,11,495.63,5451.93,2177.56,3274.37,143,2
1022,2025-03-27,2025,3,13,P002,Dashboard Pro,0,North,Online,16,296.06,4736.96,1828.32,2908.64,192,3
1023,2025-03-27,2025,3,13,P003,Data Connector Plus,0,North,Online,28,148.63,4161.64,1673.0,2488.64,280,5
1024,2025-03-27,2025,3,13,P001,Analytics Suite,0,South,Partner,10,507.82,5078.2,2223.3,2854.9,90,2
1025,2025-03-27,2025,3,13,P002,Dashboard Pro,0,South,Offline,15,297.42,4461.3,2139.45,2321.85,210,3
1026,2025-03-27,2025,3,13,P003,Data Connector Plus,0,South,Offline,28,147.03,4116.84,1923.6,2193.24,364,5
1027,2025-03-27,2025,3,13,P001,Analytics Suite,0,East,Partner,11,490.69,5397.59,2544.3,2853.29,99,2
1028,2025-03-27,2025,3,13,P002,Dashboard Pro,0,East,Partner,16,290.82,4653.12,2125.76,2527.36,208,2
1029,2025-03-27,2025,3,13,P003,Data Connector Plus,0,East,Offline,26,148.81,3869.06,1508.26,2360.8,364,5
1030,2025-03-27,2025,3,13,P001,Analytics Suite,0,West,Offline,10,506.58,5065.8,2406.2,2659.6,110,1
1031,2025-03-27,2025,3,13,P002,Dashboard Pro,0,West,Online,16,301.65,4826.4,2156.96,2669.44,176,3
1032,2025-03-27,2025,3,13,P003,Data Connector Plus,0,West,Offline,26,149.63,3890.38,1658.8,2231.58,286,5
1033,2025-03-28,2025,3,13,P001,Analytics Suite,0,North,Partner,11,489.57,5385.27,2296.47,3088.8,143,2
1034,2025-03-28,2025,3,13,P002,Dashboard Pro,0,North,Partner,18,291.3,5243.4,2270.88,2972.52,180,3
1035,2025-03-28,2025,3,13,P003,Data Connector Plus,0,North,Offline,28,150.77,4221.56,1939.56,2282.0,336,7
1036,2025-03-28,2025,3,13,P001,Analytics Suite,0,South,Offline,10,510.4,5104.0,2202.2,2901.8,80,2
1037,2025-03-28,2025,3,13,P002,Dashboard Pro,0,South,Online,16,290.96,4655.36,2057.28,2598.08,176,3
1038,2025-03-28,2025,3,13,P003,Data Connector Plus,0,South,Online,24,149.53,3588.72,1641.36,1947.36,312,4
1039,2025-03-28,2025,3,13,P001,Analytics Suite,0,East,Offline,10,500.19,5001.9,2370.5,2631.4,130,2
1040,2025-03-28,2025,3,13,P002,Dashboard Pro,0,East,Offline,18,293.79,5288.22,2179.08,3109.14,162,4
1041,2025-03-28,2025,3,13,P003,Data Connector Plus,0,East,Online,26,148.31,3856.06,1598.48,2257.58,260,5
1042,2025-03-28,2025,3,13,P001,Analytics Suite,0,West,Offline,11,487.7,5364.7,2481.38,2883.32,143,2
1043,2025-03-28,2025,3,13,P002,Dashboard Pro,0,West,Offline,16,296.63,4746.08,2187.36,2558.72,208,4
1044,2025-03-28,2025,3,13,P003,Data Connector Plus,0,West,Offline,23,152.5,3507.5,1469.93,2037.57,184,4
1045,2025-03-29,2025,3,13,P001,Analytics Suite,0,North,Online,8,486.33,3890.64,1749.68,2140.96,64,1
1046,2025-03-29,2025,3,13,P002,Dashboard Pro,0,North,Offline,12,299.37,3592.44,1514.76,2077.68,120,2
1047,2025-03-29,2025,3,13,P003,Data Connector Plus,0,North,Offline,19,148.77,2826.63,1256.28,1570.35,247,3
1048,2025-03-29,2025,3,13,P001,Analytics Suite,0,South,Online,6,510.13,3060.78,1360.44,1700.34,72,1
1049,2025-03-29,2025,3,13,P002,Dashboard Pro,0,South,Online,10,301.62,3016.2,1347.0,1669.2,120,2
1050,2025-03-29,2025,3,13,P003,Data Connector Plus,0,South,Offline,17,148.62,2526.54,1037.51,1489.03,238,4
1051,2025-03-29,2025,3,13,P001,Analytics Suite,0,East,Online,6,495.16,2970.96,1143.0,1827.96,84,1
1052,2025-03-29,2025,3,13,P002,Dashboard Pro,0,East,Partner,10,293.01,2930.1,1270.3,1659.8,130,1
1053,2025-03-29,2025,3,13,P003,Data Connector Plus,0,East,Partner,15,150.86,2262.9,894.6,1368.3,210,3
1054,2025-03-29,2025,3,13,P001,Analytics Suite,0,West,Online,6,493.51,2961.06,1234.68,1726.38,60,1
1055,2025-03-29,2025,3,13,P002,Dashboard Pro,0,West,Partner,11,301.97,3321.67,1386.11,1935.56,99,2
1056,2025-03-29,2025,3,13,P003,Data Connector Plus,0,West,Partner,15,147.23,2208.45,1044.9,1163.55,165,3
1057,2025-03-30,2025,3,13,P001,Analytics Suite,0,North,Online,8,511.81,4094.48,1779.52,2314.96,104,1
1058,2025-03-30,2025,3,13,P002,Dashboard Pro,0,North,Partner,11,295.33,3248.63,1553.09,1695.54,154,2
1059,2025-03-30,2025,3,13,P003,Data Connector Plus,0,North,Partner,15,149.58,2243.7,928.65,1315.05,165,2
1060,2025-03-30,2025,3,13,P001,Analytics Suite,0,South,Offline,7,485.23,3396.61,1395.38,2001.23,56,1
1061,2025-03-30,2025,3,13,P002,Dashboard Pro,0,South,Online,12,298.03,3576.36,1576.56,1999.8,96,2
1062,2025-03-30,2025,3,13,P003,Data Connector Plus,0,South,Offline,17,151.51,2575.67,984.64,1591.03,153,3
1063,2025-03-30,2025,3,13,P001,Analytics Suite,0,East,Online,7,504.14,3528.98,1480.22,2048.76,84,1
1064,2025-03-30,2025,3,13,P002,Dashboard Pro,0,East,Online,11,299.21,3291.31,1369.5,1921.81,143,2
1065,2025-03-30,2025,3,13,P003,Data Connector Plus,0,East,Online,18,147.83,2660.94,1102.86,1558.08,180,3
1066,2025-03-30,2025,3,13,P001,Analytics Suite,0,West,Online,7,500.83,3505.81,1592.15,1913.66,77,1
1067,2025-03-30,2025,3,13,P002,Dashboard Pro,0,West,Offline,10,292.97,2929.7,1326.7,1603.0,110,2
1068,2025-03-30,2025,3,13,P003,Data Connector Plus,0,West,Online,18,149.88,2697.84,1153.26,1544.58,180,4
1069,2025-03-31,2025,3,14,P001,Analytics Suite,0,North,Partner,12,486.01,5832.12,2435.4,3396.72,168,2
1070,2025-03-31,2025,3,14,P002,Dashboard Pro,0,North,Online,17,294.93,5013.81,2261.34,2752.47,187,4
1071,2025-03-31,2025,3,14,P003,Data Connector Plus,0,North,Online,24,146.19,3508.56,1505.28,2003.28,288,6
1072,2025-03-31,2025,3,14,P001,Analytics Suite,0,South,Offline,10,501.55,5015.5,2138.3,2877.2,130,1
1073,2025-03-31,2025,3,14,P002,Dashboard Pro,0,South,Partner,15,294.74,4421.1,1961.4,2459.7,210,2
1074,2025-03-31,2025,3,14,P003,Data Connector Plus,0,South,Online,27,147.1,3971.7,1765.26,2206.44,351,4
1075,2025-03-31,2025,3,14,P001,Analytics Suite,0,East,Partner,12,498.79,5985.48,2720.76,3264.72,144,2
1076,2025-03-31,2025,3,14,P002,Dashboard Pro,0,East,Offline,17,305.61,5195.37,2480.47,2714.9,187,4
1077,2025-03-31,2025,3,14,P003,Data Connector Plus,0,East,Online,25,151.08,3777.0,1496.75,2280.25,250,4
1078,2025-03-31,2025,3,14,P001,Analytics Suite,0,West,Online,10,510.33,5103.3,1966.2,3137.1,90,2
1079,2025-03-31,2025,3,14,P002,Dashboard Pro,0,West,Online,17,307.17,5221.89,2260.83,2961.06,170,4
1080,2025-03-31,2025,3,14,P003,Data Connector Plus,0,West,Online,26,151.38,3935.88,1731.34,2204.54,208,5
1081,2025-04-01,2025,4,14,P001,Analytics Suite,0,North,Partner,11,493.5,5428.5,2226.29,3202.21,154,2
1082,2025-04-01,2025,4,14,P002,Dashboard Pro,0,North,Offline,18,291.75,5251.5,2071.08,3180.42,252,3
1083,2025-04-01,2025,4,14,P003,Data Connector Plus,0,North,Online,26,151.49,3938.74,1537.12,2401.62,234,5
1084,2025-04-01,2025,4,14,P001,Analytics Suite,0,South,Partner,11,489.67,5386.37,2418.24,2968.13,132,3
1085,2025-04-01,2025,4,14,P002,Dashboard Pro,0,South,Offline,19,302.81,5753.39,2251.88,3501.51,266,4
1086,2025-04-01,2025,4,14,P003,Data Connector Plus,0,South,Partner,25,151.85,3796.25,1574.75,2221.5,275,6
1087,2025-04-01,2025,4,14,P001,Analytics Suite,0,East,Partner,10,497.26,4972.6,2269.3,2703.3,120,2
1088,2025-04-01,2025,4,14,P002,Dashboard Pro,0,East,Offline,18,290.55,5229.9,2054.7,3175.2,162,4
1089,2025-04-01,2025,4,14,P003,Data Connector Plus,0,East,Online,29,147.28,4271.12,1804.38,2466.74,232,7
1090,2025-04-01,2025,4,14,P001,Analytics Suite,0,West,Offline,10,484.59,4845.9,1862.0,2983.9,110,1
1091,2025-04-01,2025,4,14,P002,Dashboard Pro,0,West,Online,19,299.24,5685.56,2677.1,3008.46,152,3
1092,2025-04-01,2025,4,14,P003,Data Connector Plus,0,West,Online,26,144.62,3760.12,1774.76,1985.36,208,5
1093,2025-04-02,2025,4,14,P001,Analytics Suite,0,North,Online,13,489.56,6364.28,2511.08,3853.2,104,3
1094,2025-04-02,2025,4,14,P002,Dashboard Pro,0,North,Online,17,300.43,5107.31,2196.4,2910.91,238,4
1095,2025-04-02,2025,4,14,P003,Data Connector Plus,0,North,Online,26,149.63,3890.38,1775.28,2115.1,312,6
1096,2025-04-02,2025,4,14,P001,Analytics Suite,0,South,Online,12,512.9,6154.8,2669.4,3485.4,168,3
1097,2025-04-02,2025,4,14,P002,Dashboard Pro,0,South,Offline,16,293.87,4701.92,2009.92,2692.0,208,3
1098,2025-04-02,2025,4,14,P003,Data Connector Plus,0,South,Online,25,150.55,3763.75,1563.75,2200.0,350,5
1099,2025-04-02,2025,4,14,P001,Analytics Suite,0,East,Online,11,490.84,5399.24,2118.49,3280.75,110,2
1100,2025-04-02,2025,4,14,P002,Dashboard Pro,0,East,Offline,16,303.71,4859.36,2197.44,2661.92,192,3
1101,2025-04-02,2025,4,14,P003,Data Connector Plus,0,East,Offline,27,147.97,3995.19,1642.95,2352.24,351,7
1102,2025-04-02,2025,4,14,P001,Analytics Suite,0,West,Online,11,500.61,5506.71,2328.26,3178.45,154,2
1103,2025-04-02,2025,4,14,P002,Dashboard Pro,0,West,Partner,19,304.43,5784.17,2301.66,3482.51,190,5
1104,2025-04-02,2025,4,14,P003,Data Connector Plus,0,West,Offline,27,145.47,3927.69,1758.24,2169.45,351,5
1105,2025-04-03,2025,4,14,P001,Analytics Suite,0,North,Partner,11,504.84,5553.24,2624.05,2929.19,143,3
1106,2025-04-03,2025,4,14,P002,Dashboard Pro,0,North,Online,16,307.53,4920.48,2285.12,2635.36,192,3
1107,2025-04-03,2025,4,14,P003,Data Connector Plus,0,North,Offline,26,148.33,3856.58,1740.7,2115.88,364,6
1108,2025-04-03,2025,4,14,P001,Analytics Suite,0,South,Offline,11,507.67,5584.37,2320.89,3263.48,121,2
1109,2025-04-03,2025,4,14,P002,Dashboard Pro,0,South,Offline,19,307.75,5847.25,2671.02,3176.23,171,3
1110,2025-04-03,2025,4,14,P003,Data Connector Plus,0,South,Offline,26,148.98,3873.48,1483.56,2389.92,234,6
1111,2025-04-03,2025,4,14,P001,Analytics Suite,0,East,Online,12,498.94,5987.28,2504.28,3483.0,108,2
1112,2025-04-03,2025,4,14,P002,Dashboard Pro,0,East,Online,16,301.19,4819.04,2149.76,2669.28,128,3
1113,2025-04-03,2025,4,14,P003,Data Connector Plus,0,East,Online,27,148.7,4014.9,1722.6,2292.3,297,5
1114,2025-04-03,2025,4,14,P001,Analytics Suite,0,West,Offline,11,509.77,5607.47,2148.52,3458.95,154,2
1115,2025-04-03,2025,4,14,P002,Dashboard Pro,0,West,Online,19,296.91,5641.29,2393.43,3247.86,209,3
1116,2025-04-03,2025,4,14,P003,Data Connector Plus,0,West,Offline,25,150.43,3760.75,1490.75,2270.0,325,5
1117,2025-04-04,2025,4,14,P001,Analytics Suite,0,North,Offline,11,495.68,5452.48,2440.02,3012.46,132,2
1118,2025-04-04,2025,4,14,P002,Dashboard Pro,0,North,Offline,18,300.3,5405.4,2138.58,3266.82,252,3
1119,2025-04-04,2025,4,14,P003,Data Connector Plus,0,North,Online,26,149.81,3895.06,1617.46,2277.6,338,7
1120,2025-04-04,2025,4,14,P001,Analytics Suite,0,South,Online,11,484.87,5333.57,2222.22,3111.35,154,2
1121,2025-04-04,2025,4,14,P002,Dashboard Pro,0,South,Offline,18,303.76,5467.68,2131.02,3336.66,198,3
1122,2025-04-04,2025,4,14,P003,Data Connector Plus,0,South,Offline,27,147.67,3987.09,1608.66,2378.43,243,5
1123,2025-04-04,2025,4,14,P001,Analytics Suite,0,East,Partner,10,504.63,5046.3,2088.0,2958.3,80,1
1124,2025-04-04,2025,4,14,P002,Dashboard Pro,0,East,Partner,17,298.3,5071.1,2188.07,2883.03,204,3
1125,2025-04-04,2025,4,14,P003,Data Connector Plus,0,East,Online,24,148.73,3569.52,1491.36,2078.16,240,5
1126,2025-04-04,2025,4,14,P001,Analytics Suite,0,West,Online,12,508.23,6098.76,2443.08,3655.68,156,2
1127,2025-04-04,2025,4,14,P002,Dashboard Pro,0,West,Online,19,302.0,5738.0,2388.87,3349.13,190,4
1128,2025-04-04,2025,4,14,P003,Data Connector Plus,0,West,Offline,27,152.11,4106.97,1909.98,2196.99,378,5
1129,2025-04-05,2025,4,14,P001,Analytics Suite,0,North,Offline,7,492.93,3450.51,1389.15,2061.36,98,1
1130,2025-04-05,2025,4,14,P002,Dashboard Pro,0,North,Online,10,305.17,3051.7,1243.1,1808.6,100,2
1131,2025-04-05,2025,4,14,P003,Data Connector Plus,0,North,Online,18,148.35,2670.3,1188.72,1481.58,144,3
1132,2025-04-05,2025,4,14,P001,Analytics Suite,0,South,Offline,8,496.99,3975.92,1675.6,2300.32,72,1
1133,2025-04-05,2025,4,14,P002,Dashboard Pro,0,South,Offline,11,302.08,3322.88,1471.36,1851.52,88,2
1134,2025-04-05,2025,4,14,P003,Data Connector Plus,0,South,Offline,16,148.99,2383.84,1082.72,1301.12,224,3
1135,2025-04-05,2025,4,14,P001,Analytics Suite,0,East,Offline,8,499.98,3999.84,1882.64,2117.2,112,2
1136,2025-04-05,2025,4,14,P002,Dashboard Pro,0,East,Online,12,291.1,3493.2,1379.04,2114.16,132,2
1137,2025-04-05,2025,4,14,P003,Data Connector Plus,0,East,Offline,19,147.21,2796.99,1303.4,1493.59,190,5
1138,2025-04-05,2025,4,14,P001,Analytics Suite,0,West,Online,8,509.36,4074.88,1811.68,2263.2,80,1
1139,2025-04-05,2025,4,14,P002,Dashboard Pro,0,West,Online,11,297.31,3270.41,1251.8,2018.61,99,2
1140,2025-04-05,2025,4,14,P003,Data Connector Plus,0,West,Partner,17,148.87,2530.79,1125.4,1405.39,187,3
1141,2025-04-06,2025,4,14,P001,Analytics Suite,0,North,Online,7,488.11,3416.77,1393.28,2023.49,98,1
1142,2025-04-06,2025,4,14,P002,Dashboard Pro,0,North,Offline,12,290.79,3489.48,1332.96,2156.52,168,3
1143,2025-04-06,2025,4,14,P003,Data Connector Plus,0,North,Partner,16,149.91,2398.56,1126.56,1272.0,176,3
1144,2025-04-06,2025,4,14,P001,Analytics Suite,0,South,Offline,8,495.91,3967.28,1563.36,2403.92,112,1
1145,2025-04-06,2025,4,14,P002,Dashboard Pro,0,South,Offline,12,306.77,3681.24,1612.56,2068.68,168,3
1146,2025-04-06,2025,4,14,P003,Data Connector Plus,0,South,Online,18,148.97,2681.46,1051.74,1629.72,216,4
1147,2025-04-06,2025,4,14,P001,Analytics Suite,0,East,Online,7,501.52,3510.64,1595.23,1915.41,91,1
1148,2025-04-06,2025,4,14,P002,Dashboard Pro,0,East,Online,10,291.95,2919.5,1237.7,1681.8,100,2
1149,2025-04-06,2025,4,14,P003,Data Connector Plus,0,East,Online,18,148.91,2680.38,1103.4,1576.98,144,4
1150,2025-04-06,2025,4,14,P001,Analytics Suite,0,West,Partner,8,512.87,4102.96,1708.08,2394.88,72,2
1151,2025-04-06,2025,4,14,P002,Dashboard Pro,0,West,Partner,12,290.41,3484.92,1336.44,2148.48,144,3
1152,2025-04-06,2025,4,14,P003,Data Connector Plus,0,West,Partner,19,145.02,2755.38,1113.02,1642.36,247,4
1153,2025-04-07,2025,4,15,P001,Analytics Suite,0,North,Online,11,512.73,5640.03,2529.67,3110.36,154,2
1154,2025-04-07,2025,4,15,P002,Dashboard Pro,0,North,Online,16,297.97,4767.52,2253.92,2513.6,176,4
1155,2025-04-07,2025,4,15,P003,Data Connector Plus,0,North,Offline,26,152.9,3975.4,1594.32,2381.08,260,6
1156,2025-04-07,2025,4,15,P001,Analytics Suite,0,South,Partner,13,502.93,6538.09,2905.76,3632.33,182,3
1157,2025-04-07,2025,4,15,P002,Dashboard Pro,0,South,Offline,17,291.47,4954.99,2116.33,2838.66,187,3
1158,2025-04-07,2025,4,15,P003,Data Connector Plus,0,South,Partner,30,150.94,4528.2,1766.1,2762.1,420,5
1159,2025-04-07,2025,4,15,P001,Analytics Suite,0,East,Offline,11,486.02,5346.22,2466.42,2879.8,143,2
1160,2025-04-07,2025,4,15,P002,Dashboard Pro,0,East,Online,17,290.52,4938.84,1967.58,2971.26,221,3
1161,2025-04-07,2025,4,15,P003,Data Connector Plus,0,East,Online,28,144.56,4047.68,1665.16,2382.52,280,5
1162,2025-04-07,2025,4,15,P001,Analytics Suite,0,West,Partner,11,499.49,5494.39,2444.53,3049.86,154,2
1163,2025-04-07,2025,4,15,P002,Dashboard Pro,0,West,Partner,18,297.39,5353.02,2290.14,3062.88,198,4
1164,2025-04-07,2025,4,15,P003,Data Connector Plus,0,West,Offline,26,150.68,3917.68,1599.0,2318.68,364,4
1165,2025-04-08,2025,4,15,P001,Analytics Suite,0,North,Online,11,495.81,5453.91,2554.75,2899.16,154,2
1166,2025-04-08,2025,4,15,P002,Dashboard Pro,0,North,Offline,19,306.59,5825.21,2346.88,3478.33,247,3
1167,2025-04-08,2025,4,15,P003,Data Connector Plus,0,North,Partner,27,146.87,3965.49,1665.9,2299.59,216,6
1168,2025-04-08,2025,4,15,P001,Analytics Suite,0,South,Online,11,486.7,5353.7,2097.26,3256.44,132,2
1169,2025-04-08,2025,4,15,P002,Dashboard Pro,0,South,Offline,17,306.53,5211.01,2237.71,2973.3,221,3
1170,2025-04-08,2025,4,15,P003,Data Connector Plus,0,South,Offline,26,152.99,3977.74,1626.04,2351.7,260,5
1171,2025-04-08,2025,4,15,P001,Analytics Suite,0,East,Offline,10,509.67,5096.7,2081.0,3015.7,140,2
1172,2025-04-08,2025,4,15,P002,Dashboard Pro,0,East,Online,17,297.36,5055.12,2414.34,2640.78,170,3
1173,2025-04-08,2025,4,15,P003,Data Connector Plus,0,East,Offline,27,146.75,3962.25,1687.23,2275.02,351,4
1174,2025-04-08,2025,4,15,P001,Analytics Suite,0,West,Offline,10,493.71,4937.1,1980.9,2956.2,130,2
1175,2025-04-08,2025,4,15,P002,Dashboard Pro,0,West,Online,17,300.74,5112.58,1972.85,3139.73,204,3
1176,2025-04-08,2025,4,15,P003,Data Connector Plus,0,West,Partner,26,152.65,3968.9,1892.02,2076.88,338,6
1177,2025-04-09,2025,4,15,P001,Analytics Suite,0,North,Online,12,485.39,5824.68,2435.28,3389.4,144,3
1178,2025-04-09,2025,4,15,P002,Dashboard Pro,0,North,Partner,18,292.4,5263.2,2305.62,2957.58,144,3
1179,2025-04-09,2025,4,15,P003,Data Connector Plus,0,North,Partner,28,152.85,4279.8,1664.6,2615.2,252,7
1180,2025-04-09,2025,4,15,P001,Analytics Suite,0,South,Online,11,491.83,5410.13,2325.95,3084.18,99,3
1181,2025-04-09,2025,4,15,P002,Dashboard Pro,0,South,Offline,17,296.5,5040.5,2224.28,2816.22,170,4
1182,2025-04-09,2025,4,15,P003,Data Connector Plus,0,South,Partner,26,147.33,3830.58,1737.84,2092.74,260,5
1183,2025-04-09,2025,4,15,P001,Analytics Suite,0,East,Partner,13,500.67,6508.71,2992.86,3515.85,169,2
1184,2025-04-09,2025,4,15,P002,Dashboard Pro,0,East,Online,16,294.15,4706.4,1865.44,2840.96,160,3
1185,2025-04-09,2025,4,15,P003,Data Connector Plus,0,East,Offline,25,152.53,3813.25,1585.0,2228.25,275,6
1186,2025-04-09,2025,4,15,P001,Analytics Suite,0,West,Partner,11,498.79,5486.69,2166.12,3320.57,154,2
1187,2025-04-09,2025,4,15,P002,Dashboard Pro,0,West,Offline,16,295.13,4722.08,2034.56,2687.52,208,3
1188,2025-04-09,2025,4,15,P003,Data Connector Plus,0,West,Offline,30,149.77,4493.1,1943.7,2549.4,240,7
1189,2025-04-10,2025,4,15,P001,Analytics Suite,0,North,Offline,11,486.33,5349.63,2083.29,3266.34,143,2
1190,2025-04-10,2025,4,15,P002,Dashboard Pro,0,North,Online,17,307.64,5229.88,2296.02,2933.86,170,4
1191,2025-04-10,2025,4,15,P003,Data Connector Plus,0,North,Online,30,145.9,4377.0,1973.1,2403.9,420,6
1192,2025-04-10,2025,4,15,P001,Analytics Suite,0,South,Offline,12,492.09,5905.08,2816.64,3088.44,120,2
1193,2025-04-10,2025,4,15,P002,Dashboard Pro,0,South,Offline,19,295.86,5621.34,2645.94,2975.4,247,4
1194,2025-04-10,2025,4,15,P003,Data Connector Plus,0,South,Offline,25,152.25,3806.25,1569.5,2236.75,250,4
1195,2025-04-10,2025,4,15,P001,Analytics Suite,0,East,Online,10,512.53,5125.3,2078.4,3046.9,110,2
1196,2025-04-10,2025,4,15,P002,Dashboard Pro,0,East,Online,19,297.19,5646.61,2237.63,3408.98,171,4
1197,2025-04-10,2025,4,15,P003,Data Connector Plus,0,East,Offline,26,151.26,3932.76,1611.74,2321.02,208,6
1198,2025-04-10,2025,4,15,P001,Analytics Suite,0,West,Partner,12,511.63,6139.56,2413.68,3725.88,144,2
1199,2025-04-10,2025,4,15,P002,Dashboard Pro,0,West,Offline,19,299.23,5685.37,2431.24,3254.13,209,4
1200,2025-04-10,2025,4,15,P003,Data Connector Plus,0,West,Offline,27,151.29,4084.83,1628.37,2456.46,324,6
1201,2025-04-11,2025,4,15,P001,Analytics Suite,0,North,Partner,10,499.4,4994.0,2009.7,2984.3,130,2
1202,2025-04-11,2025,4,15,P002,Dashboard Pro,0,North,Offline,16,298.92,4782.72,1857.6,2925.12,192,3
1203,2025-04-11,2025,4,15,P003,Data Connector Plus,0,North,Online,25,151.7,3792.5,1700.75,2091.75,225,5
1204,2025-04-11,2025,4,15,P001,Analytics Suite,0,South,Offline,11,496.84,5465.24,2118.6,3346.64,132,2
1205,2025-04-11,2025,4,15,P002,Dashboard Pro,0,South,Online,16,297.65,4762.4,2152.8,2609.6,208,4
1206,2025-04-11,2025,4,15,P003,Data Connector Plus,0,South,Offline,27,149.76,4043.52,1582.74,2460.78,216,6
1207,2025-04-11,2025,4,15,P001,Analytics Suite,0,East,Online,11,489.49,5384.39,2270.18,3114.21,88,2
1208,2025-04-11,2025,4,15,P002,Dashboard Pro,0,East,Offline,17,303.02,5151.34,2278.85,2872.49,187,3
1209,2025-04-11,2025,4,15,P003,Data Connector Plus,0,East,Online,31,152.32,4721.92,1831.17,2890.75,279,8
1210,2025-04-11,2025,4,15,P001,Analytics Suite,0,West,Offline,11,504.19,5546.09,2110.79,3435.3,88,2
1211,2025-04-11,2025,4,15,P002,Dashboard Pro,0,West,Offline,16,298.59,4777.44,2129.6,2647.84,224,4
1212,2025-04-11,2025,4,15,P003,Data Connector Plus,0,West,Offline,29,147.24,4269.96,1776.54,2493.42,348,7
1213,2025-04-12,2025,4,15,P001,Analytics Suite,0,North,Online,8,495.86,3966.88,1561.04,2405.84,72,1
1214,2025-04-12,2025,4,15,P002,Dashboard Pro,0,North,Online,12,302.52,3630.24,1455.48,2174.76,96,2
1215,2025-04-12,2025,4,15,P003,Data Connector Plus,0,North,Offline,18,148.43,2671.74,1159.2,1512.54,252,3
1216,2025-04-12,2025,4,15,P001,Analytics Suite,0,South,Offline,8,488.47,3907.76,1549.84,2357.92,64,1
1217,2025-04-12,2025,4,15,P002,Dashboard Pro,0,South,Offline,12,307.32,3687.84,1567.2,2120.64,168,2
1218,2025-04-12,2025,4,15,P003,Data Connector Plus,0,South,Online,17,151.95,2583.15,983.62,1599.53,170,4
1219,2025-04-12,2025,4,15,P001,Analytics Suite,0,East,Partner,8,513.36,4106.88,1798.24,2308.64,104,2
1220,2025-04-12,2025,4,15,P002,Dashboard Pro,0,East,Online,13,290.69,3778.97,1659.32,2119.65,156,3
1221,2025-04-12,2025,4,15,P003,Data Connector Plus,0,East,Offline,18,151.83,2732.94,1055.16,1677.78,234,3
1222,2025-04-12,2025,4,15,P001,Analytics Suite,0,West,Online,7,500.59,3504.13,1477.77,2026.36,91,1
1223,2025-04-12,2025,4,15,P002,Dashboard Pro,0,West,Online,11,306.88,3375.68,1430.0,1945.68,143,2
1224,2025-04-12,2025,4,15,P003,Data Connector Plus,0,West,Offline,19,148.73,2825.87,1136.01,1689.86,228,5
1225,2025-04-13,2025,4,15,P001,Analytics Suite,0,North,Partner,7,502.06,3514.42,1500.1,2014.32,91,1
1226,2025-04-13,2025,4,15,P002,Dashboard Pro,0,North,Online,12,297.03,3564.36,1587.0,1977.36,156,2
1227,2025-04-13,2025,4,15,P003,Data Connector Plus,0,North,Online,18,153.21,2757.78,1125.9,1631.88,162,4
1228,2025-04-13,2025,4,15,P001,Analytics Suite,0,South,Online,8,487.9,3903.2,1675.36,2227.84,96,2
1229,2025-04-13,2025,4,15,P002,Dashboard Pro,0,South,Online,12,298.89,3586.68,1379.76,2206.92,144,2
1230,2025-04-13,2025,4,15,P003,Data Connector Plus,0,South,Online,19,147.72,2806.68,1307.77,1498.91,266,4
1231,2025-04-13,2025,4,15,P001,Analytics Suite,0,East,Online,8,494.14,3953.12,1549.92,2403.2,72,1
1232,2025-04-13,2025,4,15,P002,Dashboard Pro,0,East,Online,11,296.14,3257.54,1488.74,1768.8,88,2
1233,2025-04-13,2025,4,15,P003,Data Connector Plus,0,East,Partner,19,152.16,2891.04,1292.19,1598.85,228,4
1234,2025-04-13,2025,4,15,P001,Analytics Suite,0,West,Offline,8,497.14,3977.12,1811.92,2165.2,112,2
1235,2025-04-13,2025,4,15,P002,Dashboard Pro,0,West,Partner,12,300.97,3611.64,1669.92,1941.72,96,2
1236,2025-04-13,2025,4,15,P003,Data Connector Plus,0,West,Partner,16,150.16,2402.56,950.72,1451.84,160,3
1237,2025-04-14,2025,4,16,P001,Analytics Suite,0,North,Offline,11,499.18,5490.98,2171.29,3319.69,88,2
1238,2025-04-14,2025,4,16,P002,Dashboard Pro,0,North,Online,19,292.24,5552.56,2537.07,3015.49,209,3
1239,2025-04-14,2025,4,16,P003,Data Connector Plus,0,North,Online,30,148.76,4462.8,1734.0,2728.8,270,6
1240,2025-04-14,2025,4,16,P001,Analytics Suite,0,South,Offline,12,494.83,5937.96,2703.72,3234.24,108,2
1241,2025-04-14,2025,4,16,P002,Dashboard Pro,0,South,Offline,19,292.51,5557.69,2610.98,2946.71,209,5
1242,2025-04-14,2025,4,16,P003,Data Connector Plus,0,South,Partner,28,150.63,4217.64,1664.04,2553.6,308,5
1243,2025-04-14,2025,4,16,P001,Analytics Suite,0,East,Online,12,512.28,6147.36,2582.88,3564.48,120,3
1244,2025-04-14,2025,4,16,P002,Dashboard Pro,0,East,Online,17,297.09,5050.53,1995.46,3055.07,221,4
1245,2025-04-14,2025,4,16,P003,Data Connector Plus,0,East,Offline,31,153.29,4751.99,2267.96,2484.03,372,6
1246,2025-04-14,2025,4,16,P001,Analytics Suite,0,West,Partner,13,505.01,6565.13,2982.33,3582.8,169,3
1247,2025-04-14,2025,4,16,P002,Dashboard Pro,0,West,Offline,15,295.05,4425.75,1991.7,2434.05,135,3
1248,2025-04-14,2025,4,16,P003,Data Connector Plus,0,West,Offline,26,149.4,3884.4,1647.88,2236.52,338,5
1249,2025-04-15,2025,4,16,P001,Analytics Suite,0,North,Offline,12,503.45,6041.4,2346.6,3694.8,120,2
1250,2025-04-15,2025,4,16,P002,Dashboard Pro,0,North,Partner,17,302.93,5149.81,2467.72,2682.09,204,3
1251,2025-04-15,2025,4,16,P003,Data Connector Plus,0,North,Offline,25,149.46,3736.5,1657.5,2079.0,350,4
1252,2025-04-15,2025,4,16,P001,Analytics Suite,0,South,Online,13,500.2,6502.6,2974.4,3528.2,182,3
1253,2025-04-15,2025,4,16,P002,Dashboard Pro,0,South,Online,20,292.01,5840.2,2371.0,3469.2,200,4
1254,2025-04-15,2025,4,16,P003,Data Connector Plus,0,South,Partner,25,151.29,3782.25,1550.0,2232.25,275,6
1255,2025-04-15,2025,4,16,P001,Analytics Suite,0,East,Offline,11,513.46,5648.06,2465.76,3182.3,132,2
1256,2025-04-15,2025,4,16,P002,Dashboard Pro,0,East,Offline,18,299.6,5392.8,2210.58,3182.22,180,4
1257,2025-04-15,2025,4,16,P003,Data Connector Plus,0,East,Online,30,149.65,4489.5,1939.2,2550.3,330,6
1258,2025-04-15,2025,4,16,P001,Analytics Suite,0,West,Offline,11,501.47,5516.17,2346.74,3169.43,110,2
1259,2025-04-15,2025,4,16,P002,Dashboard Pro,0,West,Online,17,297.42,5056.14,2370.65,2685.49,187,3
1260,2025-04-15,2025,4,16,P003,Data Connector Plus,0,West,Offline,27,147.83,3991.41,1739.88,2251.53,324,6
1261,2025-04-16,2025,4,16,P001,Analytics Suite,0,North,Offline,13,501.52,6519.76,2926.69,3593.07,143,3
1262,2025-04-16,2025,4,16,P002,Dashboard Pro,0,North,Online,19,297.51,5652.69,2219.96,3432.73,228,4
1263,2025-04-16,2025,4,16,P003,Data Connector Plus,0,North,Partner,25,150.83,3770.75,1694.75,2076.0,200,5
1264,2025-04-16,2025,4,16,P001,Analytics Suite,0,South,Offline,10,488.73,4887.3,2151.2,2736.1,80,2
1265,2025-04-16,2025,4,16,P002,Dashboard Pro,0,South,Online,16,300.29,4804.64,1882.4,2922.24,144,3
1266,2025-04-16,2025,4,16,P003,Data Connector Plus,0,South,Online,27,147.16,3973.32,1566.27,2407.05,243,6
1267,2025-04-16,2025,4,16,P001,Analytics Suite,0,East,Partner,10,510.8,5108.0,2034.6,3073.4,90,2
1268,2025-04-16,2025,4,16,P002,Dashboard Pro,0,East,Online,15,299.85,4497.75,1896.9,2600.85,120,3
1269,2025-04-16,2025,4,16,P003,Data Connector Plus,0,East,Offline,28,152.58,4272.24,1979.88,2292.36,308,7
1270,2025-04-16,2025,4,16,P001,Analytics Suite,0,West,Offline,10,488.18,4881.8,2074.7,2807.1,140,2
1271,2025-04-16,2025,4,16,P002,Dashboard Pro,0,West,Offline,19,295.86,5621.34,2486.72,3134.62,247,4
1272,2025-04-16,2025,4,16,P003,Data Connector Plus,0,West,Online,30,147.56,4426.8,2076.3,2350.5,390,7
1273,2025-04-17,2025,4,16,P001,Analytics Suite,0,North,Offline,12,509.96,6119.52,2711.04,3408.48,144,3
1274,2025-04-17,2025,4,16,P002,Dashboard Pro,0,North,Offline,17,301.6,5127.2,2046.97,3080.23,136,4
1275,2025-04-17,2025,4,16,P003,Data Connector Plus,0,North,Offline,28,145.0,4060.0,1847.44,2212.56,252,6
1276,2025-04-17,2025,4,16,P001,Analytics Suite,0,South,Offline,10,503.74,5037.4,2052.7,2984.7,80,2
1277,2025-04-17,2025,4,16,P002,Dashboard Pro,0,South,Offline,19,305.08,5796.52,2670.45,3126.07,152,4
1278,2025-04-17,2025,4,16,P003,Data Connector Plus,0,South,Partner,27,144.93,3913.11,1620.0,2293.11,216,5
1279,2025-04-17,2025,4,16,P001,Analytics Suite,0,East,Online,10,499.84,4998.4,1956.7,3041.7,80,1
1280,2025-04-17,2025,4,16,P002,Dashboard Pro,0,East,Online,16,292.61,4681.76,1851.2,2830.56,128,4
1281,2025-04-17,2025,4,16,P003,Data Connector Plus,0,East,Partner,29,145.06,4206.74,1610.08,2596.66,261,5
1282,2025-04-17,2025,4,16,P001,Analytics Suite,0,West,Online,11,493.61,5429.71,2203.3,3226.41,110,3
1283,2025-04-17,2025,4,16,P002,Dashboard Pro,0,West,Online,19,290.96,5528.24,2424.78,3103.46,228,4
1284,2025-04-17,2025,4,16,P003,Data Connector Plus,0,West,Online,29,147.97,4291.13,1767.26,2523.87,232,6
1285,2025-04-18,2025,4,16,P001,Analytics Suite,0,North,Offline,10,484.9,4849.0,1973.1,2875.9,80,2
1286,2025-04-18,2025,4,16,P002,Dashboard Pro,0,North,Offline,18,294.45,5300.1,2080.62,3219.48,252,4
1287,2025-04-18,2025,4,16,P003,Data Connector Plus,0,North,Offline,27,152.1,4106.7,1958.04,2148.66,378,5
1288,2025-04-18,2025,4,16,P001,Analytics Suite,0,South,Offline,13,507.44,6596.72,3140.93,3455.79,143,3
1289,2025-04-18,2025,4,16,P002,Dashboard Pro,0,South,Partner,16,304.61,4873.76,1992.96,2880.8,192,4
1290,2025-04-18,2025,4,16,P003,Data Connector Plus,0,South,Offline,24,152.88,3669.12,1486.32,2182.8,288,5
1291,2025-04-18,2025,4,16,P001,Analytics Suite,0,East,Online,13,509.25,6620.25,2853.5,3766.75,182,2
1292,2025-04-18,2025,4,16,P002,Dashboard Pro,0,East,Online,19,300.13,5702.47,2565.19,3137.28,209,4
1293,2025-04-18,2025,4,16,P003,Data Connector Plus,0,East,Partner,29,153.46,4450.34,1962.72,2487.62,261,7
1294,2025-04-18,2025,4,16,P001,Analytics Suite,0,West,Online,11,504.45,5548.95,2652.21,2896.74,110,2
1295,2025-04-18,2025,4,16,P002,Dashboard Pro,0,West,Online,17,301.91,5132.47,2186.37,2946.1,153,4
1296,2025-04-18,2025,4,16,P003,Data Connector Plus,0,West,Offline,24,150.72,3617.28,1594.8,2022.48,192,4
1297,2025-04-19,2025,4,16,P001,Analytics Suite,0,North,Offline,6,489.23,2935.38,1321.86,1613.52,78,1
1298,2025-04-19,2025,4,16,P002,Dashboard Pro,0,North,Offline,11,304.15,3345.65,1451.56,1894.09,88,2
1299,2025-04-19,2025,4,16,P003,Data Connector Plus,0,North,Online,19,148.51,2821.69,1178.38,1643.31,266,4
1300,2025-04-19,2025,4,16,P001,Analytics Suite,0,South,Offline,7,509.15,3564.05,1398.81,2165.24,56,1
1301,2025-04-19,2025,4,16,P002,Dashboard Pro,0,South,Offline,10,290.2,2902.0,1184.3,1717.7,140,2
1302,2025-04-19,2025,4,16,P003,Data Connector Plus,0,South,Offline,17,145.33,2470.61,1138.49,1332.12,170,3
1303,2025-04-19,2025,4,16,P001,Analytics Suite,0,East,Online,8,512.99,4103.92,1930.72,2173.2,88,2
1304,2025-04-19,2025,4,16,P002,Dashboard Pro,0,East,Offline,10,293.55,2935.5,1148.1,1787.4,110,2
1305,2025-04-19,2025,4,16,P003,Data Connector Plus,0,East,Online,18,146.05,2628.9,1147.68,1481.22,234,4
1306,2025-04-19,2025,4,16,P001,Analytics Suite,0,West,Online,7,485.99,3401.93,1336.09,2065.84,56,1
1307,2025-04-19,2025,4,16,P002,Dashboard Pro,0,West,Offline,12,305.84,3670.08,1465.08,2205.0,120,2
1308,2025-04-19,2025,4,16,P003,Data Connector Plus,0,West,Offline,20,150.73,3014.6,1350.8,1663.8,200,5
1309,2025-04-20,2025,4,16,P001,Analytics Suite,0,North,Offline,6,496.82,2980.92,1148.22,1832.7,78,1
1310,2025-04-20,2025,4,16,P002,Dashboard Pro,0,North,Online,11,307.88,3386.68,1462.45,1924.23,143,2
1311,2025-04-20,2025,4,16,P003,Data Connector Plus,0,North,Offline,18,144.92,2608.56,1063.8,1544.76,144,3
1312,2025-04-20,2025,4,16,P001,Analytics Suite,0,South,Online,7,484.18,3389.26,1586.2,1803.06,56,1
1313,2025-04-20,2025,4,16,P002,Dashboard Pro,0,South,Offline,13,294.08,3823.04,1803.36,2019.68,104,2
1314,2025-04-20,2025,4,16,P003,Data Connector Plus,0,South,Offline,17,145.09,2466.53,1055.7,1410.83,136,4
1315,2025-04-20,2025,4,16,P001,Analytics Suite,0,East,Online,7,502.78,3519.46,1424.36,2095.1,70,1
1316,2025-04-20,2025,4,16,P002,Dashboard Pro,0,East,Offline,12,304.97,3659.64,1681.32,1978.32,144,3
1317,2025-04-20,2025,4,16,P003,Data Connector Plus,0,East,Offline,19,150.07,2851.33,1210.87,1640.46,247,3
1318,2025-04-20,2025,4,16,P001,Analytics Suite,0,West,Online,8,511.48,4091.84,1838.64,2253.2,112,2
1319,2025-04-20,2025,4,16,P002,Dashboard Pro,0,West,Online,10,304.42,3044.2,1347.4,1696.8,120,1
1320,2025-04-20,2025,4,16,P003,Data Connector Plus,0,West,Online,18,149.53,2691.54,1130.94,1560.6,198,4
1321,2025-04-21,2025,4,17,P001,Analytics Suite,0,North,Offline,11,509.92,5609.12,2137.41,3471.71,132,2
1322,2025-04-21,2025,4,17,P002,Dashboard Pro,0,North,Offline,19,305.82,5810.58,2586.28,3224.3,190,4
1323,2025-04-21,2025,4,17,P003,Data Connector Plus,0,North,Offline,24,149.15,3579.6,1397.04,2182.56,192,5
1324,2025-04-21,2025,4,17,P001,Analytics Suite,0,South,Online,10,507.67,5076.7,1993.1,3083.6,120,2
1325,2025-04-21,2025,4,17,P002,Dashboard Pro,0,South,Offline,17,298.67,5077.39,2052.92,3024.47,153,4
1326,2025-04-21,2025,4,17,P003,Data Connector Plus,0,South,Offline,25,147.32,3683.0,1677.5,2005.5,325,5
1327,2025-04-21,2025,4,17,P001,Analytics Suite,0,East,Online,13,507.25,6594.25,2903.68,3690.57,130,2
1328,2025-04-21,2025,4,17,P002,Dashboard Pro,0,East,Offline,20,299.32,5986.4,2309.2,3677.2,180,4
1329,2025-04-21,2025,4,17,P003,Data Connector Plus,0,East,Offline,30,152.21,4566.3,2181.0,2385.3,270,7
1330,2025-04-21,2025,4,17,P001,Analytics Suite,0,West,Online,11,486.08,5346.88,2403.28,2943.6,121,3
1331,2025-04-21,2025,4,17,P002,Dashboard Pro,0,West,Offline,18,295.97,5327.46,2352.6,2974.86,180,3
1332,2025-04-21,2025,4,17,P003,Data Connector Plus,0,West,Offline,25,148.59,3714.75,1595.75,2119.0,200,6
1333,2025-04-22,2025,4,17,P001,Analytics Suite,0,North,Offline,12,504.79,6057.48,2446.68,3610.8,108,3
1334,2025-04-22,2025,4,17,P002,Dashboard Pro,0,North,Offline,19,295.98,5623.62,2362.08,3261.54,171,4
1335,2025-04-22,2025,4,17,P003,Data Connector Plus,0,North,Online,24,144.62,3470.88,1358.88,2112.0,288,5
1336,2025-04-22,2025,4,17,P001,Analytics Suite,0,South,Offline,11,501.57,5517.27,2634.72,2882.55,88,2
1337,2025-04-22,2025,4,17,P002,Dashboard Pro,0,South,Online,17,293.96,4997.32,2068.73,2928.59,153,4
1338,2025-04-22,2025,4,17,P003,Data Connector Plus,0,South,Partner,25,144.72,3618.0,1382.5,2235.5,200,6
1339,2025-04-22,2025,4,17,P001,Analytics Suite,0,East,Online,11,507.61,5583.71,2292.18,3291.53,99,2
1340,2025-04-22,2025,4,17,P002,Dashboard Pro,0,East,Partner,19,301.89,5735.91,2751.96,2983.95,266,5
1341,2025-04-22,2025,4,17,P003,Data Connector Plus,0,East,Online,30,145.11,4353.3,2000.4,2352.9,270,5
1342,2025-04-22,2025,4,17,P001,Analytics Suite,0,West,Offline,11,495.24,5447.64,2203.3,3244.34,143,2
1343,2025-04-22,2025,4,17,P002,Dashboard Pro,0,West,Offline,18,293.42,5281.56,2085.48,3196.08,252,3
1344,2025-04-22,2025,4,17,P003,Data Connector Plus,0,West,Online,28,147.03,4116.84,1963.08,2153.76,336,7
1345,2025-04-23,2025,4,17,P001,Analytics Suite,0,North,Offline,11,486.47,5351.17,2362.47,2988.7,143,2
1346,2025-04-23,2025,4,17,P002,Dashboard Pro,0,North,Offline,17,305.86,5199.62,2235.16,2964.46,170,3
1347,2025-04-23,2025,4,17,P003,Data Connector Plus,0,North,Offline,26,147.87,3844.62,1828.32,2016.3,338,5
1348,2025-04-23,2025,4,17,P001,Analytics Suite,0,South,Offline,12,503.13,6037.56,2316.36,3721.2,156,2
1349,2025-04-23,2025,4,17,P002,Dashboard Pro,0,South,Online,16,305.52,4888.32,2065.28,2823.04,160,3
1350,2025-04-23,2025,4,17,P003,Data Connector Plus,0,South,Online,25,152.06,3801.5,1495.75,2305.75,200,4
1351,2025-04-23,2025,4,17,P001,Analytics Suite,0,East,Offline,11,494.56,5440.16,2345.97,3094.19,121,2
1352,2025-04-23,2025,4,17,P002,Dashboard Pro,0,East,Online,17,297.79,5062.43,2084.2,2978.23,187,3
1353,2025-04-23,2025,4,17,P003,Data Connector Plus,0,East,Offline,25,146.62,3665.5,1723.25,1942.25,250,5
1354,2025-04-23,2025,4,17,P001,Analytics Suite,0,West,Online,12,500.4,6004.8,2838.24,3166.56,120,2
1355,2025-04-23,2025,4,17,P002,Dashboard Pro,0,West,Online,16,290.72,4651.52,2081.6,2569.92,144,3
1356,2025-04-23,2025,4,17,P003,Data Connector Plus,0,West,Partner,29,151.4,4390.6,1978.38,2412.22,261,8
1357,2025-04-24,2025,4,17,P001,Analytics Suite,0,North,Offline,13,506.56,6585.28,2508.09,4077.19,130,2
1358,2025-04-24,2025,4,17,P002,Dashboard Pro,0,North,Online,19,304.08,5777.52,2670.26,3107.26,209,4
1359,2025-04-24,2025,4,17,P003,Data Connector Plus,0,North,Partner,24,150.38,3609.12,1683.84,1925.28,216,4
1360,2025-04-24,2025,4,17,P001,Analytics Suite,0,South,Online,12,490.31,5883.72,2698.2,3185.52,144,3
1361,2025-04-24,2025,4,17,P002,Dashboard Pro,0,South,Offline,18,298.31,5369.58,2494.62,2874.96,180,4
1362,2025-04-24,2025,4,17,P003,Data Connector Plus,0,South,Offline,30,148.26,4447.8,1938.6,2509.2,420,6
1363,2025-04-24,2025,4,17,P001,Analytics Suite,0,East,Partner,12,487.87,5854.44,2517.24,3337.2,96,2
1364,2025-04-24,2025,4,17,P002,Dashboard Pro,0,East,Offline,17,294.08,4999.36,2101.37,2897.99,238,4
1365,2025-04-24,2025,4,17,P003,Data Connector Plus,0,East,Online,28,147.45,4128.6,1582.28,2546.32,392,5
1366,2025-04-24,2025,4,17,P001,Analytics Suite,0,West,Offline,13,513.8,6679.4,2940.99,3738.41,182,3
1367,2025-04-24,2025,4,17,P002,Dashboard Pro,0,West,Online,19,307.61,5844.59,2258.15,3586.44,209,4
1368,2025-04-24,2025,4,17,P003,Data Connector Plus,0,West,Partner,27,147.47,3981.69,1869.21,2112.48,351,5
1369,2025-04-25,2025,4,17,P001,Analytics Suite,0,North,Online,10,500.58,5005.8,2204.2,2801.6,130,1
1370,2025-04-25,2025,4,17,P002,Dashboard Pro,0,North,Online,16,306.38,4902.08,1976.96,2925.12,144,3
1371,2025-04-25,2025,4,17,P003,Data Connector Plus,0,North,Offline,25,145.04,3626.0,1496.25,2129.75,225,6
1372,2025-04-25,2025,4,17,P001,Analytics Suite,0,South,Online,11,513.66,5650.26,2417.36,3232.9,121,2
1373,2025-04-25,2025,4,17,P002,Dashboard Pro,0,South,Online,19,305.56,5805.64,2386.02,3419.62,171,4
1374,2025-04-25,2025,4,17,P003,Data Connector Plus,0,South,Offline,29,145.95,4232.55,1857.16,2375.39,290,6
1375,2025-04-25,2025,4,17,P001,Analytics Suite,0,East,Online,12,492.28,5907.36,2508.12,3399.24,108,3
1376,2025-04-25,2025,4,17,P002,Dashboard Pro,0,East,Online,18,294.46,5300.28,2480.04,2820.24,216,4
1377,2025-04-25,2025,4,17,P003,Data Connector Plus,0,East,Online,28,151.12,4231.36,1754.76,2476.6,308,7
1378,2025-04-25,2025,4,17,P001,Analytics Suite,0,West,Offline,12,495.74,5948.88,2364.72,3584.16,168,2
1379,2025-04-25,2025,4,17,P002,Dashboard Pro,0,West,Offline,19,303.18,5760.42,2294.63,3465.79,247,4
1380,2025-04-25,2025,4,17,P003,Data Connector Plus,0,West,Online,27,152.98,4130.46,1634.85,2495.61,378,7
1381,2025-04-26,2025,4,17,P001,Analytics Suite,0,North,Online,7,503.99,3527.93,1595.44,1932.49,91,1
1382,2025-04-26,2025,4,17,P002,Dashboard Pro,0,North,Offline,11,307.83,3386.13,1312.63,2073.5,110,2
1383,2025-04-26,2025,4,17,P003,Data Connector Plus,0,North,Offline,19,147.44,2801.36,1122.52,1678.84,190,3
1384,2025-04-26,2025,4,17,P001,Analytics Suite,0,South,Offline,6,503.16,3018.96,1262.28,1756.68,66,1
1385,2025-04-26,2025,4,17,P002,Dashboard Pro,0,South,Online,12,297.15,3565.8,1607.88,1957.92,96,2
1386,2025-04-26,2025,4,17,P003,Data Connector Plus,0,South,Offline,18,148.68,2676.24,1163.7,1512.54,144,3
1387,2025-04-26,2025,4,17,P001,Analytics Suite,0,East,Offline,8,488.23,3905.84,1547.28,2358.56,112,2
1388,2025-04-26,2025,4,17,P002,Dashboard Pro,0,East,Online,12,293.21,3518.52,1474.56,2043.96,156,2
1389,2025-04-26,2025,4,17,P003,Data Connector Plus,0,East,Online,19,150.59,2861.21,1138.1,1723.11,190,4
1390,2025-04-26,2025,4,17,P001,Analytics Suite,0,West,Offline,8,499.97,3999.76,1854.48,2145.28,64,2
1391,2025-04-26,2025,4,17,P002,Dashboard Pro,0,West,Partner,12,302.88,3634.56,1632.0,2002.56,132,2
1392,2025-04-26,2025,4,17,P003,Data Connector Plus,0,West,Online,18,144.97,2609.46,1233.9,1375.56,162,3
1393,2025-04-27,2025,4,17,P001,Analytics Suite,0,North,Offline,7,486.77,3407.39,1409.66,1997.73,56,1
1394,2025-04-27,2025,4,17,P002,Dashboard Pro,0,North,Partner,12,293.99,3527.88,1635.36,1892.52,168,2
1395,2025-04-27,2025,4,17,P003,Data Connector Plus,0,North,Offline,19,144.92,2753.48,1136.39,1617.09,266,4
1396,2025-04-27,2025,4,17,P001,Analytics Suite,0,South,Offline,7,490.23,3431.61,1345.47,2086.14,77,1
1397,2025-04-27,2025,4,17,P002,Dashboard Pro,0,South,Online,11,293.14,3224.54,1229.14,1995.4,110,2
1398,2025-04-27,2025,4,17,P003,Data Connector Plus,0,South,Online,16,150.41,2406.56,1003.36,1403.2,192,2
1399,2025-04-27,2025,4,17,P001,Analytics Suite,0,East,Offline,7,493.06,3451.42,1557.43,1893.99,56,1
1400,2025-04-27,2025,4,17,P002,Dashboard Pro,0,East,Online,12,300.24,3602.88,1585.2,2017.68,96,3
1401,2025-04-27,2025,4,17,P003,Data Connector Plus,0,East,Partner,19,150.59,2861.21,1125.37,1735.84,247,3
1402,2025-04-27,2025,4,17,P001,Analytics Suite,0,West,Partner,8,504.62,4036.96,1728.64,2308.32,104,1
1403,2025-04-27,2025,4,17,P002,Dashboard Pro,0,West,Online,12,300.53,3606.36,1638.0,1968.36,156,2
1404,2025-04-27,2025,4,17,P003,Data Connector Plus,0,West,Online,19,144.65,2748.35,1290.86,1457.49,266,4
1405,2025-04-28,2025,4,18,P001,Analytics Suite,0,North,Offline,12,506.7,6080.4,2394.24,3686.16,96,2
1406,2025-04-28,2025,4,18,P002,Dashboard Pro,0,North,Offline,16,296.77,4748.32,2242.88,2505.44,144,3
1407,2025-04-28,2025,4,18,P003,Data Connector Plus,0,North,Online,30,151.14,4534.2,1866.9,2667.3,300,7
1408,2025-04-28,2025,4,18,P001,Analytics Suite,0,South,Online,10,507.74,5077.4,2075.9,3001.5,140,1
1409,2025-04-28,2025,4,18,P002,Dashboard Pro,0,South,Online,19,295.97,5623.43,2167.33,3456.1,228,5
1410,2025-04-28,2025,4,18,P003,Data Connector Plus,0,South,Offline,31,151.69,4702.39,2072.97,2629.42,279,6
1411,2025-04-28,2025,4,18,P001,Analytics Suite,0,East,Online,11,497.27,5469.97,2347.51,3122.46,154,3
1412,2025-04-28,2025,4,18,P002,Dashboard Pro,0,East,Partner,16,307.83,4925.28,1916.8,3008.48,144,3
1413,2025-04-28,2025,4,18,P003,Data Connector Plus,0,East,Online,30,152.86,4585.8,1938.0,2647.8,240,6
1414,2025-04-28,2025,4,18,P001,Analytics Suite,0,West,Offline,11,489.94,5389.34,2182.18,3207.16,132,2
1415,2025-04-28,2025,4,18,P002,Dashboard Pro,0,West,Online,17,301.43,5124.31,2193.85,2930.46,238,4
1416,2025-04-28,2025,4,18,P003,Data Connector Plus,0,West,Offline,27,147.91,3993.57,1719.36,2274.21,297,6
1417,2025-04-29,2025,4,18,P001,Analytics Suite,0,North,Offline,12,508.57,6102.84,2784.12,3318.72,96,2
1418,2025-04-29,2025,4,18,P002,Dashboard Pro,0,North,Online,16,306.29,4900.64,1937.12,2963.52,192,4
1419,2025-04-29,2025,4,18,P003,Data Connector Plus,0,North,Offline,26,148.68,3865.68,1686.36,2179.32,286,5
1420,2025-04-29,2025,4,18,P001,Analytics Suite,0,South,Online,11,505.43,5559.73,2114.97,3444.76,99,2
1421,2025-04-29,2025,4,18,P002,Dashboard Pro,0,South,Online,18,296.74,5341.32,2531.88,2809.44,198,4
1422,2025-04-29,2025,4,18,P003,Data Connector Plus,0,South,Offline,27,148.91,4020.57,1556.55,2464.02,324,7
1423,2025-04-29,2025,4,18,P001,Analytics Suite,0,East,Partner,13,487.76,6340.88,2532.66,3808.22,117,2
1424,2025-04-29,2025,4,18,P002,Dashboard Pro,0,East,Offline,16,306.41,4902.56,2210.56,2692.0,192,3
1425,2025-04-29,2025,4,18,P003,Data Connector Plus,0,East,Online,27,145.05,3916.35,1776.33,2140.02,297,5
1426,2025-04-29,2025,4,18,P001,Analytics Suite,0,West,Offline,10,508.38,5083.8,1946.2,3137.6,130,2
1427,2025-04-29,2025,4,18,P002,Dashboard Pro,0,West,Partner,16,300.89,4814.24,1951.84,2862.4,144,3
1428,2025-04-29,2025,4,18,P003,Data Connector Plus,0,West,Online,31,152.05,4713.55,1834.58,2878.97,434,7
1429,2025-04-30,2025,4,18,P001,Analytics Suite,0,North,Partner,11,505.17,5556.87,2399.76,3157.11,88,2
1430,2025-04-30,2025,4,18,P002,Dashboard Pro,0,North,Online,17,304.92,5183.64,2229.38,2954.26,170,3
1431,2025-04-30,2025,4,18,P003,Data Connector Plus,0,North,Offline,30,149.77,4493.1,2101.2,2391.9,420,7
1432,2025-04-30,2025,4,18,P001,Analytics Suite,0,South,Offline,10,503.08,5030.8,2321.3,2709.5,100,2
1433,2025-04-30,2025,4,18,P002,Dashboard Pro,0,South,Offline,16,303.45,4855.2,2324.16,2531.04,128,4
1434,2025-04-30,2025,4,18,P003,Data Connector Plus,0,South,Offline,24,145.15,3483.6,1469.04,2014.56,288,5
1435,2025-04-30,2025,4,18,P001,Analytics Suite,0,East,Online,11,489.31,5382.41,2151.93,3230.48,99,2
1436,2025-04-30,2025,4,18,P002,Dashboard Pro,0,East,Offline,19,298.11,5664.09,2266.13,3397.96,171,4
1437,2025-04-30,2025,4,18,P003,Data Connector Plus,0,East,Partner,30,146.25,4387.5,1846.5,2541.0,420,7
1438,2025-04-30,2025,4,18,P001,Analytics Suite,0,West,Online,12,510.03,6120.36,2378.16,3742.2,120,2
1439,2025-04-30,2025,4,18,P002,Dashboard Pro,0,West,Online,16,290.56,4648.96,2079.36,2569.6,176,3
1440,2025-04-30,2025,4,18,P003,Data Connector Plus,0,West,Online,25,151.25,3781.25,1735.25,2046.0,300,4
1441,2025-05-01,2025,5,18,P001,Analytics Suite,0,North,Online,11,507.74,5585.14,2673.55,2911.59,132,2
1442,2025-05-01,2025,5,18,P002,Dashboard Pro,0,North,Online,20,298.52,5970.4,2469.6,3500.8,220,4
1443,2025-05-01,2025,5,18,P003,Data Connector Plus,0,North,Online,28,147.35,4125.8,1842.12,2283.68,280,6
1444,2025-05-01,2025,5,18,P001,Analytics Suite,0,South,Online,11,494.69,5441.59,2069.43,3372.16,88,2
1445,2025-05-01,2025,5,18,P002,Dashboard Pro,0,South,Partner,18,305.02,5490.36,2416.86,3073.5,144,4
1446,2025-05-01,2025,5,18,P003,Data Connector Plus,0,South,Offline,27,150.78,4071.06,1730.97,2340.09,270,6
1447,2025-05-01,2025,5,18,P001,Analytics Suite,0,East,Offline,13,499.45,6492.85,3107.65,3385.2,104,3
1448,2025-05-01,2025,5,18,P002,Dashboard Pro,0,East,Online,20,290.33,5806.6,2769.6,3037.0,160,5
1449,2025-05-01,2025,5,18,P003,Data Connector Plus,0,East,Offline,30,146.62,4398.6,1941.0,2457.6,390,5
1450,2025-05-01,2025,5,18,P001,Analytics Suite,0,West,Partner,12,511.92,6143.04,2860.92,3282.12,156,3
1451,2025-05-01,2025,5,18,P002,Dashboard Pro,0,West,Online,19,295.3,5610.7,2620.1,2990.6,171,5
1452,2025-05-01,2025,5,18,P003,Data Connector Plus,0,West,Online,31,150.94,4679.14,2150.78,2528.36,341,6
1453,2025-05-02,2025,5,18,P001,Analytics Suite,0,North,Partner,13,500.46,6505.98,3055.52,3450.46,117,3
1454,2025-05-02,2025,5,18,P002,Dashboard Pro,0,North,Online,18,299.73,5395.14,2456.46,2938.68,162,4
1455,2025-05-02,2025,5,18,P003,Data Connector Plus,0,North,Offline,26,148.42,3858.92,1824.94,2033.98,234,5
1456,2025-05-02,2025,5,18,P001,Analytics Suite,0,South,Offline,12,492.42,5909.04,2526.84,3382.2,156,3
1457,2025-05-02,2025,5,18,P002,Dashboard Pro,0,South,Offline,17,292.47,4971.99,2134.01,2837.98,221,4
1458,2025-05-02,2025,5,18,P003,Data Connector Plus,0,South,Offline,28,146.53,4102.84,1585.64,2517.2,336,6
1459,2025-05-02,2025,5,18,P001,Analytics Suite,0,East,Offline,13,506.27,6581.51,2923.57,3657.94,169,3
1460,2025-05-02,2025,5,18,P002,Dashboard Pro,0,East,Online,20,304.53,6090.6,2491.6,3599.0,160,3
1461,2025-05-02,2025,5,18,P003,Data Connector Plus,0,East,Online,28,149.82,4194.96,1834.28,2360.68,224,5
1462,2025-05-02,2025,5,18,P001,Analytics Suite,0,West,Offline,12,495.41,5944.92,2295.84,3649.08,120,2
1463,2025-05-02,2025,5,18,P002,Dashboard Pro,0,West,Online,20,307.61,6152.2,2828.4,3323.8,200,5
1464,2025-05-02,2025,5,18,P003,Data Connector Plus,0,West,Offline,26,150.46,3911.96,1641.12,2270.84,208,6
1465,2025-05-03,2025,5,18,P001,Analytics Suite,0,North,Partner,8,488.36,3906.88,1570.16,2336.72,112,1
1466,2025-05-03,2025,5,18,P002,Dashboard Pro,0,North,Offline,11,295.11,3246.21,1493.69,1752.52,154,2
1467,2025-05-03,2025,5,18,P003,Data Connector Plus,0,North,Partner,19,147.29,2798.51,1140.0,1658.51,152,5
1468,2025-05-03,2025,5,18,P001,Analytics Suite,0,South,Online,8,502.92,4023.36,1812.16,2211.2,80,1
1469,2025-05-03,2025,5,18,P002,Dashboard Pro,0,South,Offline,13,296.01,3848.13,1788.67,2059.46,117,3
1470,2025-05-03,2025,5,18,P003,Data Connector Plus,0,South,Partner,17,151.11,2568.87,1022.21,1546.66,238,3
1471,2025-05-03,2025,5,18,P001,Analytics Suite,0,East,Offline,7,513.5,3594.5,1423.1,2171.4,98,1
1472,2025-05-03,2025,5,18,P002,Dashboard Pro,0,East,Offline,11,297.61,3273.71,1492.04,1781.67,110,2
1473,2025-05-03,2025,5,18,P003,Data Connector Plus,0,East,Offline,19,147.06,2794.14,1257.61,1536.53,171,4
1474,2025-05-03,2025,5,18,P001,Analytics Suite,0,West,Offline,7,493.71,3455.97,1591.52,1864.45,98,1
1475,2025-05-03,2025,5,18,P002,Dashboard Pro,0,West,Online,12,298.24,3578.88,1518.12,2060.76,108,2
1476,2025-05-03,2025,5,18,P003,Data Connector Plus,0,West,Offline,20,146.41,2928.2,1328.0,1600.2,180,3
1477,2025-05-04,2025,5,18,P001,Analytics Suite,0,North,Offline,8,501.27,4010.16,1583.04,2427.12,112,2
1478,2025-05-04,2025,5,18,P002,Dashboard Pro,0,North,Partner,12,305.13,3661.56,1521.6,2139.96,96,2
1479,2025-05-04,2025,5,18,P003,Data Connector Plus,0,North,Offline,21,145.58,3057.18,1343.16,1714.02,210,5
1480,2025-05-04,2025,5,18,P001,Analytics Suite,0,South,Online,8,496.13,3969.04,1665.68,2303.36,72,1
1481,2025-05-04,2025,5,18,P002,Dashboard Pro,0,South,Offline,12,293.12,3517.44,1579.92,1937.52,168,3
1482,2025-05-04,2025,5,18,P003,Data Connector Plus,0,South,Partner,19,151.48,2878.12,1203.65,1674.47,247,4
1483,2025-05-04,2025,5,18,P001,Analytics Suite,0,East,Online,8,484.38,3875.04,1662.08,2212.96,64,1
1484,2025-05-04,2025,5,18,P002,Dashboard Pro,0,East,Offline,12,290.44,3485.28,1491.48,1993.8,144,2
1485,2025-05-04,2025,5,18,P003,Data Connector Plus,0,East,Online,17,149.83,2547.11,1146.82,1400.29,221,3
1486,2025-05-04,2025,5,18,P001,Analytics Suite,0,West,Offline,7,493.77,3456.39,1588.3,1868.09,98,1
1487,2025-05-04,2025,5,18,P002,Dashboard Pro,0,West,Offline,13,290.38,3774.94,1730.17,2044.77,156,3
1488,2025-05-04,2025,5,18,P003,Data Connector Plus,0,West,Offline,17,152.01,2584.17,1186.09,1398.08,238,3
1489,2025-05-05,2025,5,19,P001,Analytics Suite,0,North,Partner,13,512.94,6668.22,3108.69,3559.53,117,3
1490,2025-05-05,2025,5,19,P002,Dashboard Pro,0,North,Online,16,298.05,4768.8,1873.6,2895.2,128,3
1491,2025-05-05,2025,5,19,P003,Data Connector Plus,0,North,Partner,27,149.56,4038.12,1568.7,2469.42,216,5
1492,2025-05-05,2025,5,19,P001,Analytics Suite,0,South,Online,11,512.96,5642.56,2144.23,3498.33,143,2
1493,2025-05-05,2025,5,19,P002,Dashboard Pro,0,South,Offline,20,299.35,5987.0,2594.8,3392.2,260,3
1494,2025-05-05,2025,5,19,P003,Data Connector Plus,0,South,Partner,29,147.33,4272.57,1882.68,2389.89,290,6
1495,2025-05-05,2025,5,19,P001,Analytics Suite,0,East,Online,13,503.87,6550.31,2612.35,3937.96,104,2
1496,2025-05-05,2025,5,19,P002,Dashboard Pro,0,East,Offline,20,307.21,6144.2,2698.4,3445.8,180,4
1497,2025-05-05,2025,5,19,P003,Data Connector Plus,0,East,Offline,31,148.3,4597.3,1922.62,2674.68,310,8
1498,2025-05-05,2025,5,19,P001,Analytics Suite,0,West,Online,12,486.52,5838.24,2767.44,3070.8,132,2
1499,2025-05-05,2025,5,19,P002,Dashboard Pro,0,West,Online,17,301.32,5122.44,2303.5,2818.94,221,3
1500,2025-05-05,2025,5,19,P003,Data Connector Plus,0,West,Offline,28,150.41,4211.48,1669.36,2542.12,336,7
1501,2025-05-06,2025,5,19,P001,Analytics Suite,0,North,Online,12,507.62,6091.44,2465.52,3625.92,144,2
1502,2025-05-06,2025,5,19,P002,Dashboard Pro,0,North,Online,19,302.3,5743.7,2550.37,3193.33,190,4
1503,2025-05-06,2025,5,19,P003,Data Connector Plus,0,North,Partner,28,146.97,4115.16,1676.36,2438.8,252,5
1504,2025-05-06,2025,5,19,P001,Analytics Suite,0,South,Partner,14,490.68,6869.52,3246.32,3623.2,196,2
1505,2025-05-06,2025,5,19,P002,Dashboard Pro,0,South,Offline,19,295.53,5615.07,2187.28,3427.79,209,4
1506,2025-05-06,2025,5,19,P003,Data Connector Plus,0,South,Online,29,147.05,4264.45,2002.74,2261.71,232,5
1507,2025-05-06,2025,5,19,P001,Analytics Suite,0,East,Online,13,495.69,6443.97,2885.48,3558.49,169,3
1508,2025-05-06,2025,5,19,P002,Dashboard Pro,0,East,Online,19,305.85,5811.15,2282.28,3528.87,228,3
1509,2025-05-06,2025,5,19,P003,Data Connector Plus,0,East,Online,29,145.92,4231.68,1848.17,2383.51,319,5
1510,2025-05-06,2025,5,19,P001,Analytics Suite,0,West,Online,13,503.17,6541.21,2648.62,3892.59,182,3
1511,2025-05-06,2025,5,19,P002,Dashboard Pro,0,West,Partner,19,293.31,5572.89,2378.8,3194.09,266,3
1512,2025-05-06,2025,5,19,P003,Data Connector Plus,0,West,Offline,32,149.18,4773.76,1923.2,2850.56,448,7
1513,2025-05-07,2025,5,19,P001,Analytics Suite,0,North,Offline,11,493.18,5424.98,2110.35,3314.63,154,2
1514,2025-05-07,2025,5,19,P002,Dashboard Pro,0,North,Online,19,306.98,5832.62,2265.75,3566.87,152,3
1515,2025-05-07,2025,5,19,P003,Data Connector Plus,0,North,Online,32,151.76,4856.32,2174.08,2682.24,352,8
1516,2025-05-07,2025,5,19,P001,Analytics Suite,0,South,Offline,11,498.93,5488.23,2572.9,2915.33,143,2
1517,2025-05-07,2025,5,19,P002,Dashboard Pro,0,South,Partner,18,301.09,5419.62,2063.34,3356.28,234,4
1518,2025-05-07,2025,5,19,P003,Data Connector Plus,0,South,Partner,29,147.61,4280.69,2033.77,2246.92,377,7
1519,2025-05-07,2025,5,19,P001,Analytics Suite,0,East,Offline,13,499.84,6497.92,2760.68,3737.24,156,2
1520,2025-05-07,2025,5,19,P002,Dashboard Pro,0,East,Partner,20,303.73,6074.6,2354.0,3720.6,180,5
1521,2025-05-07,2025,5,19,P003,Data Connector Plus,0,East,Offline,29,153.05,4438.45,1762.33,2676.12,319,8
1522,2025-05-07,2025,5,19,P001,Analytics Suite,0,West,Offline,12,504.36,6052.32,2763.72,3288.6,168,2
1523,2025-05-07,2025,5,19,P002,Dashboard Pro,0,West,Online,17,295.3,5020.1,2224.45,2795.65,221,3
1524,2025-05-07,2025,5,19,P003,Data Connector Plus,0,West,Partner,32,152.84,4890.88,2262.4,2628.48,384,5
1525,2025-05-08,2025,5,19,P001,Analytics Suite,0,North,Offline,12,502.53,6030.36,2295.12,3735.24,120,2
1526,2025-05-08,2025,5,19,P002,Dashboard Pro,0,North,Online,17,291.95,4963.15,1978.46,2984.69,221,3
1527,2025-05-08,2025,5,19,P003,Data Connector Plus,0,North,Online,26,148.93,3872.18,1819.22,2052.96,312,5
1528,2025-05-08,2025,5,19,P001,Analytics Suite,0,South,Offline,13,484.24,6295.12,2534.48,3760.64,130,2
1529,2025-05-08,2025,5,19,P002,Dashboard Pro,0,South,Online,17,297.71,5061.07,2059.55,3001.52,238,4
1530,2025-05-08,2025,5,19,P003,Data Connector Plus,0,South,Online,30,148.46,4453.8,1885.8,2568.0,390,6
1531,2025-05-08,2025,5,19,P001,Analytics Suite,0,East,Online,13,489.97,6369.61,2505.62,3863.99,104,2
1532,2025-05-08,2025,5,19,P002,Dashboard Pro,0,East,Offline,18,290.6,5230.8,2489.76,2741.04,198,5
1533,2025-05-08,2025,5,19,P003,Data Connector Plus,0,East,Offline,26,148.9,3871.4,1747.72,2123.68,338,5
1534,2025-05-08,2025,5,19,P001,Analytics Suite,0,West,Offline,13,510.43,6635.59,3081.0,3554.59,169,2
1535,2025-05-08,2025,5,19,P002,Dashboard Pro,0,West,Online,17,291.97,4963.49,2057.0,2906.49,153,3
1536,2025-05-08,2025,5,19,P003,Data Connector Plus,0,West,Offline,30,145.0,4350.0,2077.8,2272.2,330,7
1537,2025-05-09,2025,5,19,P001,Analytics Suite,0,North,Offline,12,492.7,5912.4,2500.32,3412.08,168,2
1538,2025-05-09,2025,5,19,P002,Dashboard Pro,0,North,Online,19,293.38,5574.22,2599.96,2974.26,152,5
1539,2025-05-09,2025,5,19,P003,Data Connector Plus,0,North,Online,27,151.87,4100.49,1879.2,2221.29,351,5
1540,2025-05-09,2025,5,19,P001,Analytics Suite,0,South,Online,13,502.33,6530.29,2867.54,3662.75,182,3
1541,2025-05-09,2025,5,19,P002,Dashboard Pro,0,South,Online,17,292.4,4970.8,2350.76,2620.04,153,3
1542,2025-05-09,2025,5,19,P003,Data Connector Plus,0,South,Online,30,145.34,4360.2,1885.8,2474.4,330,7
1543,2025-05-09,2025,5,19,P001,Analytics Suite,0,East,Offline,14,490.67,6869.38,2960.58,3908.8,112,3
1544,2025-05-09,2025,5,19,P002,Dashboard Pro,0,East,Online,18,294.86,5307.48,2394.54,2912.94,180,3
1545,2025-05-09,2025,5,19,P003,Data Connector Plus,0,East,Online,32,146.15,4676.8,2125.44,2551.36,416,6
1546,2025-05-09,2025,5,19,P001,Analytics Suite,0,West,Online,12,511.23,6134.76,2485.92,3648.84,108,2
1547,2025-05-09,2025,5,19,P002,Dashboard Pro,0,West,Offline,18,292.03,5256.54,2287.44,2969.1,234,4
1548,2025-05-09,2025,5,19,P003,Data Connector Plus,0,West,Online,28,151.16,4232.48,1857.52,2374.96,392,6
1549,2025-05-10,2025,5,19,P001,Analytics Suite,0,North,Offline,7,492.29,3446.03,1615.25,1830.78,56,1
1550,2025-05-10,2025,5,19,P002,Dashboard Pro,0,North,Offline,13,292.19,3798.47,1753.96,2044.51,169,2
1551,2025-05-10,2025,5,19,P003,Data Connector Plus,0,North,Partner,18,145.41,2617.38,1084.32,1533.06,216,4
1552,2025-05-10,2025,5,19,P001,Analytics Suite,0,South,Offline,9,490.08,4410.72,1732.5,2678.22,72,1
1553,2025-05-10,2025,5,19,P002,Dashboard Pro,0,South,Offline,12,306.03,3672.36,1728.48,1943.88,168,3
1554,2025-05-10,2025,5,19,P003,Data Connector Plus,0,South,Offline,20,148.54,2970.8,1149.0,1821.8,220,4
1555,2025-05-10,2025,5,19,P001,Analytics Suite,0,East,Online,9,499.12,4492.08,1830.15,2661.93,108,2
1556,2025-05-10,2025,5,19,P002,Dashboard Pro,0,East,Online,11,307.18,3378.98,1348.27,2030.71,143,2
1557,2025-05-10,2025,5,19,P003,Data Connector Plus,0,East,Offline,19,149.29,2836.51,1124.8,1711.71,152,4
1558,2025-05-10,2025,5,19,P001,Analytics Suite,0,West,Online,7,507.36,3551.52,1423.1,2128.42,70,1
1559,2025-05-10,2025,5,19,P002,Dashboard Pro,0,West,Online,12,300.65,3607.8,1555.92,2051.88,168,2
1560,2025-05-10,2025,5,19,P003,Data Connector Plus,0,West,Partner,20,146.84,2936.8,1324.0,1612.8,200,4
1561,2025-05-11,2025,5,19,P001,Analytics Suite,0,North,Online,7,485.4,3397.8,1508.5,1889.3,56,1
1562,2025-05-11,2025,5,19,P002,Dashboard Pro,0,North,Partner,11,292.42,3216.62,1429.01,1787.61,88,2
1563,2025-05-11,2025,5,19,P003,Data Connector Plus,0,North,Online,20,149.31,2986.2,1323.6,1662.6,200,5
1564,2025-05-11,2025,5,19,P001,Analytics Suite,0,South,Partner,7,512.37,3586.59,1621.9,1964.69,70,1
1565,2025-05-11,2025,5,19,P002,Dashboard Pro,0,South,Online,12,295.85,3550.2,1352.76,2197.44,168,2
1566,2025-05-11,2025,5,19,P003,Data Connector Plus,0,South,Online,20,147.03,2940.6,1275.4,1665.2,160,5
1567,2025-05-11,2025,5,19,P001,Analytics Suite,0,East,Online,8,507.4,4059.2,1821.84,2237.36,104,2
1568,2025-05-11,2025,5,19,P002,Dashboard Pro,0,East,Offline,11,301.26,3313.86,1529.99,1783.87,99,2
1569,2025-05-11,2025,5,19,P003,Data Connector Plus,0,East,Offline,18,149.73,2695.14,1130.76,1564.38,252,4
1570,2025-05-11,2025,5,19,P001,Analytics Suite,0,West,Online,8,497.02,3976.16,1548.16,2428.0,88,1
1571,2025-05-11,2025,5,19,P002,Dashboard Pro,0,West,Online,11,305.5,3360.5,1594.01,1766.49,121,2
1572,2025-05-11,2025,5,19,P003,Data Connector Plus,0,West,Partner,18,147.3,2651.4,1112.04,1539.36,252,4
1573,2025-05-12,2025,5,20,P001,Analytics Suite,0,North,Online,11,486.19,5348.09,2551.23,2796.86,143,2
1574,2025-05-12,2025,5,20,P002,Dashboard Pro,0,North,Offline,19,303.07,5758.33,2245.61,3512.72,228,4
1575,2025-05-12,2025,5,20,P003,Data Connector Plus,0,North,Offline,26,144.65,3760.9,1478.88,2282.02,208,6
1576,2025-05-12,2025,5,20,P001,Analytics Suite,0,South,Offline,11,512.13,5633.43,2685.1,2948.33,154,3
1577,2025-05-12,2025,5,20,P002,Dashboard Pro,0,South,Online,17,303.24,5155.08,2002.77,3152.31,221,3
1578,2025-05-12,2025,5,20,P003,Data Connector Plus,0,South,Offline,31,152.51,4727.81,1953.31,2774.5,310,6
1579,2025-05-12,2025,5,20,P001,Analytics Suite,0,East,Offline,11,504.75,5552.25,2121.68,3430.57,88,2
1580,2025-05-12,2025,5,20,P002,Dashboard Pro,0,East,Partner,19,291.87,5545.53,2185.95,3359.58,209,5
1581,2025-05-12,2025,5,20,P003,Data Connector Plus,0,East,Online,26,148.35,3857.1,1576.38,2280.72,338,7
1582,2025-05-12,2025,5,20,P001,Analytics Suite,0,West,Offline,13,504.59,6559.67,2815.28,3744.39,104,3
1583,2025-05-12,2025,5,20,P002,Dashboard Pro,0,West,Online,17,307.19,5222.23,2306.05,2916.18,136,3
1584,2025-05-12,2025,5,20,P003,Data Connector Plus,0,West,Partner,32,152.75,4888.0,1931.2,2956.8,384,7
1585,2025-05-13,2025,5,20,P001,Analytics Suite,0,North,Offline,12,489.46,5873.52,2635.56,3237.96,156,2
1586,2025-05-13,2025,5,20,P002,Dashboard Pro,0,North,Online,17,305.73,5197.41,2318.97,2878.44,187,4
1587,2025-05-13,2025,5,20,P003,Data Connector Plus,0,North,Online,31,150.89,4677.59,2180.54,2497.05,248,8
1588,2025-05-13,2025,5,20,P001,Analytics Suite,0,South,Online,13,488.42,6349.46,2870.79,3478.67,143,3
1589,2025-05-13,2025,5,20,P002,Dashboard Pro,0,South,Offline,18,291.24,5242.32,2138.04,3104.28,234,3
1590,2025-05-13,2025,5,20,P003,Data Connector Plus,0,South,Online,32,146.16,4677.12,2008.32,2668.8,320,7
1591,2025-05-13,2025,5,20,P001,Analytics Suite,0,East,Offline,14,502.05,7028.7,3234.7,3794.0,126,3
1592,2025-05-13,2025,5,20,P002,Dashboard Pro,0,East,Offline,17,297.54,5058.18,2171.24,2886.94,204,3
1593,2025-05-13,2025,5,20,P003,Data Connector Plus,0,East,Offline,27,145.28,3922.56,1717.2,2205.36,324,6
1594,2025-05-13,2025,5,20,P001,Analytics Suite,0,West,Online,13,505.08,6566.04,2628.6,3937.44,104,3
1595,2025-05-13,2025,5,20,P002,Dashboard Pro,0,West,Online,18,298.53,5373.54,2073.96,3299.58,144,3
1596,2025-05-13,2025,5,20,P003,Data Connector Plus,0,West,Offline,31,152.28,4720.68,2011.28,2709.4,310,8
1597,2025-05-14,2025,5,20,P001,Analytics Suite,0,North,Offline,12,511.91,6142.92,2842.8,3300.12,108,2
1598,2025-05-14,2025,5,20,P002,Dashboard Pro,0,North,Offline,17,307.29,5223.93,2368.1,2855.83,187,4
1599,2025-05-14,2025,5,20,P003,Data Connector Plus,0,North,Online,28,145.01,4060.28,1572.76,2487.52,336,7
1600,2025-05-14,2025,5,20,P001,Analytics Suite,0,South,Online,13,484.93,6304.09,2550.08,3754.01,104,2
1601,2025-05-14,2025,5,20,P002,Dashboard Pro,0,South,Offline,20,297.5,5950.0,2703.4,3246.6,220,5
1602,2025-05-14,2025,5,20,P003,Data Connector Plus,0,South,Online,30,147.21,4416.3,1874.4,2541.9,300,7
1603,2025-05-14,2025,5,20,P001,Analytics Suite,0,East,Online,11,487.36,5360.96,2054.36,3306.6,143,2
1604,2025-05-14,2025,5,20,P002,Dashboard Pro,0,East,Offline,18,290.22,5223.96,2480.4,2743.56,234,4
1605,2025-05-14,2025,5,20,P003,Data Connector Plus,0,East,Offline,30,146.84,4405.2,1986.6,2418.6,300,6
1606,2025-05-14,2025,5,20,P001,Analytics Suite,0,West,Offline,11,513.17,5644.87,2564.54,3080.33,99,2
1607,2025-05-14,2025,5,20,P002,Dashboard Pro,0,West,Offline,16,297.07,4753.12,2093.76,2659.36,192,3
1608,2025-05-14,2025,5,20,P003,Data Connector Plus,0,West,Offline,30,148.8,4464.0,2065.5,2398.5,330,5
1609,2025-05-15,2025,5,20,P001,Analytics Suite,0,North,Online,13,503.39,6544.07,2555.02,3989.05,104,2
1610,2025-05-15,2025,5,20,P002,Dashboard Pro,0,North,Online,20,296.05,5921.0,2570.6,3350.4,180,3
1611,2025-05-15,2025,5,20,P003,Data Connector Plus,0,North,Online,30,151.29,4538.7,1816.2,2722.5,360,8
1612,2025-05-15,2025,5,20,P001,Analytics Suite,0,South,Offline,11,486.58,5352.38,2335.63,3016.75,88,2
1613,2025-05-15,2025,5,20,P002,Dashboard Pro,0,South,Partner,16,295.67,4730.72,2261.6,2469.12,128,4
1614,2025-05-15,2025,5,20,P003,Data Connector Plus,0,South,Online,32,149.0,4768.0,2157.76,2610.24,352,8
1615,2025-05-15,2025,5,20,P001,Analytics Suite,0,East,Online,13,486.95,6330.35,2724.28,3606.07,169,2
1616,2025-05-15,2025,5,20,P002,Dashboard Pro,0,East,Offline,20,290.45,5809.0,2548.0,3261.0,220,5
1617,2025-05-15,2025,5,20,P003,Data Connector Plus,0,East,Offline,27,145.88,3938.76,1533.6,2405.16,351,6
1618,2025-05-15,2025,5,20,P001,Analytics Suite,0,West,Offline,13,508.21,6606.73,2985.32,3621.41,182,3
1619,2025-05-15,2025,5,20,P002,Dashboard Pro,0,West,Offline,18,307.83,5540.94,2620.98,2919.96,216,3
1620,2025-05-15,2025,5,20,P003,Data Connector Plus,0,West,Online,31,147.56,4574.36,2168.45,2405.91,434,5
1621,2025-05-16,2025,5,20,P001,Analytics Suite,0,North,Online,13,504.48,6558.24,2890.16,3668.08,156,3
1622,2025-05-16,2025,5,20,P002,Dashboard Pro,0,North,Online,19,307.87,5849.53,2306.22,3543.31,152,5
1623,2025-05-16,2025,5,20,P003,Data Connector Plus,0,North,Offline,29,153.19,4442.51,1909.94,2532.57,232,6
1624,2025-05-16,2025,5,20,P001,Analytics Suite,0,South,Online,11,492.88,5421.68,2257.2,3164.48,132,2
1625,2025-05-16,2025,5,20,P002,Dashboard Pro,0,South,Online,17,303.88,5165.96,2468.57,2697.39,187,4
1626,2025-05-16,2025,5,20,P003,Data Connector Plus,0,South,Partner,28,152.79,4278.12,1834.56,2443.56,336,6
1627,2025-05-16,2025,5,20,P001,Analytics Suite,0,East,Offline,11,496.28,5459.08,2144.89,3314.19,143,2
1628,2025-05-16,2025,5,20,P002,Dashboard Pro,0,East,Online,20,307.11,6142.2,2587.8,3554.4,260,4
1629,2025-05-16,2025,5,20,P003,Data Connector Plus,0,East,Online,32,153.39,4908.48,1893.12,3015.36,416,8
1630,2025-05-16,2025,5,20,P001,Analytics Suite,0,West,Online,13,500.82,6510.66,2663.31,3847.35,104,2
1631,2025-05-16,2025,5,20,P002,Dashboard Pro,0,West,Online,18,291.34,5244.12,2343.6,2900.52,198,3
1632,2025-05-16,2025,5,20,P003,Data Connector Plus,0,West,Offline,29,149.31,4329.99,1682.58,2647.41,232,7
1633,2025-05-17,2025,5,20,P001,Analytics Suite,0,North,Offline,9,511.65,4604.85,1934.73,2670.12,81,1
1634,2025-05-17,2025,5,20,P002,Dashboard Pro,0,North,Online,11,300.87,3309.57,1415.26,1894.31,143,2
1635,2025-05-17,2025,5,20,P003,Data Connector Plus,0,North,Offline,16,145.92,2334.72,936.96,1397.76,208,3
1636,2025-05-17,2025,5,20,P001,Analytics Suite,0,South,Online,9,507.21,4564.89,1899.72,2665.17,126,2
1637,2025-05-17,2025,5,20,P002,Dashboard Pro,0,South,Partner,12,291.0,3492.0,1565.64,1926.36,168,2
1638,2025-05-17,2025,5,20,P003,Data Connector Plus,0,South,Online,19,145.28,2760.32,1071.41,1688.91,209,5
1639,2025-05-17,2025,5,20,P001,Analytics Suite,0,East,Online,8,496.6,3972.8,1582.8,2390.0,80,1
1640,2025-05-17,2025,5,20,P002,Dashboard Pro,0,East,Partner,13,297.72,3870.36,1534.39,2335.97,130,2
1641,2025-05-17,2025,5,20,P003,Data Connector Plus,0,East,Offline,18,148.78,2678.04,1276.2,1401.84,162,4
1642,2025-05-17,2025,5,20,P001,Analytics Suite,0,West,Offline,9,501.11,4509.99,2066.94,2443.05,108,2
1643,2025-05-17,2025,5,20,P002,Dashboard Pro,0,West,Offline,11,302.01,3322.11,1483.02,1839.09,110,2
1644,2025-05-17,2025,5,20,P003,Data Connector Plus,0,West,Offline,20,151.91,3038.2,1200.2,1838.0,160,4
1645,2025-05-18,2025,5,20,P001,Analytics Suite,0,North,Online,7,509.91,3569.37,1501.43,2067.94,91,1
1646,2025-05-18,2025,5,20,P002,Dashboard Pro,0,North,Offline,10,298.11,2981.1,1321.9,1659.2,90,2
1647,2025-05-18,2025,5,20,P003,Data Connector Plus,0,North,Offline,19,144.86,2752.34,1161.47,1590.87,171,4
1648,2025-05-18,2025,5,20,P001,Analytics Suite,0,South,Online,7,495.33,3467.31,1654.52,1812.79,63,1
1649,2025-05-18,2025,5,20,P002,Dashboard Pro,0,South,Online,10,304.63,3046.3,1310.5,1735.8,100,2
1650,2025-05-18,2025,5,20,P003,Data Connector Plus,0,South,Offline,20,150.33,3006.6,1248.2,1758.4,220,5
1651,2025-05-18,2025,5,20,P001,Analytics Suite,0,East,Online,8,513.19,4105.52,1748.48,2357.04,72,1
1652,2025-05-18,2025,5,20,P002,Dashboard Pro,0,East,Offline,12,292.95,3515.4,1632.96,1882.44,120,2
1653,2025-05-18,2025,5,20,P003,Data Connector Plus,0,East,Offline,18,147.06,2647.08,1032.12,1614.96,252,3
1654,2025-05-18,2025,5,20,P001,Analytics Suite,0,West,Online,8,486.71,3893.68,1520.0,2373.68,88,2
1655,2025-05-18,2025,5,20,P002,Dashboard Pro,0,West,Offline,12,299.8,3597.6,1576.2,2021.4,144,2
1656,2025-05-18,2025,5,20,P003,Data Connector Plus,0,West,Online,18,148.29,2669.22,1161.54,1507.68,198,3
1657,2025-05-19,2025,5,21,P001,Analytics Suite,0,North,Online,13,512.49,6662.37,3140.67,3521.7,182,2
1658,2025-05-19,2025,5,21,P002,Dashboard Pro,0,North,Offline,20,302.66,6053.2,2869.0,3184.2,160,5
1659,2025-05-19,2025,5,21,P003,Data Connector Plus,0,North,Offline,29,146.92,4260.68,1976.35,2284.33,290,7
1660,2025-05-19,2025,5,21,P001,Analytics Suite,0,South,Partner,12,491.26,5895.12,2259.36,3635.76,132,2
1661,2025-05-19,2025,5,21,P002,Dashboard Pro,0,South,Offline,20,305.11,6102.2,2685.0,3417.2,260,4
1662,2025-05-19,2025,5,21,P003,Data Connector Plus,0,South,Online,32,153.41,4909.12,1960.0,2949.12,352,7
1663,2025-05-19,2025,5,21,P001,Analytics Suite,0,East,Offline,13,508.02,6604.26,3130.01,3474.25,117,2
1664,2025-05-19,2025,5,21,P002,Dashboard Pro,0,East,Online,19,297.26,5647.94,2393.24,3254.7,171,3
1665,2025-05-19,2025,5,21,P003,Data Connector Plus,0,East,Offline,31,149.04,4620.24,1936.88,2683.36,434,7
1666,2025-05-19,2025,5,21,P001,Analytics Suite,0,West,Online,13,509.1,6618.3,2649.79,3968.51,130,2
1667,2025-05-19,2025,5,21,P002,Dashboard Pro,0,West,Offline,18,301.31,5423.58,2396.16,3027.42,144,4
1668,2025-05-19,2025,5,21,P003,Data Connector Plus,0,West,Online,32,149.64,4788.48,1882.24,2906.24,416,7
1669,2025-05-20,2025,5,21,P001,Analytics Suite,0,North,Online,12,494.75,5937.0,2432.4,3504.6,108,2
1670,2025-05-20,2025,5,21,P002,Dashboard Pro,0,North,Offline,17,304.02,5168.34,2098.65,3069.69,238,3
1671,2025-05-20,2025,5,21,P003,Data Connector Plus,0,North,Online,26,145.82,3791.32,1769.3,2022.02,312,4
1672,2025-05-20,2025,5,21,P001,Analytics Suite,0,South,Online,13,487.7,6340.1,2976.48,3363.62,130,2
1673,2025-05-20,2025,5,21,P002,Dashboard Pro,0,South,Offline,18,296.51,5337.18,2081.88,3255.3,198,4
1674,2025-05-20,2025,5,21,P003,Data Connector Plus,0,South,Offline,28,148.88,4168.64,1870.68,2297.96,252,6
1675,2025-05-20,2025,5,21,P001,Analytics Suite,0,East,Offline,12,511.22,6134.64,2514.48,3620.16,108,3
1676,2025-05-20,2025,5,21,P002,Dashboard Pro,0,East,Partner,19,301.35,5725.65,2734.48,2991.17,152,5
1677,2025-05-20,2025,5,21,P003,Data Connector Plus,0,East,Offline,29,150.02,4350.58,1880.07,2470.51,261,5
1678,2025-05-20,2025,5,21,P001,Analytics Suite,0,West,Offline,11,502.18,5523.98,2381.83,3142.15,132,2
1679,2025-05-20,2025,5,21,P002,Dashboard Pro,0,West,Online,20,292.09,5841.8,2300.8,3541.0,200,3
1680,2025-05-20,2025,5,21,P003,Data Connector Plus,0,West,Online,30,145.66,4369.8,2077.2,2292.6,270,6
1681,2025-05-21,2025,5,21,P001,Analytics Suite,0,North,Offline,12,492.84,5914.08,2505.24,3408.84,132,3
1682,2025-05-21,2025,5,21,P002,Dashboard Pro,0,North,Online,20,294.52,5890.4,2761.0,3129.4,280,4
1683,2025-05-21,2025,5,21,P003,Data Connector Plus,0,North,Offline,28,149.75,4193.0,1662.92,2530.08,280,5
1684,2025-05-21,2025,5,21,P001,Analytics Suite,0,South,Offline,13,497.01,6461.13,2937.87,3523.26,156,3
1685,2025-05-21,2025,5,21,P002,Dashboard Pro,0,South,Offline,19,300.92,5717.48,2374.43,3343.05,228,5
1686,2025-05-21,2025,5,21,P003,Data Connector Plus,0,South,Partner,31,148.55,4605.05,1866.51,2738.54,372,6
1687,2025-05-21,2025,5,21,P001,Analytics Suite,0,East,Partner,12,510.29,6123.48,2542.68,3580.8,144,2
1688,2025-05-21,2025,5,21,P002,Dashboard Pro,0,East,Offline,17,295.82,5028.94,2034.39,2994.55,170,3
1689,2025-05-21,2025,5,21,P003,Data Connector Plus,0,East,Online,28,145.83,4083.24,1681.68,2401.56,224,5
1690,2025-05-21,2025,5,21,P001,Analytics Suite,0,West,Offline,12,497.96,5975.52,2606.28,3369.24,108,2
1691,2025-05-21,2025,5,21,P002,Dashboard Pro,0,West,Online,19,299.49,5690.31,2569.94,3120.37,190,5
1692,2025-05-21,2025,5,21,P003,Data Connector Plus,0,West,Offline,31,150.53,4666.43,1970.05,2696.38,403,7
1693,2025-05-22,2025,5,21,P001,Analytics Suite,0,North,Online,12,493.61,5923.32,2543.4,3379.92,168,2
1694,2025-05-22,2025,5,21,P002,Dashboard Pro,0,North,Offline,17,292.17,4966.89,2049.69,2917.2,204,3
1695,2025-05-22,2025,5,21,P003,Data Connector Plus,0,North,Offline,29,147.08,4265.32,1866.44,2398.88,406,5
1696,2025-05-22,2025,5,21,P001,Analytics Suite,0,South,Partner,12,487.95,5855.4,2749.56,3105.84,96,3
1697,2025-05-22,2025,5,21,P002,Dashboard Pro,0,South,Online,16,301.6,4825.6,2234.24,2591.36,128,3
1698,2025-05-22,2025,5,21,P003,Data Connector Plus,0,South,Online,27,147.37,3978.99,1733.4,2245.59,216,5
1699,2025-05-22,2025,5,21,P001,Analytics Suite,0,East,Offline,12,495.81,5949.72,2554.44,3395.28,132,2
1700,2025-05-22,2025,5,21,P002,Dashboard Pro,0,East,Partner,20,305.15,6103.0,2337.0,3766.0,160,3
1701,2025-05-22,2025,5,21,P003,Data Connector Plus,0,East,Online,25,145.47,3636.75,1645.25,1991.5,325,5
1702,2025-05-22,2025,5,21,P001,Analytics Suite,0,West,Offline,11,505.71,5562.81,2616.13,2946.68,154,3
1703,2025-05-22,2025,5,21,P002,Dashboard Pro,0,West,Online,20,305.6,6112.0,2348.8,3763.2,280,3
1704,2025-05-22,2025,5,21,P003,Data Connector Plus,0,West,Offline,28,146.89,4112.92,1897.0,2215.92,392,5
1705,2025-05-23,2025,5,21,P001,Analytics Suite,0,North,Offline,11,488.15,5369.65,2211.99,3157.66,99,2
1706,2025-05-23,2025,5,21,P002,Dashboard Pro,0,North,Partner,19,305.28,5800.32,2463.35,3336.97,247,3
1707,2025-05-23,2025,5,21,P003,Data Connector Plus,0,North,Offline,29,149.7,4341.3,1789.59,2551.71,290,7
1708,2025-05-23,2025,5,21,P001,Analytics Suite,0,South,Online,11,491.93,5411.23,2247.3,3163.93,88,2
1709,2025-05-23,2025,5,21,P002,Dashboard Pro,0,South,Partner,17,301.64,5127.88,1988.66,3139.22,221,4
1710,2025-05-23,2025,5,21,P003,Data Connector Plus,0,South,Online,26,144.65,3760.9,1574.04,2186.86,364,5
1711,2025-05-23,2025,5,21,P001,Analytics Suite,0,East,Offline,12,508.4,6100.8,2842.08,3258.72,144,3
1712,2025-05-23,2025,5,21,P002,Dashboard Pro,0,East,Online,18,298.18,5367.24,2096.28,3270.96,216,3
1713,2025-05-23,2025,5,21,P003,Data Connector Plus,0,East,Offline,32,147.98,4735.36,2042.56,2692.8,384,8
1714,2025-05-23,2025,5,21,P001,Analytics Suite,0,West,Online,11,492.35,5415.85,2573.34,2842.51,110,2
1715,2025-05-23,2025,5,21,P002,Dashboard Pro,0,West,Online,17,298.3,5071.1,2049.01,3022.09,136,4
1716,2025-05-23,2025,5,21,P003,Data Connector Plus,0,West,Offline,27,144.79,3909.33,1623.24,2286.09,297,5
1717,2025-05-24,2025,5,21,P001,Analytics Suite,0,North,Online,8,494.64,3957.12,1702.4,2254.72,88,1
1718,2025-05-24,2025,5,21,P002,Dashboard Pro,0,North,Online,10,294.92,2949.2,1233.5,1715.7,130,2
1719,2025-05-24,2025,5,21,P003,Data Connector Plus,0,North,Online,17,146.22,2485.74,1076.27,1409.47,170,3
1720,2025-05-24,2025,5,21,P001,Analytics Suite,0,South,Offline,8,504.42,4035.36,1622.08,2413.28,64,1
1721,2025-05-24,2025,5,21,P002,Dashboard Pro,0,South,Online,10,294.81,2948.1,1201.5,1746.6,80,2
1722,2025-05-24,2025,5,21,P003,Data Connector Plus,0,South,Online,20,148.15,2963.0,1343.4,1619.6,180,5
1723,2025-05-24,2025,5,21,P001,Analytics Suite,0,East,Offline,7,490.19,3431.33,1522.43,1908.9,70,1
1724,2025-05-24,2025,5,21,P002,Dashboard Pro,0,East,Online,11,290.09,3190.99,1411.08,1779.91,143,2
1725,2025-05-24,2025,5,21,P003,Data Connector Plus,0,East,Online,20,150.68,3013.6,1166.0,1847.6,260,3
1726,2025-05-24,2025,5,21,P001,Analytics Suite,0,West,Online,8,488.28,3906.24,1651.52,2254.72,88,1
1727,2025-05-24,2025,5,21,P002,Dashboard Pro,0,West,Online,13,305.84,3975.92,1850.03,2125.89,182,3
1728,2025-05-24,2025,5,21,P003,Data Connector Plus,0,West,Offline,21,149.74,3144.54,1343.58,1800.96,189,3
1729,2025-05-25,2025,5,21,P001,Analytics Suite,0,North,Online,7,504.39,3530.73,1527.12,2003.61,63,1
1730,2025-05-25,2025,5,21,P002,Dashboard Pro,0,North,Online,11,291.71,3208.81,1327.04,1881.77,143,2
1731,2025-05-25,2025,5,21,P003,Data Connector Plus,0,North,Offline,18,149.41,2689.38,1119.96,1569.42,180,3
1732,2025-05-25,2025,5,21,P001,Analytics Suite,0,South,Partner,7,505.29,3537.03,1578.92,1958.11,98,1
1733,2025-05-25,2025,5,21,P002,Dashboard Pro,0,South,Online,13,298.72,3883.36,1758.51,2124.85,156,2
1734,2025-05-25,2025,5,21,P003,Data Connector Plus,0,South,Offline,21,152.19,3195.99,1328.67,1867.32,189,3
1735,2025-05-25,2025,5,21,P001,Analytics Suite,0,East,Offline,8,504.86,4038.88,1835.44,2203.44,72,1
1736,2025-05-25,2025,5,21,P002,Dashboard Pro,0,East,Partner,13,301.49,3919.37,1755.39,2163.98,169,3
1737,2025-05-25,2025,5,21,P003,Data Connector Plus,0,East,Offline,18,153.1,2755.8,1298.16,1457.64,180,3
1738,2025-05-25,2025,5,21,P001,Analytics Suite,0,West,Partner,7,501.67,3511.69,1443.05,2068.64,70,1
1739,2025-05-25,2025,5,21,P002,Dashboard Pro,0,West,Offline,12,296.19,3554.28,1633.32,1920.96,132,2
1740,2025-05-25,2025,5,21,P003,Data Connector Plus,0,West,Online,20,147.63,2952.6,1269.4,1683.2,160,4
1741,2025-05-26,2025,5,22,P001,Analytics Suite,0,North,Partner,12,488.53,5862.36,2554.92,3307.44,144,2
1742,2025-05-26,2025,5,22,P002,Dashboard Pro,0,North,Online,18,291.19,5241.42,2013.12,3228.3,198,3
1743,2025-05-26,2025,5,22,P003,Data Connector Plus,0,North,Online,30,145.01,4350.3,1806.3,2544.0,330,7
1744,2025-05-26,2025,5,22,P001,Analytics Suite,0,South,Partner,11,488.15,5369.65,2501.73,2867.92,154,2
1745,2025-05-26,2025,5,22,P002,Dashboard Pro,0,South,Online,20,292.81,5856.2,2308.8,3547.4,200,5
1746,2025-05-26,2025,5,22,P003,Data Connector Plus,0,South,Online,28,152.74,4276.72,1827.56,2449.16,224,6
1747,2025-05-26,2025,5,22,P001,Analytics Suite,0,East,Offline,13,503.1,6540.3,3069.43,3470.87,104,3
1748,2025-05-26,2025,5,22,P002,Dashboard Pro,0,East,Offline,19,293.14,5569.66,2564.43,3005.23,190,3
1749,2025-05-26,2025,5,22,P003,Data Connector Plus,0,East,Online,31,146.77,4549.87,1865.89,2683.98,279,5
1750,2025-05-26,2025,5,22,P001,Analytics Suite,0,West,Offline,12,502.84,6034.08,2765.04,3269.04,132,3
1751,2025-05-26,2025,5,22,P002,Dashboard Pro,0,West,Offline,17,299.48,5091.16,2410.6,2680.56,204,4
1752,2025-05-26,2025,5,22,P003,Data Connector Plus,0,West,Offline,29,148.35,4302.15,1833.38,2468.77,319,7
1753,2025-05-27,2025,5,22,P001,Analytics Suite,0,North,Online,11,506.99,5576.89,2462.35,3114.54,99,2
1754,2025-05-27,2025,5,22,P002,Dashboard Pro,0,North,Online,17,299.22,5086.74,2390.71,2696.03,204,4
1755,2025-05-27,2025,5,22,P003,Data Connector Plus,0,North,Online,26,152.09,3954.34,1504.88,2449.46,338,6
1756,2025-05-27,2025,5,22,P001,Analytics Suite,0,South,Online,13,497.81,6471.53,2634.06,3837.47,104,3
1757,2025-05-27,2025,5,22,P002,Dashboard Pro,0,South,Offline,17,300.69,5111.73,2188.58,2923.15,204,3
1758,2025-05-27,2025,5,22,P003,Data Connector Plus,0,South,Offline,26,151.15,3929.9,1775.02,2154.88,338,6
1759,2025-05-27,2025,5,22,P001,Analytics Suite,0,East,Partner,12,500.86,6010.32,2418.24,3592.08,108,2
1760,2025-05-27,2025,5,22,P002,Dashboard Pro,0,East,Online,20,295.43,5908.6,2721.2,3187.4,160,4
1761,2025-05-27,2025,5,22,P003,Data Connector Plus,0,East,Online,27,145.13,3918.51,1692.63,2225.88,216,5
1762,2025-05-27,2025,5,22,P001,Analytics Suite,0,West,Offline,11,484.77,5332.47,2056.01,3276.46,121,2
1763,2025-05-27,2025,5,22,P002,Dashboard Pro,0,West,Offline,18,307.66,5537.88,2573.82,2964.06,252,3
1764,2025-05-27,2025,5,22,P003,Data Connector Plus,0,West,Offline,30,148.46,4453.8,1884.9,2568.9,240,7
1765,2025-05-28,2025,5,22,P001,Analytics Suite,0,North,Offline,11,508.54,5593.94,2411.86,3182.08,99,2
1766,2025-05-28,2025,5,22,P002,Dashboard Pro,0,North,Online,17,298.65,5077.05,2416.21,2660.84,136,3
1767,2025-05-28,2025,5,22,P003,Data Connector Plus,0,North,Offline,30,148.03,4440.9,1893.6,2547.3,240,7
1768,2025-05-28,2025,5,22,P001,Analytics Suite,0,South,Online,11,492.52,5417.72,2064.7,3353.02,121,2
1769,2025-05-28,2025,5,22,P002,Dashboard Pro,0,South,Offline,19,306.05,5814.95,2737.71,3077.24,152,4
1770,2025-05-28,2025,5,22,P003,Data Connector Plus,0,South,Offline,26,152.42,3962.92,1894.88,2068.04,208,5
1771,2025-05-28,2025,5,22,P001,Analytics Suite,0,East,Online,13,499.1,6488.3,2806.18,3682.12,169,3
1772,2025-05-28,2025,5,22,P002,Dashboard Pro,0,East,Offline,17,292.75,4976.75,2060.06,2916.69,204,4
1773,2025-05-28,2025,5,22,P003,Data Connector Plus,0,East,Offline,31,147.02,4557.62,2152.64,2404.98,310,5
1774,2025-05-28,2025,5,22,P001,Analytics Suite,0,West,Partner,13,498.51,6480.63,2889.64,3590.99,156,3
1775,2025-05-28,2025,5,22,P002,Dashboard Pro,0,West,Offline,20,303.94,6078.8,2734.2,3344.6,180,4
1776,2025-05-28,2025,5,22,P003,Data Connector Plus,0,West,Offline,29,149.76,4343.04,1669.82,2673.22,232,7
1777,2025-05-29,2025,5,22,P001,Analytics Suite,0,North,Online,11,486.92,5356.12,2290.53,3065.59,143,2
1778,2025-05-29,2025,5,22,P002,Dashboard Pro,0,North,Offline,21,304.54,6395.34,2497.74,3897.6,189,5
1779,2025-05-29,2025,5,22,P003,Data Connector Plus,0,North,Partner,31,147.96,4586.76,1771.34,2815.42,248,6
1780,2025-05-29,2025,5,22,P001,Analytics Suite,0,South,Offline,11,506.48,5571.28,2454.98,3116.3,110,2
1781,2025-05-29,2025,5,22,P002,Dashboard Pro,0,South,Offline,20,295.79,5915.8,2326.8,3589.0,220,4
1782,2025-05-29,2025,5,22,P003,Data Connector Plus,0,South,Offline,29,146.28,4242.12,1733.33,2508.79,377,5
1783,2025-05-29,2025,5,22,P001,Analytics Suite,0,East,Offline,11,508.4,5592.4,2173.27,3419.13,99,2
1784,2025-05-29,2025,5,22,P002,Dashboard Pro,0,East,Online,20,291.76,5835.2,2738.6,3096.6,180,4
1785,2025-05-29,2025,5,22,P003,Data Connector Plus,0,East,Online,28,149.42,4183.76,1875.44,2308.32,252,7
1786,2025-05-29,2025,5,22,P001,Analytics Suite,0,West,Online,13,499.84,6497.92,2839.85,3658.07,117,2
1787,2025-05-29,2025,5,22,P002,Dashboard Pro,0,West,Offline,18,301.13,5420.34,2494.26,2926.08,162,4
1788,2025-05-29,2025,5,22,P003,Data Connector Plus,0,West,Offline,30,152.34,4570.2,2094.3,2475.9,270,6
1789,2025-05-30,2025,5,22,P001,Analytics Suite,0,North,Offline,11,490.93,5400.23,2064.26,3335.97,110,2
1790,2025-05-30,2025,5,22,P002,Dashboard Pro,0,North,Online,17,304.89,5183.13,2004.81,3178.32,170,4
1791,2025-05-30,2025,5,22,P003,Data Connector Plus,0,North,Offline,32,145.2,4646.4,2006.08,2640.32,448,7
1792,2025-05-30,2025,5,22,P001,Analytics Suite,0,South,Offline,12,502.55,6030.6,2643.12,3387.48,96,3
1793,2025-05-30,2025,5,22,P002,Dashboard Pro,0,South,Online,21,301.75,6336.75,2573.34,3763.41,231,4
1794,2025-05-30,2025,5,22,P003,Data Connector Plus,0,South,Offline,31,145.78,4519.18,1866.2,2652.98,403,7
1795,2025-05-30,2025,5,22,P001,Analytics Suite,0,East,Offline,13,485.9,6316.7,2999.23,3317.47,182,3
1796,2025-05-30,2025,5,22,P002,Dashboard Pro,0,East,Online,19,303.76,5771.44,2741.32,3030.12,152,4
1797,2025-05-30,2025,5,22,P003,Data Connector Plus,0,East,Offline,30,145.25,4357.5,1773.6,2583.9,270,5
1798,2025-05-30,2025,5,22,P001,Analytics Suite,0,West,Offline,11,499.23,5491.53,2349.05,3142.48,121,2
1799,2025-05-30,2025,5,22,P002,Dashboard Pro,0,West,Partner,20,294.12,5882.4,2690.4,3192.0,160,5
1800,2025-05-30,2025,5,22,P003,Data Connector Plus,0,West,Offline,29,152.22,4414.38,1685.48,2728.9,377,6
1801,2025-05-31,2025,5,22,P001,Analytics Suite,0,North,Online,7,495.32,3467.24,1465.52,2001.72,91,1
1802,2025-05-31,2025,5,22,P002,Dashboard Pro,0,North,Partner,12,306.12,3673.44,1525.08,2148.36,120,2
1803,2025-05-31,2025,5,22,P003,Data Connector Plus,0,North,Online,21,146.66,3079.86,1240.26,1839.6,168,5
1804,2025-05-31,2025,5,22,P001,Analytics Suite,0,South,Offline,8,507.78,4062.24,1549.68,2512.56,112,2
1805,2025-05-31,2025,5,22,P002,Dashboard Pro,0,South,Online,13,291.4,3788.2,1546.61,2241.59,117,2
1806,2025-05-31,2025,5,22,P003,Data Connector Plus,0,South,Partner,19,152.49,2897.31,1276.61,1620.7,171,4
1807,2025-05-31,2025,5,22,P001,Analytics Suite,0,East,Online,7,486.33,3404.31,1363.74,2040.57,84,1
1808,2025-05-31,2025,5,22,P002,Dashboard Pro,0,East,Partner,13,306.13,3979.69,1796.08,2183.61,143,3
1809,2025-05-31,2025,5,22,P003,Data Connector Plus,0,East,Offline,20,147.15,2943.0,1381.2,1561.8,240,4
1810,2025-05-31,2025,5,22,P001,Analytics Suite,0,West,Online,8,487.16,3897.28,1755.92,2141.36,88,1
1811,2025-05-31,2025,5,22,P002,Dashboard Pro,0,West,Online,11,293.68,3230.48,1302.07,1928.41,132,2
1812,2025-05-31,2025,5,22,P003,Data Connector Plus,0,West,Offline,17,147.86,2513.62,964.24,1549.38,153,3
1813,2025-06-01,2025,6,22,P001,Analytics Suite,0,North,Partner,8,506.91,4055.28,1743.36,2311.92,64,1
1814,2025-06-01,2025,6,22,P002,Dashboard Pro,0,North,Offline,11,296.92,3266.12,1260.6,2005.52,88,2
1815,2025-06-01,2025,6,22,P003,Data Connector Plus,0,North,Online,19,144.7,2749.3,1056.97,1692.33,209,3
1816,2025-06-01,2025,6,22,P001,Analytics Suite,0,South,Online,7,496.94,3478.58,1332.73,2145.85,70,1
1817,2025-06-01,2025,6,22,P002,Dashboard Pro,0,South,Offline,13,306.36,3982.68,1880.84,2101.84,130,3
1818,2025-06-01,2025,6,22,P003,Data Connector Plus,0,South,Offline,21,149.81,3146.01,1423.8,1722.21,210,5
1819,2025-06-01,2025,6,22,P001,Analytics Suite,0,East,Partner,9,507.46,4567.14,1761.57,2805.57,126,1
1820,2025-06-01,2025,6,22,P002,Dashboard Pro,0,East,Offline,12,302.97,3635.64,1741.8,1893.84,168,2
1821,2025-06-01,2025,6,22,P003,Data Connector Plus,0,East,Offline,19,150.96,2868.24,1136.58,1731.66,190,4
1822,2025-06-01,2025,6,22,P001,Analytics Suite,0,West,Online,8,511.71,4093.68,1670.48,2423.2,64,1
1823,2025-06-01,2025,6,22,P002,Dashboard Pro,0,West,Offline,11,307.95,3387.45,1401.62,1985.83,110,2
1824,2025-06-01,2025,6,22,P003,Data Connector Plus,0,West,Offline,20,147.76,2955.2,1316.0,1639.2,280,5
1825,2025-06-02,2025,6,23,P001,Analytics Suite,0,North,Offline,11,493.22,5425.42,2205.17,3220.25,154,2
1826,2025-06-02,2025,6,23,P002,Dashboard Pro,0,North,Offline,19,297.92,5660.48,2422.88,3237.6,190,5
1827,2025-06-02,2025,6,23,P003,Data Connector Plus,0,North,Partner,28,145.05,4061.4,1907.64,2153.76,280,6
1828,2025-06-02,2025,6,23,P001,Analytics Suite,0,South,Online,14,497.22,6961.08,2837.38,4123.7,196,3
1829,2025-06-02,2025,6,23,P002,Dashboard Pro,0,South,Online,17,301.34,5122.78,2282.76,2840.02,204,3
1830,2025-06-02,2025,6,23,P003,Data Connector Plus,0,South,Offline,31,146.18,4531.58,1984.93,2546.65,341,5
1831,2025-06-02,2025,6,23,P001,Analytics Suite,0,East,Offline,13,485.85,6316.05,3016.13,3299.92,130,2
1832,2025-06-02,2025,6,23,P002,Dashboard Pro,0,East,Offline,21,305.27,6410.67,2821.14,3589.53,168,4
1833,2025-06-02,2025,6,23,P003,Data Connector Plus,0,East,Offline,27,148.5,4009.5,1605.42,2404.08,243,6
1834,2025-06-02,2025,6,23,P001,Analytics Suite,0,West,Online,13,504.42,6557.46,3066.18,3491.28,143,2
1835,2025-06-02,2025,6,23,P002,Dashboard Pro,0,West,Online,18,304.17,5475.06,2571.84,2903.22,198,3
1836,2025-06-02,2025,6,23,P003,Data Connector Plus,0,West,Online,33,147.16,4856.28,1867.14,2989.14,330,9
1837,2025-06-03,2025,6,23,P001,Analytics Suite,0,North,Offline,14,484.79,6787.06,2791.6,3995.46,196,3
1838,2025-06-03,2025,6,23,P002,Dashboard Pro,0,North,Offline,20,304.09,6081.8,2541.4,3540.4,180,4
1839,2025-06-03,2025,6,23,P003,Data Connector Plus,0,North,Offline,31,145.87,4521.97,1753.67,2768.3,403,5
1840,2025-06-03,2025,6,23,P001,Analytics Suite,0,South,Offline,14,490.75,6870.5,3043.88,3826.62,168,3
1841,2025-06-03,2025,6,23,P002,Dashboard Pro,0,South,Partner,19,292.21,5551.99,2138.26,3413.73,266,4
1842,2025-06-03,2025,6,23,P003,Data Connector Plus,0,South,Online,30,148.47,4454.1,1948.8,2505.3,420,8
1843,2025-06-03,2025,6,23,P001,Analytics Suite,0,East,Partner,12,507.95,6095.4,2594.04,3501.36,108,3
1844,2025-06-03,2025,6,23,P002,Dashboard Pro,0,East,Offline,17,294.35,5003.95,2082.5,2921.45,187,3
1845,2025-06-03,2025,6,23,P003,Data Connector Plus,0,East,Offline,30,152.71,4581.3,1846.5,2734.8,360,7
1846,2025-06-03,2025,6,23,P001,Analytics Suite,0,West,Partner,12,508.81,6105.72,2469.72,3636.0,144,3
1847,2025-06-03,2025,6,23,P002,Dashboard Pro,0,West,Offline,20,301.98,6039.6,2468.4,3571.2,280,4
1848,2025-06-03,2025,6,23,P003,Data Connector Plus,0,West,Partner,27,148.29,4003.83,1719.36,2284.47,324,7
1849,2025-06-04,2025,6,23,P001,Analytics Suite,0,North,Offline,12,489.42,5873.04,2302.68,3570.36,108,2
1850,2025-06-04,2025,6,23,P002,Dashboard Pro,0,North,Offline,19,306.72,5827.68,2721.18,3106.5,171,5
1851,2025-06-04,2025,6,23,P003,Data Connector Plus,0,North,Online,26,146.02,3796.52,1771.9,2024.62,312,7
1852,2025-06-04,2025,6,23,P001,Analytics Suite,0,South,Online,14,494.64,6924.96,2798.74,4126.22,168,2
1853,2025-06-04,2025,6,23,P002,Dashboard Pro,0,South,Online,18,304.83,5486.94,2423.34,3063.6,216,5
1854,2025-06-04,2025,6,23,P003,Data Connector Plus,0,South,Online,26,151.13,3929.38,1850.94,2078.44,286,6
1855,2025-06-04,2025,6,23,P001,Analytics Suite,0,East,Offline,13,497.07,6461.91,2542.54,3919.37,169,2
1856,2025-06-04,2025,6,23,P002,Dashboard Pro,0,East,Partner,20,306.47,6129.4,2422.4,3707.0,160,3
1857,2025-06-04,2025,6,23,P003,Data Connector Plus,0,East,Offline,30,150.55,4516.5,1914.3,2602.2,300,6
1858,2025-06-04,2025,6,23,P001,Analytics Suite,0,West,Online,13,512.32,6660.16,2859.35,3800.81,130,2
1859,2025-06-04,2025,6,23,P002,Dashboard Pro,0,West,Offline,19,299.45,5689.55,2324.27,3365.28,209,4
1860,2025-06-04,2025,6,23,P003,Data Connector Plus,0,West,Online,32,153.05,4897.6,2293.12,2604.48,416,8
1861,2025-06-05,2025,6,23,P001,Analytics Suite,0,North,Partner,12,492.36,5908.32,2303.88,3604.44,120,2
1862,2025-06-05,2025,6,23,P002,Dashboard Pro,0,North,Offline,17,294.94,5013.98,2050.03,2963.95,153,4
1863,2025-06-05,2025,6,23,P003,Data Connector Plus,0,North,Partner,33,151.27,4991.91,2036.1,2955.81,429,6
1864,2025-06-05,2025,6,23,P001,Analytics Suite,0,South,Online,13,499.26,6490.38,3052.14,3438.24,156,3
1865,2025-06-05,2025,6,23,P002,Dashboard Pro,0,South,Online,19,304.36,5782.84,2673.11,3109.73,266,4
1866,2025-06-05,2025,6,23,P003,Data Connector Plus,0,South,Offline,28,153.0,4284.0,1851.08,2432.92,308,7
1867,2025-06-05,2025,6,23,P001,Analytics Suite,0,East,Offline,12,487.31,5847.72,2292.24,3555.48,168,3
1868,2025-06-05,2025,6,23,P002,Dashboard Pro,0,East,Online,19,291.59,5540.21,2510.66,3029.55,190,3
1869,2025-06-05,2025,6,23,P003,Data Connector Plus,0,East,Offline,29,145.24,4211.96,1631.83,2580.13,377,5
1870,2025-06-05,2025,6,23,P001,Analytics Suite,0,West,Offline,12,497.61,5971.32,2733.12,3238.2,156,3
1871,2025-06-05,2025,6,23,P002,Dashboard Pro,0,West,Offline,18,306.62,5519.16,2535.66,2983.5,234,3
1872,2025-06-05,2025,6,23,P003,Data Connector Plus,0,West,Partner,32,150.44,4814.08,2286.4,2527.68,256,7
1873,2025-06-06,2025,6,23,P001,Analytics Suite,0,North,Partner,12,501.59,6019.08,2692.56,3326.52,108,2
1874,2025-06-06,2025,6,23,P002,Dashboard Pro,0,North,Offline,17,304.63,5178.71,2036.09,3142.62,170,4
1875,2025-06-06,2025,6,23,P003,Data Connector Plus,0,North,Offline,27,149.15,4027.05,1531.44,2495.61,243,5
1876,2025-06-06,2025,6,23,P001,Analytics Suite,0,South,Online,13,490.27,6373.51,2860.39,3513.12,143,3
1877,2025-06-06,2025,6,23,P002,Dashboard Pro,0,South,Online,20,294.24,5884.8,2622.8,3262.0,240,3
1878,2025-06-06,2025,6,23,P003,Data Connector Plus,0,South,Online,28,146.6,4104.8,1760.92,2343.88,308,6
1879,2025-06-06,2025,6,23,P001,Analytics Suite,0,East,Online,13,500.3,6503.9,2544.62,3959.28,117,3
1880,2025-06-06,2025,6,23,P002,Dashboard Pro,0,East,Partner,20,295.18,5903.6,2389.4,3514.2,200,4
1881,2025-06-06,2025,6,23,P003,Data Connector Plus,0,East,Offline,27,153.08,4133.16,1858.68,2274.48,270,6
1882,2025-06-06,2025,6,23,P001,Analytics Suite,0,West,Offline,13,498.51,6480.63,2852.2,3628.43,143,3
1883,2025-06-06,2025,6,23,P002,Dashboard Pro,0,West,Online,17,294.84,5012.28,2297.04,2715.24,238,3
1884,2025-06-06,2025,6,23,P003,Data Connector Plus,0,West,Online,32,146.87,4699.84,2166.08,2533.76,352,7
1885,2025-06-07,2025,6,23,P001,Analytics Suite,0,North,Offline,7,485.67,3399.69,1407.42,1992.27,63,1
1886,2025-06-07,2025,6,23,P002,Dashboard Pro,0,North,Offline,12,297.38,3568.56,1547.28,2021.28,108,3
1887,2025-06-07,2025,6,23,P003,Data Connector Plus,0,North,Offline,17,153.19,2604.23,1147.16,1457.07,153,3
1888,2025-06-07,2025,6,23,P001,Analytics Suite,0,South,Online,8,508.05,4064.4,1679.92,2384.48,104,1
1889,2025-06-07,2025,6,23,P002,Dashboard Pro,0,South,Online,13,291.17,3785.21,1575.47,2209.74,117,2
1890,2025-06-07,2025,6,23,P003,Data Connector Plus,0,South,Partner,18,149.32,2687.76,1099.26,1588.5,162,3
1891,2025-06-07,2025,6,23,P001,Analytics Suite,0,East,Offline,8,496.41,3971.28,1882.4,2088.88,72,1
1892,2025-06-07,2025,6,23,P002,Dashboard Pro,0,East,Online,11,306.9,3375.9,1550.01,1825.89,121,2
1893,2025-06-07,2025,6,23,P003,Data Connector Plus,0,East,Offline,18,144.75,2605.5,1054.44,1551.06,234,3
1894,2025-06-07,2025,6,23,P001,Analytics Suite,0,West,Offline,7,507.5,3552.5,1640.66,1911.84,63,1
1895,2025-06-07,2025,6,23,P002,Dashboard Pro,0,West,Offline,13,291.4,3788.2,1728.35,2059.85,169,2
1896,2025-06-07,2025,6,23,P003,Data Connector Plus,0,West,Offline,17,151.95,2583.15,1006.23,1576.92,153,4
1897,2025-06-08,2025,6,23,P001,Analytics Suite,0,North,Partner,8,508.92,4071.36,1678.88,2392.48,112,1
1898,2025-06-08,2025,6,23,P002,Dashboard Pro,0,North,Online,11,294.95,3244.45,1547.37,1697.08,110,2
1899,2025-06-08,2025,6,23,P003,Data Connector Plus,0,North,Online,19,148.37,2819.03,1229.3,1589.73,209,4
1900,2025-06-08,2025,6,23,P001,Analytics Suite,0,South,Online,9,499.99,4499.91,2156.85,2343.06,72,2
1901,2025-06-08,2025,6,23,P002,Dashboard Pro,0,South,Offline,14,303.71,4251.94,1710.94,2541.0,154,3
1902,2025-06-08,2025,6,23,P003,Data Connector Plus,0,South,Online,19,146.61,2785.59,1088.89,1696.7,228,4
1903,2025-06-08,2025,6,23,P001,Analytics Suite,0,East,Online,7,502.89,3520.23,1397.27,2122.96,84,1
1904,2025-06-08,2025,6,23,P002,Dashboard Pro,0,East,Online,12,294.51,3534.12,1639.2,1894.92,144,2
1905,2025-06-08,2025,6,23,P003,Data Connector Plus,0,East,Online,21,151.33,3177.93,1287.72,1890.21,231,4
1906,2025-06-08,2025,6,23,P001,Analytics Suite,0,West,Online,8,488.54,3908.32,1719.2,2189.12,96,2
1907,2025-06-08,2025,6,23,P002,Dashboard Pro,0,West,Offline,11,293.78,3231.58,1404.26,1827.32,121,2
1908,2025-06-08,2025,6,23,P003,Data Connector Plus,0,West,Offline,20,147.41,2948.2,1283.8,1664.4,240,5
1909,2025-06-09,2025,6,24,P001,Analytics Suite,0,North,Offline,13,511.61,6650.93,2777.19,3873.74,104,3
1910,2025-06-09,2025,6,24,P002,Dashboard Pro,0,North,Online,17,303.45,5158.65,2408.9,2749.75,187,3
1911,2025-06-09,2025,6,24,P003,Data Connector Plus,0,North,Offline,33,148.96,4915.68,2107.38,2808.3,396,8
1912,2025-06-09,2025,6,24,P001,Analytics Suite,0,South,Online,13,495.99,6447.87,3092.18,3355.69,143,3
1913,2025-06-09,2025,6,24,P002,Dashboard Pro,0,South,Online,21,294.89,6192.69,2702.28,3490.41,210,4
1914,2025-06-09,2025,6,24,P003,Data Connector Plus,0,South,Offline,28,150.65,4218.2,1759.52,2458.68,364,6
1915,2025-06-09,2025,6,24,P001,Analytics Suite,0,East,Online,12,490.34,5884.08,2659.68,3224.4,156,3
1916,2025-06-09,2025,6,24,P002,Dashboard Pro,0,East,Offline,17,299.44,5090.48,2096.1,2994.38,136,3
1917,2025-06-09,2025,6,24,P003,Data Connector Plus,0,East,Online,30,153.41,4602.3,1835.1,2767.2,390,7
1918,2025-06-09,2025,6,24,P001,Analytics Suite,0,West,Online,13,493.94,6421.22,2821.78,3599.44,143,2
1919,2025-06-09,2025,6,24,P002,Dashboard Pro,0,West,Online,20,305.88,6117.6,2892.4,3225.2,160,4
1920,2025-06-09,2025,6,24,P003,Data Connector Plus,0,West,Offline,32,152.29,4873.28,2030.72,2842.56,320,8
1921,2025-06-10,2025,6,24,P001,Analytics Suite,0,North,Offline,14,500.83,7011.62,2718.8,4292.82,126,2
1922,2025-06-10,2025,6,24,P002,Dashboard Pro,0,North,Online,20,295.05,5901.0,2317.2,3583.8,160,4
1923,2025-06-10,2025,6,24,P003,Data Connector Plus,0,North,Offline,31,147.95,4586.45,2014.38,2572.07,434,6
1924,2025-06-10,2025,6,24,P001,Analytics Suite,0,South,Offline,13,510.12,6631.56,2658.76,3972.8,143,2
1925,2025-06-10,2025,6,24,P002,Dashboard Pro,0,South,Partner,18,293.91,5290.38,2087.82,3202.56,216,3
1926,2025-06-10,2025,6,24,P003,Data Connector Plus,0,South,Partner,32,147.42,4717.44,1857.28,2860.16,256,8
1927,2025-06-10,2025,6,24,P001,Analytics Suite,0,East,Online,12,498.15,5977.8,2341.68,3636.12,168,2
1928,2025-06-10,2025,6,24,P002,Dashboard Pro,0,East,Offline,18,296.95,5345.1,2479.32,2865.78,180,3
1929,2025-06-10,2025,6,24,P003,Data Connector Plus,0,East,Online,27,149.94,4048.38,1921.05,2127.33,243,7
1930,2025-06-10,2025,6,24,P001,Analytics Suite,0,West,Offline,13,509.18,6619.34,2975.44,3643.9,143,2
1931,2025-06-10,2025,6,24,P002,Dashboard Pro,0,West,Offline,17,306.17,5204.89,1991.04,3213.85,153,3
1932,2025-06-10,2025,6,24,P003,Data Connector Plus,0,West,Offline,29,150.52,4365.08,1927.92,2437.16,261,7
1933,2025-06-11,2025,6,24,P001,Analytics Suite,0,North,Online,14,489.75,6856.5,3288.04,3568.46,182,2
1934,2025-06-11,2025,6,24,P002,Dashboard Pro,0,North,Offline,18,293.53,5283.54,2057.4,3226.14,180,3
1935,2025-06-11,2025,6,24,P003,Data Connector Plus,0,North,Offline,28,152.77,4277.56,1902.32,2375.24,224,6
1936,2025-06-11,2025,6,24,P001,Analytics Suite,0,South,Offline,12,513.84,6166.08,2728.68,3437.4,120,3
1937,2025-06-11,2025,6,24,P002,Dashboard Pro,0,South,Partner,20,305.52,6110.4,2708.2,3402.2,240,4
1938,2025-06-11,2025,6,24,P003,Data Connector Plus,0,South,Offline,30,152.35,4570.5,1784.4,2786.1,420,6
1939,2025-06-11,2025,6,24,P001,Analytics Suite,0,East,Offline,13,505.39,6570.07,3068.78,3501.29,117,2
1940,2025-06-11,2025,6,24,P002,Dashboard Pro,0,East,Online,19,305.2,5798.8,2615.54,3183.26,247,4
1941,2025-06-11,2025,6,24,P003,Data Connector Plus,0,East,Partner,32,147.01,4704.32,2076.48,2627.84,416,5
1942,2025-06-11,2025,6,24,P001,Analytics Suite,0,West,Online,14,509.43,7132.02,2830.8,4301.22,182,3
1943,2025-06-11,2025,6,24,P002,Dashboard Pro,0,West,Online,20,296.6,5932.0,2493.4,3438.6,260,5
1944,2025-06-11,2025,6,24,P003,Data Connector Plus,0,West,Offline,31,145.11,4498.41,1775.68,2722.73,372,6
1945,2025-06-12,2025,6,24,P001,Analytics Suite,0,North,Offline,11,485.36,5338.96,2298.67,3040.29,143,2
1946,2025-06-12,2025,6,24,P002,Dashboard Pro,0,North,Online,20,305.06,6101.2,2660.4,3440.8,200,3
1947,2025-06-12,2025,6,24,P003,Data Connector Plus,0,North,Online,29,152.0,4408.0,1713.9,2694.1,319,7
1948,2025-06-12,2025,6,24,P001,Analytics Suite,0,South,Online,11,486.62,5352.82,2551.01,2801.81,143,2
1949,2025-06-12,2025,6,24,P002,Dashboard Pro,0,South,Online,20,293.93,5878.6,2749.6,3129.0,160,5
1950,2025-06-12,2025,6,24,P003,Data Connector Plus,0,South,Partner,28,150.62,4217.36,1683.08,2534.28,392,7
1951,2025-06-12,2025,6,24,P001,Analytics Suite,0,East,Offline,11,485.63,5341.93,2178.99,3162.94,99,2
1952,2025-06-12,2025,6,24,P002,Dashboard Pro,0,East,Online,19,305.01,5795.19,2304.89,3490.3,171,3
1953,2025-06-12,2025,6,24,P003,Data Connector Plus,0,East,Offline,31,146.9,4553.9,1895.96,2657.94,372,7
1954,2025-06-12,2025,6,24,P001,Analytics Suite,0,West,Offline,13,508.87,6615.31,2538.12,4077.19,117,3
1955,2025-06-12,2025,6,24,P002,Dashboard Pro,0,West,Online,18,299.68,5394.24,2283.84,3110.4,234,4
1956,2025-06-12,2025,6,24,P003,Data Connector Plus,0,West,Online,31,147.11,4560.41,1984.62,2575.79,372,7
1957,2025-06-13,2025,6,24,P001,Analytics Suite,0,North,Online,12,499.4,5992.8,2557.56,3435.24,108,2
1958,2025-06-13,2025,6,24,P002,Dashboard Pro,0,North,Online,17,301.84,5131.28,2189.6,2941.68,153,3
1959,2025-06-13,2025,6,24,P003,Data Connector Plus,0,North,Partner,30,150.42,4512.6,2031.3,2481.3,300,7
1960,2025-06-13,2025,6,24,P001,Analytics Suite,0,South,Offline,14,484.27,6779.78,2804.62,3975.16,140,3
1961,2025-06-13,2025,6,24,P002,Dashboard Pro,0,South,Online,17,296.45,5039.65,2008.89,3030.76,204,3
1962,2025-06-13,2025,6,24,P003,Data Connector Plus,0,South,Offline,32,148.61,4755.52,2154.56,2600.96,352,7
1963,2025-06-13,2025,6,24,P001,Analytics Suite,0,East,Offline,12,505.69,6068.28,2717.76,3350.52,132,2
1964,2025-06-13,2025,6,24,P002,Dashboard Pro,0,East,Offline,21,305.77,6421.17,2509.29,3911.88,252,4
1965,2025-06-13,2025,6,24,P003,Data Connector Plus,0,East,Offline,28,149.69,4191.32,1807.4,2383.92,252,7
1966,2025-06-13,2025,6,24,P001,Analytics Suite,0,West,Partner,14,512.93,7181.02,3412.08,3768.94,126,3
1967,2025-06-13,2025,6,24,P002,Dashboard Pro,0,West,Offline,17,301.93,5132.81,2448.51,2684.3,136,3
1968,2025-06-13,2025,6,24,P003,Data Connector Plus,0,West,Offline,32,151.7,4854.4,2068.16,2786.24,288,7
1969,2025-06-14,2025,6,24,P001,Analytics Suite,0,North,Online,7,489.18,3424.26,1382.08,2042.18,63,1
1970,2025-06-14,2025,6,24,P002,Dashboard Pro,0,North,Offline,11,294.42,3238.62,1481.92,1756.7,154,1
1971,2025-06-14,2025,6,24,P003,Data Connector Plus,0,North,Offline,18,145.42,2617.56,1177.56,1440.0,198,4
1972,2025-06-14,2025,6,24,P001,Analytics Suite,0,South,Offline,8,508.92,4071.36,1920.48,2150.88,112,1
1973,2025-06-14,2025,6,24,P002,Dashboard Pro,0,South,Online,12,306.81,3681.72,1729.68,1952.04,120,3
1974,2025-06-14,2025,6,24,P003,Data Connector Plus,0,South,Online,20,148.33,2966.6,1230.2,1736.4,160,4
1975,2025-06-14,2025,6,24,P001,Analytics Suite,0,East,Partner,9,484.84,4363.56,1993.23,2370.33,81,1
1976,2025-06-14,2025,6,24,P002,Dashboard Pro,0,East,Offline,12,304.8,3657.6,1535.52,2122.08,168,2
1977,2025-06-14,2025,6,24,P003,Data Connector Plus,0,East,Online,18,149.0,2682.0,1135.98,1546.02,180,3
1978,2025-06-14,2025,6,24,P001,Analytics Suite,0,West,Online,8,496.78,3974.24,1778.56,2195.68,88,1
1979,2025-06-14,2025,6,24,P002,Dashboard Pro,0,West,Online,11,307.16,3378.76,1514.48,1864.28,121,2
1980,2025-06-14,2025,6,24,P003,Data Connector Plus,0,West,Offline,19,145.27,2760.13,1229.87,1530.26,152,4
1981,2025-06-15,2025,6,24,P001,Analytics Suite,0,North,Online,9,488.85,4399.65,1840.77,2558.88,108,2
1982,2025-06-15,2025,6,24,P002,Dashboard Pro,0,North,Online,12,307.25,3687.0,1421.16,2265.84,168,2
1983,2025-06-15,2025,6,24,P003,Data Connector Plus,0,North,Offline,20,145.57,2911.4,1252.6,1658.8,220,5
1984,2025-06-15,2025,6,24,P001,Analytics Suite,0,South,Partner,8,509.3,4074.4,1868.32,2206.08,64,2
1985,2025-06-15,2025,6,24,P002,Dashboard Pro,0,South,Offline,12,296.91,3562.92,1356.36,2206.56,108,3
1986,2025-06-15,2025,6,24,P003,Data Connector Plus,0,South,Offline,20,146.84,2936.8,1329.6,1607.2,240,4
1987,2025-06-15,2025,6,24,P001,Analytics Suite,0,East,Online,7,492.46,3447.22,1468.6,1978.62,77,1
1988,2025-06-15,2025,6,24,P002,Dashboard Pro,0,East,Offline,12,296.66,3559.92,1458.24,2101.68,156,3
1989,2025-06-15,2025,6,24,P003,Data Connector Plus,0,East,Online,19,146.13,2776.47,1179.14,1597.33,152,3
1990,2025-06-15,2025,6,24,P001,Analytics Suite,0,West,Offline,7,487.37,3411.59,1548.4,1863.19,84,1
1991,2025-06-15,2025,6,24,P002,Dashboard Pro,0,West,Offline,11,291.73,3209.03,1377.75,1831.28,143,2
1992,2025-06-15,2025,6,24,P003,Data Connector Plus,0,West,Offline,18,148.62,2675.16,1258.2,1416.96,252,4
1993,2025-06-16,2025,6,25,P001,Analytics Suite,0,North,Online,13,501.07,6513.91,2718.17,3795.74,130,2
1994,2025-06-16,2025,6,25,P002,Dashboard Pro,0,North,Partner,21,301.47,6330.87,2730.21,3600.66,231,5
1995,2025-06-16,2025,6,25,P003,Data Connector Plus,0,North,Online,29,150.22,4356.38,1665.18,2691.2,319,7
1996,2025-06-16,2025,6,25,P001,Analytics Suite,0,South,Partner,12,503.58,6042.96,2847.6,3195.36,168,3
1997,2025-06-16,2025,6,25,P002,Dashboard Pro,0,South,Partner,20,300.27,6005.4,2590.8,3414.6,240,5
1998,2025-06-16,2025,6,25,P003,Data Connector Plus,0,South,Online,28,151.67,4246.76,1705.2,2541.56,308,7
1999,2025-06-16,2025,6,25,P001,Analytics Suite,0,East,Online,12,504.65,6055.8,2707.8,3348.0,144,2
2000,2025-06-16,2025,6,25,P002,Dashboard Pro,0,East,Online,21,302.2,6346.2,2543.1,3803.1,231,5
2001,2025-06-16,2025,6,25,P003,Data Connector Plus,0,East,Offline,31,146.99,4556.69,2176.2,2380.49,434,6
2002,2025-06-16,2025,6,25,P001,Analytics Suite,0,West,Online,12,484.57,5814.84,2565.12,3249.72,96,3
2003,2025-06-16,2025,6,25,P002,Dashboard Pro,0,West,Offline,19,298.29,5667.51,2340.04,3327.47,228,4
2004,2025-06-16,2025,6,25,P003,Data Connector Plus,0,West,Online,33,144.64,4773.12,2206.38,2566.74,330,6
2005,2025-06-17,2025,6,25,P001,Analytics Suite,0,North,Offline,14,498.97,6985.58,3124.66,3860.92,126,2
2006,2025-06-17,2025,6,25,P002,Dashboard Pro,0,North,Partner,17,305.32,5190.44,2224.96,2965.48,221,4
2007,2025-06-17,2025,6,25,P003,Data Connector Plus,0,North,Offline,27,151.22,4082.94,1670.76,2412.18,270,5
2008,2025-06-17,2025,6,25,P001,Analytics Suite,0,South,Offline,13,484.92,6303.96,2789.02,3514.94,117,3
2009,2025-06-17,2025,6,25,P002,Dashboard Pro,0,South,Offline,19,303.75,5771.25,2514.27,3256.98,190,4
2010,2025-06-17,2025,6,25,P003,Data Connector Plus,0,South,Online,28,152.77,4277.56,2031.4,2246.16,336,5
2011,2025-06-17,2025,6,25,P001,Analytics Suite,0,East,Online,12,490.36,5884.32,2341.2,3543.12,120,2
2012,2025-06-17,2025,6,25,P002,Dashboard Pro,0,East,Online,20,303.21,6064.2,2517.8,3546.4,220,4
2013,2025-06-17,2025,6,25,P003,Data Connector Plus,0,East,Offline,33,147.02,4851.66,1894.86,2956.8,429,8
2014,2025-06-17,2025,6,25,P001,Analytics Suite,0,West,Online,14,506.84,7095.76,3074.26,4021.5,168,2
2015,2025-06-17,2025,6,25,P002,Dashboard Pro,0,West,Online,18,303.61,5464.98,2162.52,3302.46,198,4
2016,2025-06-17,2025,6,25,P003,Data Connector Plus,0,West,Offline,29,144.56,4192.24,1787.56,2404.68,406,5
2017,2025-06-18,2025,6,25,P001,Analytics Suite,0,North,Offline,14,495.51,6937.14,2920.68,4016.46,154,3
2018,2025-06-18,2025,6,25,P002,Dashboard Pro,0,North,Offline,19,292.52,5557.88,2445.3,3112.58,152,4
2019,2025-06-18,2025,6,25,P003,Data Connector Plus,0,North,Online,33,147.44,4865.52,2153.25,2712.27,396,8
2020,2025-06-18,2025,6,25,P001,Analytics Suite,0,South,Offline,14,484.71,6785.94,3022.6,3763.34,196,3
2021,2025-06-18,2025,6,25,P002,Dashboard Pro,0,South,Online,21,305.28,6410.88,2899.68,3511.2,210,4
2022,2025-06-18,2025,6,25,P003,Data Connector Plus,0,South,Online,30,150.9,4527.0,1852.8,2674.2,270,8
2023,2025-06-18,2025,6,25,P001,Analytics Suite,0,East,Online,12,497.84,5974.08,2535.24,3438.84,144,2
2024,2025-06-18,2025,6,25,P002,Dashboard Pro,0,East,Offline,17,298.31,5071.27,2233.46,2837.81,238,3
2025,2025-06-18,2025,6,25,P003,Data Connector Plus,0,East,Offline,33,145.95,4816.35,1833.48,2982.87,264,6
2026,2025-06-18,2025,6,25,P001,Analytics Suite,0,West,Partner,13,509.99,6629.87,2774.85,3855.02,182,3
2027,2025-06-18,2025,6,25,P002,Dashboard Pro,0,West,Offline,21,305.88,6423.48,2939.79,3483.69,273,5
2028,2025-06-18,2025,6,25,P003,Data Connector Plus,0,West,Offline,30,144.74,4342.2,1676.1,2666.1,390,7
2029,2025-06-19,2025,6,25,P001,Analytics Suite,0,North,Online,13,505.74,6574.62,2969.46,3605.16,143,3
2030,2025-06-19,2025,6,25,P002,Dashboard Pro,0,North,Online,20,297.72,5954.4,2767.0,3187.4,180,5
2031,2025-06-19,2025,6,25,P003,Data Connector Plus,0,North,Offline,30,151.61,4548.3,1916.1,2632.2,300,6
2032,2025-06-19,2025,6,25,P001,Analytics Suite,0,South,Online,14,507.85,7109.9,2936.36,4173.54,112,3
2033,2025-06-19,2025,6,25,P002,Dashboard Pro,0,South,Offline,19,302.75,5752.25,2335.48,3416.77,266,3
2034,2025-06-19,2025,6,25,P003,Data Connector Plus,0,South,Offline,29,151.57,4395.53,1791.33,2604.2,348,5
2035,2025-06-19,2025,6,25,P001,Analytics Suite,0,East,Online,11,499.65,5496.15,2398.22,3097.93,110,2
2036,2025-06-19,2025,6,25,P002,Dashboard Pro,0,East,Offline,18,302.87,5451.66,2330.82,3120.84,180,4
2037,2025-06-19,2025,6,25,P003,Data Connector Plus,0,East,Offline,28,151.18,4233.04,1865.64,2367.4,252,7
2038,2025-06-19,2025,6,25,P001,Analytics Suite,0,West,Partner,12,490.85,5890.2,2416.68,3473.52,144,2
2039,2025-06-19,2025,6,25,P002,Dashboard Pro,0,West,Offline,18,302.97,5453.46,2293.56,3159.9,216,4
2040,2025-06-19,2025,6,25,P003,Data Connector Plus,0,West,Online,27,147.61,3985.47,1714.23,2271.24,378,6
2041,2025-06-20,2025,6,25,P001,Analytics Suite,0,North,Offline,12,511.76,6141.12,2656.2,3484.92,168,2
2042,2025-06-20,2025,6,25,P002,Dashboard Pro,0,North,Partner,21,290.29,6096.09,2453.64,3642.45,210,4
2043,2025-06-20,2025,6,25,P003,Data Connector Plus,0,North,Offline,27,149.97,4049.19,1801.98,2247.21,216,5
2044,2025-06-20,2025,6,25,P001,Analytics Suite,0,South,Partner,12,511.36,6136.32,2789.76,3346.56,168,3
2045,2025-06-20,2025,6,25,P002,Dashboard Pro,0,South,Offline,20,306.14,6122.8,2733.4,3389.4,200,4
2046,2025-06-20,2025,6,25,P003,Data Connector Plus,0,South,Online,27,147.48,3981.96,1895.94,2086.02,324,7
2047,2025-06-20,2025,6,25,P001,Analytics Suite,0,East,Offline,13,486.41,6323.33,2761.2,3562.13,143,2
2048,2025-06-20,2025,6,25,P002,Dashboard Pro,0,East,Offline,18,303.3,5459.4,2542.68,2916.72,234,3
2049,2025-06-20,2025,6,25,P003,Data Connector Plus,0,East,Partner,31,146.12,4529.72,1971.29,2558.43,310,5
2050,2025-06-20,2025,6,25,P001,Analytics Suite,0,West,Online,11,508.9,5597.9,2419.67,3178.23,99,2
2051,2025-06-20,2025,6,25,P002,Dashboard Pro,0,West,Offline,18,300.54,5409.72,2108.88,3300.84,198,4
2052,2025-06-20,2025,6,25,P003,Data Connector Plus,0,West,Online,26,151.59,3941.34,1543.62,2397.72,286,4
2053,2025-06-21,2025,6,25,P001,Analytics Suite,0,North,Online,7,500.27,3501.89,1435.77,2066.12,77,1
2054,2025-06-21,2025,6,25,P002,Dashboard Pro,0,North,Offline,12,306.27,3675.24,1682.28,1992.96,132,2
2055,2025-06-21,2025,6,25,P003,Data Connector Plus,0,North,Offline,21,150.02,3150.42,1276.38,1874.04,168,4
2056,2025-06-21,2025,6,25,P001,Analytics Suite,0,South,Online,7,502.93,3520.51,1518.79,2001.72,77,1
2057,2025-06-21,2025,6,25,P002,Dashboard Pro,0,South,Online,12,305.59,3667.08,1642.08,2025.0,120,2
2058,2025-06-21,2025,6,25,P003,Data Connector Plus,0,South,Offline,20,145.53,2910.6,1248.0,1662.6,180,4
2059,2025-06-21,2025,6,25,P001,Analytics Suite,0,East,Online,9,498.12,4483.08,2044.44,2438.64,72,2
2060,2025-06-21,2025,6,25,P002,Dashboard Pro,0,East,Online,11,305.49,3360.39,1457.94,1902.45,143,2
2061,2025-06-21,2025,6,25,P003,Data Connector Plus,0,East,Online,20,151.35,3027.0,1242.6,1784.4,240,5
2062,2025-06-21,2025,6,25,P001,Analytics Suite,0,West,Partner,8,504.53,4036.24,1764.24,2272.0,72,1
2063,2025-06-21,2025,6,25,P002,Dashboard Pro,0,West,Offline,11,303.78,3341.58,1322.53,2019.05,154,2
2064,2025-06-21,2025,6,25,P003,Data Connector Plus,0,West,Offline,18,149.15,2684.7,1231.92,1452.78,216,4
2065,2025-06-22,2025,6,25,P001,Analytics Suite,0,North,Offline,7,511.96,3583.72,1660.82,1922.9,98,1
2066,2025-06-22,2025,6,25,P002,Dashboard Pro,0,North,Offline,12,303.07,3636.84,1545.6,2091.24,120,2
2067,2025-06-22,2025,6,25,P003,Data Connector Plus,0,North,Offline,19,148.26,2816.94,1086.04,1730.9,209,4
2068,2025-06-22,2025,6,25,P001,Analytics Suite,0,South,Offline,8,488.22,3905.76,1491.76,2414.0,80,2
2069,2025-06-22,2025,6,25,P002,Dashboard Pro,0,South,Online,11,302.89,3331.79,1274.02,2057.77,110,2
2070,2025-06-22,2025,6,25,P003,Data Connector Plus,0,South,Offline,19,149.52,2840.88,1140.57,1700.31,266,4
2071,2025-06-22,2025,6,25,P001,Analytics Suite,0,East,Online,9,487.23,4385.07,1983.33,2401.74,90,2
2072,2025-06-22,2025,6,25,P002,Dashboard Pro,0,East,Partner,12,307.11,3685.32,1643.4,2041.92,168,2
2073,2025-06-22,2025,6,25,P003,Data Connector Plus,0,East,Online,21,148.88,3126.48,1371.3,1755.18,252,3
2074,2025-06-22,2025,6,25,P001,Analytics Suite,0,West,Offline,7,494.29,3460.03,1634.36,1825.67,77,1
2075,2025-06-22,2025,6,25,P002,Dashboard Pro,0,West,Online,11,303.48,3338.28,1513.05,1825.23,154,2
2076,2025-06-22,2025,6,25,P003,Data Connector Plus,0,West,Offline,21,149.8,3145.8,1223.04,1922.76,252,4
2077,2025-06-23,2025,6,26,P001,Analytics Suite,0,North,Online,13,506.87,6589.31,3042.52,3546.79,156,3
2078,2025-06-23,2025,6,26,P002,Dashboard Pro,0,North,Partner,17,303.84,5165.28,2330.19,2835.09,221,3
2079,2025-06-23,2025,6,26,P003,Data Connector Plus,0,North,Offline,32,152.62,4883.84,1945.92,2937.92,288,7
2080,2025-06-23,2025,6,26,P001,Analytics Suite,0,South,Offline,12,494.0,5928.0,2406.24,3521.76,156,2
2081,2025-06-23,2025,6,26,P002,Dashboard Pro,0,South,Offline,21,292.55,6143.55,2577.96,3565.59,231,4
2082,2025-06-23,2025,6,26,P003,Data Connector Plus,0,South,Partner,26,149.25,3880.5,1619.54,2260.96,312,6
2083,2025-06-23,2025,6,26,P001,Analytics Suite,0,East,Partner,14,512.77,7178.78,3295.18,3883.6,140,3
2084,2025-06-23,2025,6,26,P002,Dashboard Pro,0,East,Offline,19,301.41,5726.79,2228.89,3497.9,228,4
2085,2025-06-23,2025,6,26,P003,Data Connector Plus,0,East,Offline,27,145.94,3940.38,1531.98,2408.4,378,7
2086,2025-06-23,2025,6,26,P001,Analytics Suite,0,West,Offline,13,513.76,6678.88,2994.81,3684.07,182,3
2087,2025-06-23,2025,6,26,P002,Dashboard Pro,0,West,Partner,19,305.99,5813.81,2587.42,3226.39,171,3
2088,2025-06-23,2025,6,26,P003,Data Connector Plus,0,West,Offline,31,147.57,4574.67,2076.69,2497.98,403,8
2089,2025-06-24,2025,6,26,P001,Analytics Suite,0,North,Online,14,496.05,6944.7,3214.12,3730.58,168,2
2090,2025-06-24,2025,6,26,P002,Dashboard Pro,0,North,Online,18,297.69,5358.42,2349.36,3009.06,162,4
2091,2025-06-24,2025,6,26,P003,Data Connector Plus,0,North,Online,30,150.37,4511.1,1973.4,2537.7,420,6
2092,2025-06-24,2025,6,26,P001,Analytics Suite,0,South,Online,14,510.0,7140.0,2819.04,4320.96,196,2
2093,2025-06-24,2025,6,26,P002,Dashboard Pro,0,South,Partner,17,299.6,5093.2,2332.4,2760.8,136,3
2094,2025-06-24,2025,6,26,P003,Data Connector Plus,0,South,Online,33,147.46,4866.18,2169.42,2696.76,297,6
2095,2025-06-24,2025,6,26,P001,Analytics Suite,0,East,Online,11,513.7,5650.7,2583.68,3067.02,99,2
2096,2025-06-24,2025,6,26,P002,Dashboard Pro,0,East,Online,21,306.97,6446.37,2466.03,3980.34,231,5
2097,2025-06-24,2025,6,26,P003,Data Connector Plus,0,East,Online,32,146.39,4684.48,1967.04,2717.44,352,6
2098,2025-06-24,2025,6,26,P001,Analytics Suite,0,West,Online,12,508.42,6101.04,2627.52,3473.52,108,2
2099,2025-06-24,2025,6,26,P002,Dashboard Pro,0,West,Online,19,292.95,5566.05,2527.38,3038.67,209,4
2100,2025-06-24,2025,6,26,P003,Data Connector Plus,0,West,Online,33,148.24,4891.92,2250.27,2641.65,264,7
2101,2025-06-25,2025,6,26,P001,Analytics Suite,0,North,Offline,12,487.38,5848.56,2444.76,3403.8,96,2
2102,2025-06-25,2025,6,26,P002,Dashboard Pro,0,North,Online,21,291.83,6128.43,2841.51,3286.92,210,4
2103,2025-06-25,2025,6,26,P003,Data Connector Plus,0,North,Partner,32,147.22,4711.04,2096.64,2614.4,256,8
2104,2025-06-25,2025,6,26,P001,Analytics Suite,0,South,Partner,14,484.5,6783.0,3016.58,3766.42,182,2
2105,2025-06-25,2025,6,26,P002,Dashboard Pro,0,South,Offline,17,294.5,5006.5,2162.06,2844.44,153,3
2106,2025-06-25,2025,6,26,P003,Data Connector Plus,0,South,Offline,30,144.88,4346.4,2028.3,2318.1,270,7
2107,2025-06-25,2025,6,26,P001,Analytics Suite,0,East,Online,12,496.45,5957.4,2367.84,3589.56,108,2
2108,2025-06-25,2025,6,26,P002,Dashboard Pro,0,East,Offline,17,304.55,5177.35,2422.5,2754.85,170,3
2109,2025-06-25,2025,6,26,P003,Data Connector Plus,0,East,Online,27,148.98,4022.46,1678.59,2343.87,351,7
2110,2025-06-25,2025,6,26,P001,Analytics Suite,0,West,Online,13,484.88,6303.44,2955.55,3347.89,104,2
2111,2025-06-25,2025,6,26,P002,Dashboard Pro,0,West,Online,21,306.42,6434.82,2935.8,3499.02,231,5
2112,2025-06-25,2025,6,26,P003,Data Connector Plus,0,West,Online,27,145.43,3926.61,1528.2,2398.41,243,7
2113,2025-06-26,2025,6,26,P001,Analytics Suite,0,North,Partner,11,498.27,5480.97,2574.99,2905.98,154,2
2114,2025-06-26,2025,6,26,P002,Dashboard Pro,0,North,Online,21,304.55,6395.55,2730.63,3664.92,231,5
2115,2025-06-26,2025,6,26,P003,Data Connector Plus,0,North,Online,27,150.4,4060.8,1814.67,2246.13,324,5
2116,2025-06-26,2025,6,26,P001,Analytics Suite,0,South,Offline,12,508.91,6106.92,2454.6,3652.32,108,2
2117,2025-06-26,2025,6,26,P002,Dashboard Pro,0,South,Online,21,294.08,6175.68,2789.64,3386.04,168,4
2118,2025-06-26,2025,6,26,P003,Data Connector Plus,0,South,Online,31,146.76,4549.56,2028.95,2520.61,403,6
2119,2025-06-26,2025,6,26,P001,Analytics Suite,0,East,Offline,14,504.04,7056.56,3378.48,3678.08,168,2
2120,2025-06-26,2025,6,26,P002,Dashboard Pro,0,East,Online,21,295.91,6214.11,2721.39,3492.72,189,5
2121,2025-06-26,2025,6,26,P003,Data Connector Plus,0,East,Online,26,152.63,3968.38,1823.12,2145.26,208,7
2122,2025-06-26,2025,6,26,P001,Analytics Suite,0,West,Offline,11,503.03,5533.33,2192.19,3341.14,99,2
2123,2025-06-26,2025,6,26,P002,Dashboard Pro,0,West,Online,19,298.71,5675.49,2650.12,3025.37,247,5
2124,2025-06-26,2025,6,26,P003,Data Connector Plus,0,West,Offline,29,153.4,4448.6,1933.43,2515.17,290,5
2125,2025-06-27,2025,6,26,P001,Analytics Suite,0,North,Partner,12,507.04,6084.48,2918.52,3165.96,120,2
2126,2025-06-27,2025,6,26,P002,Dashboard Pro,0,North,Offline,18,305.67,5502.06,2455.74,3046.32,198,4
2127,2025-06-27,2025,6,26,P003,Data Connector Plus,0,North,Online,29,149.17,4325.93,1828.45,2497.48,290,5
2128,2025-06-27,2025,6,26,P001,Analytics Suite,0,South,Partner,13,486.86,6329.18,2475.46,3853.72,182,3
2129,2025-06-27,2025,6,26,P002,Dashboard Pro,0,South,Online,18,305.7,5502.6,2395.44,3107.16,198,4
2130,2025-06-27,2025,6,26,P003,Data Connector Plus,0,South,Online,33,153.22,5056.26,2397.45,2658.81,462,9
2131,2025-06-27,2025,6,26,P001,Analytics Suite,0,East,Online,12,509.18,6110.16,2443.2,3666.96,96,3
2132,2025-06-27,2025,6,26,P002,Dashboard Pro,0,East,Offline,19,304.02,5776.38,2498.31,3278.07,228,4
2133,2025-06-27,2025,6,26,P003,Data Connector Plus,0,East,Partner,29,146.59,4251.11,1686.35,2564.76,348,5
2134,2025-06-27,2025,6,26,P001,Analytics Suite,0,West,Partner,13,503.04,6539.52,3036.41,3503.11,117,3
2135,2025-06-27,2025,6,26,P002,Dashboard Pro,0,West,Offline,17,306.93,5217.81,2088.28,3129.53,238,3
2136,2025-06-27,2025,6,26,P003,Data Connector Plus,0,West,Online,33,148.11,4887.63,2332.44,2555.19,396,8
2137,2025-06-28,2025,6,26,P001,Analytics Suite,0,North,Partner,8,488.11,3904.88,1513.12,2391.76,64,2
2138,2025-06-28,2025,6,26,P002,Dashboard Pro,0,North,Offline,13,293.78,3819.14,1817.66,2001.48,156,2
2139,2025-06-28,2025,6,26,P003,Data Connector Plus,0,North,Offline,19,145.82,2770.58,1322.21,1448.37,266,5
2140,2025-06-28,2025,6,26,P001,Analytics Suite,0,South,Online,9,495.74,4461.66,1869.84,2591.82,99,1
2141,2025-06-28,2025,6,26,P002,Dashboard Pro,0,South,Partner,13,291.3,3786.9,1492.27,2294.63,130,2
2142,2025-06-28,2025,6,26,P003,Data Connector Plus,0,South,Offline,20,149.77,2995.4,1271.0,1724.4,180,4
2143,2025-06-28,2025,6,26,P001,Analytics Suite,0,East,Online,8,484.35,3874.8,1675.52,2199.28,80,2
2144,2025-06-28,2025,6,26,P002,Dashboard Pro,0,East,Offline,12,294.2,3530.4,1385.64,2144.76,168,3
2145,2025-06-28,2025,6,26,P003,Data Connector Plus,0,East,Partner,19,145.16,2758.04,1142.28,1615.76,247,3
2146,2025-06-28,2025,6,26,P001,Analytics Suite,0,West,Partner,9,495.45,4459.05,1973.97,2485.08,72,2
2147,2025-06-28,2025,6,26,P002,Dashboard Pro,0,West,Partner,11,302.76,3330.36,1518.11,1812.25,121,2
2148,2025-06-28,2025,6,26,P003,Data Connector Plus,0,West,Offline,17,153.45,2608.65,1217.03,1391.62,204,3
2149,2025-06-29,2025,6,26,P001,Analytics Suite,0,North,Offline,9,498.84,4489.56,1895.31,2594.25,99,2
2150,2025-06-29,2025,6,26,P002,Dashboard Pro,0,North,Offline,13,295.06,3835.78,1804.66,2031.12,130,3
2151,2025-06-29,2025,6,26,P003,Data Connector Plus,0,North,Online,18,150.49,2708.82,1051.92,1656.9,180,3
2152,2025-06-29,2025,6,26,P001,Analytics Suite,0,South,Offline,9,491.3,4421.7,1872.0,2549.7,108,1
2153,2025-06-29,2025,6,26,P002,Dashboard Pro,0,South,Offline,14,304.85,4267.9,1979.18,2288.72,168,3
2154,2025-06-29,2025,6,26,P003,Data Connector Plus,0,South,Online,19,152.8,2903.2,1134.49,1768.71,228,5
2155,2025-06-29,2025,6,26,P001,Analytics Suite,0,East,Online,8,486.98,3895.84,1573.36,2322.48,112,1
2156,2025-06-29,2025,6,26,P002,Dashboard Pro,0,East,Offline,13,300.86,3911.18,1777.36,2133.82,169,2
2157,2025-06-29,2025,6,26,P003,Data Connector Plus,0,East,Offline,21,152.15,3195.15,1225.98,1969.17,252,4
2158,2025-06-29,2025,6,26,P001,Analytics Suite,0,West,Offline,9,506.32,4556.88,1830.06,2726.82,72,1
2159,2025-06-29,2025,6,26,P002,Dashboard Pro,0,West,Online,13,295.93,3847.09,1770.34,2076.75,143,3
2160,2025-06-29,2025,6,26,P003,Data Connector Plus,0,West,Offline,21,146.8,3082.8,1280.16,1802.64,210,5
2161,2025-06-30,2025,6,27,P001,Analytics Suite,0,North,Online,12,507.49,6089.88,2917.68,3172.2,156,2
2162,2025-06-30,2025,6,27,P002,Dashboard Pro,0,North,Offline,20,293.79,5875.8,2613.8,3262.0,240,5
2163,2025-06-30,2025,6,27,P003,Data Connector Plus,0,North,Online,32,151.51,4848.32,2257.6,2590.72,352,6
2164,2025-06-30,2025,6,27,P001,Analytics Suite,0,South,Offline,13,506.18,6580.34,2708.81,3871.53,117,2
2165,2025-06-30,2025,6,27,P002,Dashboard Pro,0,South,Online,21,291.65,6124.65,2631.93,3492.72,252,4
2166,2025-06-30,2025,6,27,P003,Data Connector Plus,0,South,Offline,29,146.9,4260.1,1762.33,2497.77,290,6
2167,2025-06-30,2025,6,27,P001,Analytics Suite,0,East,Online,12,488.8,5865.6,2294.28,3571.32,96,2
2168,2025-06-30,2025,6,27,P002,Dashboard Pro,0,East,Offline,21,302.59,6354.39,2770.53,3583.86,294,4
2169,2025-06-30,2025,6,27,P003,Data Connector Plus,0,East,Online,31,145.21,4501.51,1979.66,2521.85,403,8
2170,2025-06-30,2025,6,27,P001,Analytics Suite,0,West,Offline,12,491.92,5903.04,2451.96,3451.08,144,2
2171,2025-06-30,2025,6,27,P002,Dashboard Pro,0,West,Offline,18,305.19,5493.42,2248.92,3244.5,252,4
2172,2025-06-30,2025,6,27,P003,Data Connector Plus,0,West,Offline,27,153.46,4143.42,1676.43,2466.99,216,5
2173,2025-07-01,2025,7,27,P001,Analytics Suite,0,North,Online,13,484.82,6302.66,3014.7,3287.96,169,2
2174,2025-07-01,2025,7,27,P002,Dashboard Pro,0,North,Online,17,301.65,5128.05,2100.86,3027.19,136,4
2175,2025-07-01,2025,7,27,P003,Data Connector Plus,0,North,Offline,31,148.85,4614.35,2007.87,2606.48,372,7
2176,2025-07-01,2025,7,27,P001,Analytics Suite,0,South,Offline,12,509.42,6113.04,2674.68,3438.36,156,3
2177,2025-07-01,2025,7,27,P002,Dashboard Pro,0,South,Offline,18,294.72,5304.96,2442.06,2862.9,180,3
2178,2025-07-01,2025,7,27,P003,Data Connector Plus,0,South,Partner,27,152.58,4119.66,1788.21,2331.45,270,5
2179,2025-07-01,2025,7,27,P001,Analytics Suite,0,East,Offline,12,493.66,5923.92,2397.36,3526.56,156,2
2180,2025-07-01,2025,7,27,P002,Dashboard Pro,0,East,Offline,16,307.63,4922.08,2219.04,2703.04,192,3
2181,2025-07-01,2025,7,27,P003,Data Connector Plus,0,East,Online,26,151.92,3949.92,1784.38,2165.54,260,6
2182,2025-07-01,2025,7,27,P001,Analytics Suite,0,West,Offline,12,513.52,6162.24,2857.2,3305.04,144,2
2183,2025-07-01,2025,7,27,P002,Dashboard Pro,0,West,Online,18,300.63,5411.34,2068.2,3343.14,162,4
2184,2025-07-01,2025,7,27,P003,Data Connector Plus,0,West,Offline,29,152.54,4423.66,1746.38,2677.28,377,7
2185,2025-07-02,2025,7,27,P001,Analytics Suite,0,North,Offline,11,505.55,5561.05,2128.5,3432.55,143,2
2186,2025-07-02,2025,7,27,P002,Dashboard Pro,0,North,Online,18,303.74,5467.32,2195.28,3272.04,198,4
2187,2025-07-02,2025,7,27,P003,Data Connector Plus,0,North,Online,29,150.56,4366.24,2007.67,2358.57,348,6
2188,2025-07-02,2025,7,27,P001,Analytics Suite,0,South,Partner,12,506.97,6083.64,2503.08,3580.56,144,2
2189,2025-07-02,2025,7,27,P002,Dashboard Pro,0,South,Online,19,302.81,5753.39,2631.88,3121.51,152,3
2190,2025-07-02,2025,7,27,P003,Data Connector Plus,0,South,Online,25,148.23,3705.75,1500.5,2205.25,225,6
2191,2025-07-02,2025,7,27,P001,Analytics Suite,0,East,Online,13,489.4,6362.2,3008.59,3353.61,169,3
2192,2025-07-02,2025,7,27,P002,Dashboard Pro,0,East,Online,17,291.72,4959.24,2355.18,2604.06,221,3
2193,2025-07-02,2025,7,27,P003,Data Connector Plus,0,East,Online,28,150.76,4221.28,1681.4,2539.88,280,5
2194,2025-07-02,2025,7,27,P001,Analytics Suite,0,West,Online,11,496.92,5466.12,2178.0,3288.12,88,2
2195,2025-07-02,2025,7,27,P002,Dashboard Pro,0,West,Offline,17,307.71,5231.07,2224.11,3006.96,170,3
2196,2025-07-02,2025,7,27,P003,Data Connector Plus,0,West,Online,27,152.39,4114.53,1587.87,2526.66,324,5
2197,2025-07-03,2025,7,27,P001,Analytics Suite,0,North,Offline,11,512.88,5641.68,2328.26,3313.42,88,2
2198,2025-07-03,2025,7,27,P002,Dashboard Pro,0,North,Online,19,300.22,5704.18,2712.82,2991.36,152,3
2199,2025-07-03,2025,7,27,P003,Data Connector Plus,0,North,Online,29,146.16,4238.64,1651.84,2586.8,290,7
2200,2025-07-03,2025,7,27,P001,Analytics Suite,0,South,Online,11,495.23,5447.53,2454.87,2992.66,121,2
2201,2025-07-03,2025,7,27,P002,Dashboard Pro,0,South,Offline,17,292.7,4975.9,2200.31,2775.59,136,4
2202,2025-07-03,2025,7,27,P003,Data Connector Plus,0,South,Online,31,151.63,4700.53,2225.8,2474.73,310,5
2203,2025-07-03,2025,7,27,P001,Analytics Suite,0,East,Online,12,501.7,6020.4,2587.32,3433.08,96,2
2204,2025-07-03,2025,7,27,P002,Dashboard Pro,0,East,Partner,20,306.53,6130.6,2665.6,3465.0,260,4
2205,2025-07-03,2025,7,27,P003,Data Connector Plus,0,East,Offline,28,145.57,4075.96,1649.2,2426.76,280,5
2206,2025-07-03,2025,7,27,P001,Analytics Suite,0,West,Offline,13,498.72,6483.36,2695.94,3787.42,104,3
2207,2025-07-03,2025,7,27,P002,Dashboard Pro,0,West,Partner,20,304.58,6091.6,2774.4,3317.2,260,4
2208,2025-07-03,2025,7,27,P003,Data Connector Plus,0,West,Offline,31,145.34,4505.54,1965.71,2539.83,372,7
2209,2025-07-04,2025,7,27,P001,Analytics Suite,0,North,Offline,12,506.69,6080.28,2505.24,3575.04,120,2
2210,2025-07-04,2025,7,27,P002,Dashboard Pro,0,North,Offline,17,306.97,5218.49,2179.74,3038.75,187,3
2211,2025-07-04,2025,7,27,P003,Data Connector Plus,0,North,Offline,28,147.4,4127.2,1694.56,2432.64,308,7
2212,2025-07-04,2025,7,27,P001,Analytics Suite,0,South,Offline,13,507.11,6592.43,3053.18,3539.25,156,2
2213,2025-07-04,2025,7,27,P002,Dashboard Pro,0,South,Offline,16,306.03,4896.48,2126.4,2770.08,192,3
2214,2025-07-04,2025,7,27,P003,Data Connector Plus,0,South,Online,30,149.31,4479.3,1874.4,2604.9,300,6
2215,2025-07-04,2025,7,27,P001,Analytics Suite,0,East,Offline,12,508.69,6104.28,2770.44,3333.84,132,2
2216,2025-07-04,2025,7,27,P002,Dashboard Pro,0,East,Offline,17,296.68,5043.56,1966.39,3077.17,153,4
2217,2025-07-04,2025,7,27,P003,Data Connector Plus,0,East,Online,31,150.9,4677.9,2009.42,2668.48,279,7
2218,2025-07-04,2025,7,27,P001,Analytics Suite,0,West,Online,12,485.38,5824.56,2281.08,3543.48,156,2
2219,2025-07-04,2025,7,27,P002,Dashboard Pro,0,West,Partner,20,301.86,6037.2,2888.4,3148.8,200,5
2220,2025-07-04,2025,7,27,P003,Data Connector Plus,0,West,Offline,31,147.85,4583.35,1813.19,2770.16,248,7
2221,2025-07-05,2025,7,27,P001,Analytics Suite,0,North,Partner,8,491.76,3934.08,1719.44,2214.64,104,2
2222,2025-07-05,2025,7,27,P002,Dashboard Pro,0,North,Partner,12,293.71,3524.52,1661.4,1863.12,156,2
2223,2025-07-05,2025,7,27,P003,Data Connector Plus,0,North,Online,16,151.89,2430.24,1142.4,1287.84,224,4
2224,2025-07-05,2025,7,27,P001,Analytics Suite,0,South,Offline,8,502.0,4016.0,1542.88,2473.12,88,2
2225,2025-07-05,2025,7,27,P002,Dashboard Pro,0,South,Online,10,302.4,3024.0,1184.0,1840.0,80,2
2226,2025-07-05,2025,7,27,P003,Data Connector Plus,0,South,Online,18,146.17,2631.06,1067.22,1563.84,234,4
2227,2025-07-05,2025,7,27,P001,Analytics Suite,0,East,Offline,8,495.95,3967.6,1847.12,2120.48,80,1
2228,2025-07-05,2025,7,27,P002,Dashboard Pro,0,East,Partner,12,297.11,3565.32,1693.56,1871.76,108,2
2229,2025-07-05,2025,7,27,P003,Data Connector Plus,0,East,Partner,18,145.67,2622.06,1121.94,1500.12,198,3
2230,2025-07-05,2025,7,27,P001,Analytics Suite,0,West,Online,7,495.65,3469.55,1598.24,1871.31,91,1
2231,2025-07-05,2025,7,27,P002,Dashboard Pro,0,West,Online,12,297.89,3574.68,1633.32,1941.36,144,2
2232,2025-07-05,2025,7,27,P003,Data Connector Plus,0,West,Offline,18,153.24,2758.32,1135.8,1622.52,234,4
2233,2025-07-06,2025,7,27,P001,Analytics Suite,0,North,Partner,8,494.25,3954.0,1640.96,2313.04,72,1
2234,2025-07-06,2025,7,27,P002,Dashboard Pro,0,North,Online,12,297.05,3564.6,1534.8,2029.8,120,2
2235,2025-07-06,2025,7,27,P003,Data Connector Plus,0,North,Offline,19,147.53,2803.07,1309.48,1493.59,152,3
2236,2025-07-06,2025,7,27,P001,Analytics Suite,0,South,Offline,7,499.85,3498.95,1521.03,1977.92,63,1
2237,2025-07-06,2025,7,27,P002,Dashboard Pro,0,South,Offline,10,291.2,2912.0,1286.7,1625.3,80,1
2238,2025-07-06,2025,7,27,P003,Data Connector Plus,0,South,Online,20,147.84,2956.8,1326.0,1630.8,160,3
2239,2025-07-06,2025,7,27,P001,Analytics Suite,0,East,Online,7,485.78,3400.46,1332.87,2067.59,84,1
2240,2025-07-06,2025,7,27,P002,Dashboard Pro,0,East,Online,12,300.14,3601.68,1665.36,1936.32,156,2
2241,2025-07-06,2025,7,27,P003,Data Connector Plus,0,East,Offline,19,147.98,2811.62,1194.91,1616.71,209,4
2242,2025-07-06,2025,7,27,P001,Analytics Suite,0,West,Online,8,502.37,4018.96,1710.08,2308.88,104,2
2243,2025-07-06,2025,7,27,P002,Dashboard Pro,0,West,Online,11,299.65,3296.15,1347.06,1949.09,99,2
2244,2025-07-06,2025,7,27,P003,Data Connector Plus,0,West,Online,20,148.0,2960.0,1233.8,1726.2,180,3
2245,2025-07-07,2025,7,28,P001,Analytics Suite,0,North,Offline,13,488.34,6348.42,2970.89,3377.53,169,3
2246,2025-07-07,2025,7,28,P002,Dashboard Pro,0,North,Offline,20,292.27,5845.4,2771.8,3073.6,180,4
2247,2025-07-07,2025,7,28,P003,Data Connector Plus,0,North,Offline,28,151.09,4230.52,1803.76,2426.76,308,5
2248,2025-07-07,2025,7,28,P001,Analytics Suite,0,South,Offline,12,488.02,5856.24,2352.48,3503.76,108,2
2249,2025-07-07,2025,7,28,P002,Dashboard Pro,0,South,Offline,17,305.7,5196.9,2163.76,3033.14,204,3
2250,2025-07-07,2025,7,28,P003,Data Connector Plus,0,South,Online,31,151.61,4699.91,1886.35,2813.56,310,6
2251,2025-07-07,2025,7,28,P001,Analytics Suite,0,East,Online,11,503.56,5539.16,2634.28,2904.88,154,2
2252,2025-07-07,2025,7,28,P002,Dashboard Pro,0,East,Online,18,293.61,5284.98,2356.92,2928.06,162,4
2253,2025-07-07,2025,7,28,P003,Data Connector Plus,0,East,Online,28,152.96,4282.88,1792.84,2490.04,252,6
2254,2025-07-07,2025,7,28,P001,Analytics Suite,0,West,Offline,11,506.36,5569.96,2473.79,3096.17,99,2
2255,2025-07-07,2025,7,28,P002,Dashboard Pro,0,West,Online,19,292.73,5561.87,2596.35,2965.52,171,3
2256,2025-07-07,2025,7,28,P003,Data Connector Plus,0,West,Partner,31,147.36,4568.16,1978.42,2589.74,372,7
2257,2025-07-08,2025,7,28,P001,Analytics Suite,0,North,Online,10,486.94,4869.4,1854.6,3014.8,80,2
2258,2025-07-08,2025,7,28,P002,Dashboard Pro,0,North,Online,16,305.33,4885.28,1955.52,2929.76,160,3
2259,2025-07-08,2025,7,28,P003,Data Connector Plus,0,North,Online,26,152.05,3953.3,1732.9,2220.4,260,6
2260,2025-07-08,2025,7,28,P001,Analytics Suite,0,South,Online,12,505.1,6061.2,2789.52,3271.68,96,2
2261,2025-07-08,2025,7,28,P002,Dashboard Pro,0,South,Online,20,292.96,5859.2,2466.6,3392.6,240,4
2262,2025-07-08,2025,7,28,P003,Data Connector Plus,0,South,Online,29,150.79,4372.91,2056.97,2315.94,406,8
2263,2025-07-08,2025,7,28,P001,Analytics Suite,0,East,Offline,12,488.42,5861.04,2250.24,3610.8,168,3
2264,2025-07-08,2025,7,28,P002,Dashboard Pro,0,East,Offline,18,298.59,5374.62,2412.18,2962.44,216,4
2265,2025-07-08,2025,7,28,P003,Data Connector Plus,0,East,Online,31,149.76,4642.56,2214.64,2427.92,248,8
2266,2025-07-08,2025,7,28,P001,Analytics Suite,0,West,Partner,12,510.54,6126.48,2370.24,3756.24,120,2
2267,2025-07-08,2025,7,28,P002,Dashboard Pro,0,West,Online,17,297.09,5050.53,2404.31,2646.22,238,3
2268,2025-07-08,2025,7,28,P003,Data Connector Plus,0,West,Offline,29,147.14,4267.06,1657.06,2610.0,406,6
2269,2025-07-09,2025,7,28,P001,Analytics Suite,0,North,Partner,13,484.51,6298.63,3018.08,3280.55,143,2
2270,2025-07-09,2025,7,28,P002,Dashboard Pro,0,North,Partner,17,299.24,5087.08,2182.12,2904.96,136,4
2271,2025-07-09,2025,7,28,P003,Data Connector Plus,0,North,Online,25,146.66,3666.5,1758.5,1908.0,275,5
2272,2025-07-09,2025,7,28,P001,Analytics Suite,0,South,Offline,11,513.82,5652.02,2193.07,3458.95,143,2
2273,2025-07-09,2025,7,28,P002,Dashboard Pro,0,South,Offline,16,307.58,4921.28,2152.32,2768.96,208,3
2274,2025-07-09,2025,7,28,P003,Data Connector Plus,0,South,Online,26,148.73,3866.98,1729.26,2137.72,338,6
2275,2025-07-09,2025,7,28,P001,Analytics Suite,0,East,Partner,11,508.08,5588.88,2361.04,3227.84,154,2
2276,2025-07-09,2025,7,28,P002,Dashboard Pro,0,East,Online,16,296.24,4739.84,2032.8,2707.04,144,3
2277,2025-07-09,2025,7,28,P003,Data Connector Plus,0,East,Online,31,152.74,4734.94,2231.69,2503.25,403,8
2278,2025-07-09,2025,7,28,P001,Analytics Suite,0,West,Online,13,484.72,6301.36,2461.94,3839.42,182,2
2279,2025-07-09,2025,7,28,P002,Dashboard Pro,0,West,Offline,17,292.79,4977.43,1934.94,3042.49,238,3
2280,2025-07-09,2025,7,28,P003,Data Connector Plus,0,West,Online,30,151.11,4533.3,1754.7,2778.6,360,7
2281,2025-07-10,2025,7,28,P001,Analytics Suite,0,North,Offline,13,513.05,6669.65,3058.77,3610.88,130,2
2282,2025-07-10,2025,7,28,P002,Dashboard Pro,0,North,Online,16,302.66,4842.56,2288.8,2553.76,208,3
2283,2025-07-10,2025,7,28,P003,Data Connector Plus,0,North,Offline,30,145.35,4360.5,1758.6,2601.9,390,5
2284,2025-07-10,2025,7,28,P001,Analytics Suite,0,South,Offline,11,493.62,5429.82,2507.23,2922.59,121,2
2285,2025-07-10,2025,7,28,P002,Dashboard Pro,0,South,Offline,18,302.7,5448.6,2438.82,3009.78,234,4
2286,2025-07-10,2025,7,28,P003,Data Connector Plus,0,South,Online,25,146.18,3654.5,1744.75,1909.75,225,5
2287,2025-07-10,2025,7,28,P001,Analytics Suite,0,East,Online,13,501.26,6516.38,2934.23,3582.15,104,2
2288,2025-07-10,2025,7,28,P002,Dashboard Pro,0,East,Partner,17,295.8,5028.6,2109.36,2919.24,153,4
2289,2025-07-10,2025,7,28,P003,Data Connector Plus,0,East,Offline,27,148.22,4001.94,1691.55,2310.39,243,7
2290,2025-07-10,2025,7,28,P001,Analytics Suite,0,West,Offline,13,499.91,6498.83,2633.15,3865.68,169,3
2291,2025-07-10,2025,7,28,P002,Dashboard Pro,0,West,Online,16,291.16,4658.56,1798.4,2860.16,208,4
2292,2025-07-10,2025,7,28,P003,Data Connector Plus,0,West,Partner,28,150.56,4215.68,1606.92,2608.76,308,7
2293,2025-07-11,2025,7,28,P001,Analytics Suite,0,North,Partner,11,501.64,5518.04,2482.04,3036.0,110,2
2294,2025-07-11,2025,7,28,P002,Dashboard Pro,0,North,Offline,20,300.24,6004.8,2552.6,3452.2,200,5
2295,2025-07-11,2025,7,28,P003,Data Connector Plus,0,North,Offline,28,149.0,4172.0,1813.0,2359.0,280,7
2296,2025-07-11,2025,7,28,P001,Analytics Suite,0,South,Offline,11,489.14,5380.54,2294.82,3085.72,121,2
2297,2025-07-11,2025,7,28,P002,Dashboard Pro,0,South,Partner,20,305.22,6104.4,2850.0,3254.4,220,4
2298,2025-07-11,2025,7,28,P003,Data Connector Plus,0,South,Online,26,151.13,3929.38,1836.38,2093.0,208,6
2299,2025-07-11,2025,7,28,P001,Analytics Suite,0,East,Online,12,510.09,6121.08,2334.6,3786.48,120,3
2300,2025-07-11,2025,7,28,P002,Dashboard Pro,0,East,Offline,19,293.13,5569.47,2237.25,3332.22,171,3
2301,2025-07-11,2025,7,28,P003,Data Connector Plus,0,East,Online,28,146.95,4114.6,1724.8,2389.8,308,5
2302,2025-07-11,2025,7,28,P001,Analytics Suite,0,West,Online,13,500.48,6506.24,2867.15,3639.09,143,2
2303,2025-07-11,2025,7,28,P002,Dashboard Pro,0,West,Offline,18,305.31,5495.58,2121.12,3374.46,234,4
2304,2025-07-11,2025,7,28,P003,Data Connector Plus,0,West,Offline,25,147.42,3685.5,1452.75,2232.75,250,5
2305,2025-07-12,2025,7,28,P001,Analytics Suite,0,North,Offline,8,490.51,3924.08,1738.96,2185.12,80,1
2306,2025-07-12,2025,7,28,P002,Dashboard Pro,0,North,Offline,11,301.13,3312.43,1301.63,2010.8,132,2
2307,2025-07-12,2025,7,28,P003,Data Connector Plus,0,North,Partner,19,151.75,2883.25,1258.56,1624.69,190,4
2308,2025-07-12,2025,7,28,P001,Analytics Suite,0,South,Online,7,495.11,3465.77,1555.54,1910.23,70,1
2309,2025-07-12,2025,7,28,P002,Dashboard Pro,0,South,Partner,13,301.4,3918.2,1797.25,2120.95,143,3
2310,2025-07-12,2025,7,28,P003,Data Connector Plus,0,South,Online,19,147.49,2802.31,1335.51,1466.8,171,4
2311,2025-07-12,2025,7,28,P001,Analytics Suite,0,East,Offline,8,511.32,4090.56,1651.36,2439.2,96,2
2312,2025-07-12,2025,7,28,P002,Dashboard Pro,0,East,Online,12,298.46,3581.52,1676.4,1905.12,144,2
2313,2025-07-12,2025,7,28,P003,Data Connector Plus,0,East,Offline,17,147.41,2505.97,1103.3,1402.67,187,4
2314,2025-07-12,2025,7,28,P001,Analytics Suite,0,West,Offline,8,491.99,3935.92,1571.68,2364.24,112,2
2315,2025-07-12,2025,7,28,P002,Dashboard Pro,0,West,Offline,12,296.56,3558.72,1440.12,2118.6,132,2
2316,2025-07-12,2025,7,28,P003,Data Connector Plus,0,West,Offline,17,151.9,2582.3,1183.71,1398.59,153,4
2317,2025-07-13,2025,7,28,P001,Analytics Suite,0,North,Partner,8,493.44,3947.52,1825.36,2122.16,72,1
2318,2025-07-13,2025,7,28,P002,Dashboard Pro,0,North,Online,13,300.75,3909.75,1509.43,2400.32,169,3
2319,2025-07-13,2025,7,28,P003,Data Connector Plus,0,North,Online,18,149.04,2682.72,1132.92,1549.8,198,4
2320,2025-07-13,2025,7,28,P001,Analytics Suite,0,South,Online,7,491.84,3442.88,1318.24,2124.64,56,1
2321,2025-07-13,2025,7,28,P002,Dashboard Pro,0,South,Offline,11,296.64,3263.04,1385.67,1877.37,99,2
2322,2025-07-13,2025,7,28,P003,Data Connector Plus,0,South,Online,17,148.5,2524.5,1074.4,1450.1,170,3
2323,2025-07-13,2025,7,28,P001,Analytics Suite,0,East,Offline,8,492.56,3940.48,1874.16,2066.32,80,1
2324,2025-07-13,2025,7,28,P002,Dashboard Pro,0,East,Online,13,299.94,3899.22,1806.09,2093.13,130,2
2325,2025-07-13,2025,7,28,P003,Data Connector Plus,0,East,Online,16,148.41,2374.56,979.84,1394.72,144,4
2326,2025-07-13,2025,7,28,P001,Analytics Suite,0,West,Offline,7,492.5,3447.5,1323.63,2123.87,84,1
2327,2025-07-13,2025,7,28,P002,Dashboard Pro,0,West,Offline,12,302.83,3633.96,1431.72,2202.24,96,2
2328,2025-07-13,2025,7,28,P003,Data Connector Plus,0,West,Online,17,150.91,2565.47,1224.34,1341.13,170,3
2329,2025-07-14,2025,7,29,P001,Analytics Suite,0,North,Offline,12,506.51,6078.12,2347.44,3730.68,144,2
2330,2025-07-14,2025,7,29,P002,Dashboard Pro,0,North,Offline,19,302.49,5747.31,2652.02,3095.29,152,4
2331,2025-07-14,2025,7,29,P003,Data Connector Plus,0,North,Online,26,152.68,3969.68,1530.88,2438.8,234,6
2332,2025-07-14,2025,7,29,P001,Analytics Suite,0,South,Offline,10,503.28,5032.8,1933.8,3099.0,110,2
2333,2025-07-14,2025,7,29,P002,Dashboard Pro,0,South,Partner,17,292.77,4977.09,2050.37,2926.72,204,3
2334,2025-07-14,2025,7,29,P003,Data Connector Plus,0,South,Offline,29,148.07,4294.03,1843.24,2450.79,290,7
2335,2025-07-14,2025,7,29,P001,Analytics Suite,0,East,Online,12,500.5,6006.0,2303.88,3702.12,144,2
2336,2025-07-14,2025,7,29,P002,Dashboard Pro,0,East,Online,18,296.3,5333.4,2298.24,3035.16,180,4
2337,2025-07-14,2025,7,29,P003,Data Connector Plus,0,East,Online,28,145.89,4084.92,1856.4,2228.52,364,5
2338,2025-07-14,2025,7,29,P001,Analytics Suite,0,West,Online,12,499.33,5991.96,2728.8,3263.16,108,2
2339,2025-07-14,2025,7,29,P002,Dashboard Pro,0,West,Online,17,306.14,5204.38,2126.19,3078.19,221,3
2340,2025-07-14,2025,7,29,P003,Data Connector Plus,0,West,Offline,29,150.35,4360.15,1746.09,2614.06,319,5
2341,2025-07-15,2025,7,29,P001,Analytics Suite,0,North,Partner,12,487.23,5846.76,2338.8,3507.96,108,2
2342,2025-07-15,2025,7,29,P002,Dashboard Pro,0,North,Offline,19,304.97,5794.43,2675.77,3118.66,228,4
2343,2025-07-15,2025,7,29,P003,Data Connector Plus,0,North,Offline,25,150.13,3753.25,1521.0,2232.25,350,5
2344,2025-07-15,2025,7,29,P001,Analytics Suite,0,South,Online,11,490.51,5395.61,2161.72,3233.89,110,3
2345,2025-07-15,2025,7,29,P002,Dashboard Pro,0,South,Partner,18,295.9,5326.2,2425.5,2900.7,216,4
2346,2025-07-15,2025,7,29,P003,Data Connector Plus,0,South,Offline,28,149.86,4196.08,1954.4,2241.68,364,5
2347,2025-07-15,2025,7,29,P001,Analytics Suite,0,East,Partner,12,510.51,6126.12,2358.6,3767.52,144,2
2348,2025-07-15,2025,7,29,P002,Dashboard Pro,0,East,Offline,17,290.03,4930.51,2153.73,2776.78,221,3
2349,2025-07-15,2025,7,29,P003,Data Connector Plus,0,East,Online,25,146.45,3661.25,1663.0,1998.25,275,5
2350,2025-07-15,2025,7,29,P001,Analytics Suite,0,West,Online,11,503.6,5539.6,2602.82,2936.78,88,2
2351,2025-07-15,2025,7,29,P002,Dashboard Pro,0,West,Partner,17,306.72,5214.24,2458.37,2755.87,238,3
2352,2025-07-15,2025,7,29,P003,Data Connector Plus,0,West,Offline,29,153.04,4438.16,1764.07,2674.09,319,5
2353,2025-07-16,2025,7,29,P001,Analytics Suite,0,North,Partner,13,497.66,6469.58,2819.05,3650.53,169,2
2354,2025-07-16,2025,7,29,P002,Dashboard Pro,0,North,Offline,19,298.64,5674.16,2278.48,3395.68,171,4
2355,2025-07-16,2025,7,29,P003,Data Connector Plus,0,North,Offline,27,144.86,3911.22,1647.54,2263.68,297,7
2356,2025-07-16,2025,7,29,P001,Analytics Suite,0,South,Online,12,485.35,5824.2,2723.64,3100.56,168,3
2357,2025-07-16,2025,7,29,P002,Dashboard Pro,0,South,Online,19,293.67,5579.73,2272.02,3307.71,247,5
2358,2025-07-16,2025,7,29,P003,Data Connector Plus,0,South,Online,27,148.54,4010.58,1541.7,2468.88,351,6
2359,2025-07-16,2025,7,29,P001,Analytics Suite,0,East,Offline,13,500.76,6509.88,2624.44,3885.44,182,3
2360,2025-07-16,2025,7,29,P002,Dashboard Pro,0,East,Offline,16,296.56,4744.96,2192.48,2552.48,176,3
2361,2025-07-16,2025,7,29,P003,Data Connector Plus,0,East,Offline,27,152.59,4119.93,1625.67,2494.26,324,6
2362,2025-07-16,2025,7,29,P001,Analytics Suite,0,West,Online,11,489.24,5381.64,2574.33,2807.31,121,2
2363,2025-07-16,2025,7,29,P002,Dashboard Pro,0,West,Partner,16,302.1,4833.6,2098.88,2734.72,208,3
2364,2025-07-16,2025,7,29,P003,Data Connector Plus,0,West,Partner,28,149.91,4197.48,1983.24,2214.24,280,6
2365,2025-07-17,2025,7,29,P001,Analytics Suite,0,North,Offline,12,500.17,6002.04,2486.88,3515.16,96,3
2366,2025-07-17,2025,7,29,P002,Dashboard Pro,0,North,Online,20,292.63,5852.6,2711.0,3141.6,260,3
2367,2025-07-17,2025,7,29,P003,Data Connector Plus,0,North,Offline,30,145.78,4373.4,2022.6,2350.8,270,6
2368,2025-07-17,2025,7,29,P001,Analytics Suite,0,South,Partner,13,510.4,6635.2,2549.17,4086.03,156,2
2369,2025-07-17,2025,7,29,P002,Dashboard Pro,0,South,Offline,16,306.8,4908.8,2228.48,2680.32,144,3
2370,2025-07-17,2025,7,29,P003,Data Connector Plus,0,South,Online,30,148.9,4467.0,2053.5,2413.5,420,7
2371,2025-07-17,2025,7,29,P001,Analytics Suite,0,East,Online,12,503.7,6044.4,2509.08,3535.32,144,2
2372,2025-07-17,2025,7,29,P002,Dashboard Pro,0,East,Offline,19,291.94,5546.86,2194.12,3352.74,209,4
2373,2025-07-17,2025,7,29,P003,Data Connector Plus,0,East,Partner,30,150.93,4527.9,2082.9,2445.0,360,6
2374,2025-07-17,2025,7,29,P001,Analytics Suite,0,West,Online,13,504.84,6562.92,2760.42,3802.5,182,3
2375,2025-07-17,2025,7,29,P002,Dashboard Pro,0,West,Offline,18,291.76,5251.68,2004.12,3247.56,144,3
2376,2025-07-17,2025,7,29,P003,Data Connector Plus,0,West,Offline,26,151.93,3950.18,1601.08,2349.1,208,7
2377,2025-07-18,2025,7,29,P001,Analytics Suite,0,North,Online,12,494.73,5936.76,2610.72,3326.04,156,2
2378,2025-07-18,2025,7,29,P002,Dashboard Pro,0,North,Offline,17,295.48,5023.16,2227.85,2795.31,187,4
2379,2025-07-18,2025,7,29,P003,Data Connector Plus,0,North,Offline,30,153.26,4597.8,1761.3,2836.5,300,7
2380,2025-07-18,2025,7,29,P001,Analytics Suite,0,South,Offline,13,495.52,6441.76,2720.12,3721.64,104,3
2381,2025-07-18,2025,7,29,P002,Dashboard Pro,0,South,Offline,20,307.06,6141.2,2567.0,3574.2,160,5
2382,2025-07-18,2025,7,29,P003,Data Connector Plus,0,South,Online,30,145.31,4359.3,1692.6,2666.7,240,7
2383,2025-07-18,2025,7,29,P001,Analytics Suite,0,East,Offline,12,511.64,6139.68,2540.28,3599.4,156,2
2384,2025-07-18,2025,7,29,P002,Dashboard Pro,0,East,Offline,18,295.82,5324.76,2478.42,2846.34,234,3
2385,2025-07-18,2025,7,29,P003,Data Connector Plus,0,East,Online,28,144.62,4049.36,1812.16,2237.2,392,5
2386,2025-07-18,2025,7,29,P001,Analytics Suite,0,West,Online,12,486.1,5833.2,2623.32,3209.88,120,2
2387,2025-07-18,2025,7,29,P002,Dashboard Pro,0,West,Online,20,301.76,6035.2,2364.4,3670.8,240,4
2388,2025-07-18,2025,7,29,P003,Data Connector Plus,0,West,Partner,26,148.57,3862.82,1580.02,2282.8,208,5
2389,2025-07-19,2025,7,29,P001,Analytics Suite,0,North,Offline,7,488.66,3420.62,1464.75,1955.87,63,1
2390,2025-07-19,2025,7,29,P002,Dashboard Pro,0,North,Offline,11,303.39,3337.29,1525.92,1811.37,99,2
2391,2025-07-19,2025,7,29,P003,Data Connector Plus,0,North,Offline,17,147.57,2508.69,1077.12,1431.57,238,4
2392,2025-07-19,2025,7,29,P001,Analytics Suite,0,South,Online,8,512.41,4099.28,1614.8,2484.48,72,2
2393,2025-07-19,2025,7,29,P002,Dashboard Pro,0,South,Offline,13,300.13,3901.69,1792.57,2109.12,130,2
2394,2025-07-19,2025,7,29,P003,Data Connector Plus,0,South,Online,19,152.56,2898.64,1132.21,1766.43,228,4
2395,2025-07-19,2025,7,29,P001,Analytics Suite,0,East,Offline,7,500.72,3505.04,1362.48,2142.56,56,1
2396,2025-07-19,2025,7,29,P002,Dashboard Pro,0,East,Offline,12,298.54,3582.48,1686.12,1896.36,108,3
2397,2025-07-19,2025,7,29,P003,Data Connector Plus,0,East,Offline,17,145.98,2481.66,991.78,1489.88,221,4
2398,2025-07-19,2025,7,29,P001,Analytics Suite,0,West,Offline,8,500.72,4005.76,1785.04,2220.72,112,1
2399,2025-07-19,2025,7,29,P002,Dashboard Pro,0,West,Online,10,290.74,2907.4,1143.5,1763.9,100,2
2400,2025-07-19,2025,7,29,P003,Data Connector Plus,0,West,Offline,16,145.07,2321.12,1003.84,1317.28,128,3
2401,2025-07-20,2025,7,29,P001,Analytics Suite,0,North,Offline,8,493.11,3944.88,1862.24,2082.64,80,2
2402,2025-07-20,2025,7,29,P002,Dashboard Pro,0,North,Offline,12,293.41,3520.92,1413.36,2107.56,132,2
2403,2025-07-20,2025,7,29,P003,Data Connector Plus,0,North,Partner,18,150.14,2702.52,1066.5,1636.02,144,3
2404,2025-07-20,2025,7,29,P001,Analytics Suite,0,South,Online,8,509.81,4078.48,1953.52,2124.96,96,1
2405,2025-07-20,2025,7,29,P002,Dashboard Pro,0,South,Online,11,301.28,3314.08,1379.18,1934.9,143,2
2406,2025-07-20,2025,7,29,P003,Data Connector Plus,0,South,Offline,17,145.06,2466.02,1016.09,1449.93,238,3
2407,2025-07-20,2025,7,29,P001,Analytics Suite,0,East,Online,7,505.78,3540.46,1560.09,1980.37,77,1
2408,2025-07-20,2025,7,29,P002,Dashboard Pro,0,East,Offline,12,292.31,3507.72,1511.64,1996.08,168,2
2409,2025-07-20,2025,7,29,P003,Data Connector Plus,0,East,Online,20,150.21,3004.2,1228.0,1776.2,240,5
2410,2025-07-20,2025,7,29,P001,Analytics Suite,0,West,Online,7,484.96,3394.72,1529.15,1865.57,56,1
2411,2025-07-20,2025,7,29,P002,Dashboard Pro,0,West,Online,12,290.75,3489.0,1487.88,2001.12,120,3
2412,2025-07-20,2025,7,29,P003,Data Connector Plus,0,West,Offline,20,147.24,2944.8,1389.8,1555.0,200,5
2413,2025-07-21,2025,7,30,P001,Analytics Suite,0,North,Offline,12,498.63,5983.56,2685.72,3297.84,168,2
2414,2025-07-21,2025,7,30,P002,Dashboard Pro,0,North,Offline,20,300.89,6017.8,2369.4,3648.4,240,4
2415,2025-07-21,2025,7,30,P003,Data Connector Plus,0,North,Offline,30,153.25,4597.5,2037.3,2560.2,360,6
2416,2025-07-21,2025,7,30,P001,Analytics Suite,0,South,Online,11,492.15,5413.65,2180.53,3233.12,132,2
2417,2025-07-21,2025,7,30,P002,Dashboard Pro,0,South,Online,17,294.33,5003.61,1997.33,3006.28,170,3
2418,2025-07-21,2025,7,30,P003,Data Connector Plus,0,South,Offline,30,147.02,4410.6,1966.8,2443.8,390,7
2419,2025-07-21,2025,7,30,P001,Analytics Suite,0,East,Offline,13,488.2,6346.6,2532.27,3814.33,130,3
2420,2025-07-21,2025,7,30,P002,Dashboard Pro,0,East,Online,19,299.95,5699.05,2497.17,3201.88,209,3
2421,2025-07-21,2025,7,30,P003,Data Connector Plus,0,East,Offline,30,152.36,4570.8,2010.3,2560.5,270,7
2422,2025-07-21,2025,7,30,P001,Analytics Suite,0,West,Offline,11,510.59,5616.49,2272.27,3344.22,110,2
2423,2025-07-21,2025,7,30,P002,Dashboard Pro,0,West,Offline,17,300.22,5103.74,2069.41,3034.33,153,3
2424,2025-07-21,2025,7,30,P003,Data Connector Plus,0,West,Offline,26,147.9,3845.4,1462.5,2382.9,286,5
2425,2025-07-22,2025,7,30,P001,Analytics Suite,0,North,Offline,13,511.81,6653.53,2916.68,3736.85,156,2
2426,2025-07-22,2025,7,30,P002,Dashboard Pro,0,North,Online,18,293.6,5284.8,2340.18,2944.62,198,4
2427,2025-07-22,2025,7,30,P003,Data Connector Plus,0,North,Online,26,148.44,3859.44,1536.6,2322.84,234,5
2428,2025-07-22,2025,7,30,P001,Analytics Suite,0,South,Partner,13,485.66,6313.58,2467.01,3846.57,130,3
2429,2025-07-22,2025,7,30,P002,Dashboard Pro,0,South,Offline,16,291.75,4668.0,1869.44,2798.56,176,4
2430,2025-07-22,2025,7,30,P003,Data Connector Plus,0,South,Online,29,144.62,4193.98,1895.44,2298.54,348,6
2431,2025-07-22,2025,7,30,P001,Analytics Suite,0,East,Offline,11,490.63,5396.93,2194.83,3202.1,154,2
2432,2025-07-22,2025,7,30,P002,Dashboard Pro,0,East,Offline,20,292.75,5855.0,2671.2,3183.8,200,3
2433,2025-07-22,2025,7,30,P003,Data Connector Plus,0,East,Offline,32,147.96,4734.72,2251.2,2483.52,256,6
2434,2025-07-22,2025,7,30,P001,Analytics Suite,0,West,Online,13,513.33,6673.29,2618.98,4054.31,143,2
2435,2025-07-22,2025,7,30,P002,Dashboard Pro,0,West,Offline,18,294.37,5298.66,2499.66,2799.0,162,3
2436,2025-07-22,2025,7,30,P003,Data Connector Plus,0,West,Offline,25,150.53,3763.25,1655.75,2107.5,350,5
2437,2025-07-23,2025,7,30,P001,Analytics Suite,0,North,Online,11,487.03,5357.33,2273.7,3083.63,143,2
2438,2025-07-23,2025,7,30,P002,Dashboard Pro,0,North,Offline,20,305.29,6105.8,2650.6,3455.2,160,4
2439,2025-07-23,2025,7,30,P003,Data Connector Plus,0,North,Offline,31,148.92,4616.52,1912.39,2704.13,372,5
2440,2025-07-23,2025,7,30,P001,Analytics Suite,0,South,Offline,12,495.64,5947.68,2481.96,3465.72,108,3
2441,2025-07-23,2025,7,30,P002,Dashboard Pro,0,South,Online,18,302.57,5446.26,2289.6,3156.66,252,3
2442,2025-07-23,2025,7,30,P003,Data Connector Plus,0,South,Offline,27,146.98,3968.46,1658.61,2309.85,243,7
2443,2025-07-23,2025,7,30,P001,Analytics Suite,0,East,Offline,13,504.58,6559.54,2950.22,3609.32,169,2
2444,2025-07-23,2025,7,30,P002,Dashboard Pro,0,East,Online,19,297.01,5643.19,2155.93,3487.26,209,4
2445,2025-07-23,2025,7,30,P003,Data Connector Plus,0,East,Offline,28,148.32,4152.96,1673.0,2479.96,280,6
2446,2025-07-23,2025,7,30,P001,Analytics Suite,0,West,Online,13,498.36,6478.68,2841.28,3637.4,182,3
2447,2025-07-23,2025,7,30,P002,Dashboard Pro,0,West,Online,18,293.54,5283.72,2200.5,3083.22,198,4
2448,2025-07-23,2025,7,30,P003,Data Connector Plus,0,West,Online,26,152.72,3970.72,1728.48,2242.24,338,5
2449,2025-07-24,2025,7,30,P001,Analytics Suite,0,North,Online,12,491.67,5900.04,2748.48,3151.56,108,2
2450,2025-07-24,2025,7,30,P002,Dashboard Pro,0,North,Online,20,294.14,5882.8,2274.8,3608.0,240,5
2451,2025-07-24,2025,7,30,P003,Data Connector Plus,0,North,Offline,29,149.65,4339.85,2063.06,2276.79,406,7
2452,2025-07-24,2025,7,30,P001,Analytics Suite,0,South,Partner,11,500.44,5504.84,2221.89,3282.95,99,2
2453,2025-07-24,2025,7,30,P002,Dashboard Pro,0,South,Online,17,302.81,5147.77,2094.57,3053.2,136,4
2454,2025-07-24,2025,7,30,P003,Data Connector Plus,0,South,Offline,29,151.49,4393.21,1987.08,2406.13,290,5
2455,2025-07-24,2025,7,30,P001,Analytics Suite,0,East,Online,13,491.38,6387.94,2537.21,3850.73,182,2
2456,2025-07-24,2025,7,30,P002,Dashboard Pro,0,East,Partner,19,299.02,5681.38,2235.54,3445.84,209,3
2457,2025-07-24,2025,7,30,P003,Data Connector Plus,0,East,Partner,26,145.71,3788.46,1578.72,2209.74,364,6
2458,2025-07-24,2025,7,30,P001,Analytics Suite,0,West,Offline,12,497.65,5971.8,2417.52,3554.28,156,2
2459,2025-07-24,2025,7,30,P002,Dashboard Pro,0,West,Online,19,291.23,5533.37,2261.57,3271.8,152,4
2460,2025-07-24,2025,7,30,P003,Data Connector Plus,0,West,Offline,28,151.27,4235.56,1780.52,2455.04,364,6
2461,2025-07-25,2025,7,30,P001,Analytics Suite,0,North,Online,13,512.27,6659.51,2915.12,3744.39,156,3
2462,2025-07-25,2025,7,30,P002,Dashboard Pro,0,North,Partner,18,294.54,5301.72,2281.5,3020.22,162,4
2463,2025-07-25,2025,7,30,P003,Data Connector Plus,0,North,Offline,30,146.38,4391.4,2038.5,2352.9,300,5
2464,2025-07-25,2025,7,30,P001,Analytics Suite,0,South,Online,13,495.48,6441.24,2650.31,3790.93,104,2
2465,2025-07-25,2025,7,30,P002,Dashboard Pro,0,South,Offline,16,297.84,4765.44,2025.28,2740.16,144,3
2466,2025-07-25,2025,7,30,P003,Data Connector Plus,0,South,Offline,30,145.78,4373.4,1768.8,2604.6,330,5
2467,2025-07-25,2025,7,30,P001,Analytics Suite,0,East,Offline,11,497.17,5468.87,2468.07,3000.8,121,2
2468,2025-07-25,2025,7,30,P002,Dashboard Pro,0,East,Partner,17,292.37,4970.29,2359.77,2610.52,153,4
2469,2025-07-25,2025,7,30,P003,Data Connector Plus,0,East,Online,31,147.17,4562.27,2148.61,2413.66,341,8
2470,2025-07-25,2025,7,30,P001,Analytics Suite,0,West,Online,13,486.37,6322.81,2726.75,3596.06,182,2
2471,2025-07-25,2025,7,30,P002,Dashboard Pro,0,West,Offline,20,305.61,6112.2,2525.2,3587.0,200,4
2472,2025-07-25,2025,7,30,P003,Data Connector Plus,0,West,Online,28,144.63,4049.64,1826.72,2222.92,364,5
2473,2025-07-26,2025,7,30,P001,Analytics Suite,0,North,Offline,7,490.58,3434.06,1458.94,1975.12,56,1
2474,2025-07-26,2025,7,30,P002,Dashboard Pro,0,North,Online,12,296.25,3555.0,1368.96,2186.04,120,2
2475,2025-07-26,2025,7,30,P003,Data Connector Plus,0,North,Offline,17,148.45,2523.65,1088.68,1434.97,238,4
2476,2025-07-26,2025,7,30,P001,Analytics Suite,0,South,Offline,8,506.45,4051.6,1917.6,2134.0,72,1
2477,2025-07-26,2025,7,30,P002,Dashboard Pro,0,South,Offline,12,297.92,3575.04,1410.0,2165.04,120,3
2478,2025-07-26,2025,7,30,P003,Data Connector Plus,0,South,Online,17,150.04,2550.68,979.88,1570.8,153,3
2479,2025-07-26,2025,7,30,P001,Analytics Suite,0,East,Offline,8,489.85,3918.8,1802.48,2116.32,88,2
2480,2025-07-26,2025,7,30,P002,Dashboard Pro,0,East,Partner,11,300.22,3302.42,1255.1,2047.32,99,2
2481,2025-07-26,2025,7,30,P003,Data Connector Plus,0,East,Offline,20,146.9,2938.0,1180.8,1757.2,160,5
2482,2025-07-26,2025,7,30,P001,Analytics Suite,0,West,Online,7,504.17,3529.19,1503.32,2025.87,91,1
2483,2025-07-26,2025,7,30,P002,Dashboard Pro,0,West,Partner,12,307.6,3691.2,1615.68,2075.52,120,2
2484,2025-07-26,2025,7,30,P003,Data Connector Plus,0,West,Offline,20,151.16,3023.2,1308.0,1715.2,200,4
2485,2025-07-27,2025,7,30,P001,Analytics Suite,0,North,Offline,8,501.69,4013.52,1763.52,2250.0,112,2
2486,2025-07-27,2025,7,30,P002,Dashboard Pro,0,North,Offline,11,290.43,3194.73,1514.26,1680.47,110,2
2487,2025-07-27,2025,7,30,P003,Data Connector Plus,0,North,Online,20,153.39,3067.8,1258.0,1809.8,240,5
2488,2025-07-27,2025,7,30,P001,Analytics Suite,0,South,Online,7,488.46,3419.22,1374.17,2045.05,98,1
2489,2025-07-27,2025,7,30,P002,Dashboard Pro,0,South,Online,11,292.78,3220.58,1386.77,1833.81,132,2
2490,2025-07-27,2025,7,30,P003,Data Connector Plus,0,South,Online,18,149.6,2692.8,1067.04,1625.76,162,4
2491,2025-07-27,2025,7,30,P001,Analytics Suite,0,East,Online,8,486.02,3888.16,1646.88,2241.28,64,2
2492,2025-07-27,2025,7,30,P002,Dashboard Pro,0,East,Online,11,298.52,3283.72,1286.67,1997.05,110,2
2493,2025-07-27,2025,7,30,P003,Data Connector Plus,0,East,Partner,20,148.93,2978.6,1195.6,1783.0,240,4
2494,2025-07-27,2025,7,30,P001,Analytics Suite,0,West,Offline,7,491.31,3439.17,1361.64,2077.53,70,1
2495,2025-07-27,2025,7,30,P002,Dashboard Pro,0,West,Online,11,291.52,3206.72,1455.08,1751.64,154,2
2496,2025-07-27,2025,7,30,P003,Data Connector Plus,0,West,Partner,18,152.55,2745.9,1265.4,1480.5,252,4
2497,2025-07-28,2025,7,31,P001,Analytics Suite,0,North,Online,13,484.09,6293.17,2574.78,3718.39,117,3
2498,2025-07-28,2025,7,31,P002,Dashboard Pro,0,North,Offline,19,306.5,5823.5,2546.0,3277.5,247,3
2499,2025-07-28,2025,7,31,P003,Data Connector Plus,0,North,Online,31,147.48,4571.88,1775.06,2796.82,372,5
2500,2025-07-28,2025,7,31,P001,Analytics Suite,0,South,Offline,10,511.65,5116.5,2366.0,2750.5,110,2
2501,2025-07-28,2025,7,31,P002,Dashboard Pro,0,South,Offline,17,295.26,5019.42,2324.92,2694.5,136,3
2502,2025-07-28,2025,7,31,P003,Data Connector Plus,0,South,Online,25,149.95,3748.75,1715.5,2033.25,325,5
2503,2025-07-28,2025,7,31,P001,Analytics Suite,0,East,Online,12,490.73,5888.76,2739.6,3149.16,132,2
2504,2025-07-28,2025,7,31,P002,Dashboard Pro,0,East,Online,19,304.57,5786.83,2376.33,3410.5,228,4
2505,2025-07-28,2025,7,31,P003,Data Connector Plus,0,East,Partner,31,148.27,4596.37,2199.14,2397.23,434,6
2506,2025-07-28,2025,7,31,P001,Analytics Suite,0,West,Online,11,491.24,5403.64,2073.28,3330.36,99,2
2507,2025-07-28,2025,7,31,P002,Dashboard Pro,0,West,Partner,20,292.68,5853.6,2311.8,3541.8,180,3
2508,2025-07-28,2025,7,31,P003,Data Connector Plus,0,West,Offline,30,150.68,4520.4,1935.6,2584.8,390,6
2509,2025-07-29,2025,7,31,P001,Analytics Suite,0,North,Offline,13,504.04,6552.52,2875.08,3677.44,169,3
2510,2025-07-29,2025,7,31,P002,Dashboard Pro,0,North,Online,17,298.52,5074.84,2126.7,2948.14,153,3
2511,2025-07-29,2025,7,31,P003,Data Connector Plus,0,North,Offline,25,152.05,3801.25,1515.5,2285.75,275,5
2512,2025-07-29,2025,7,31,P001,Analytics Suite,0,South,Offline,12,495.93,5951.16,2529.0,3422.16,120,3
2513,2025-07-29,2025,7,31,P002,Dashboard Pro,0,South,Offline,19,302.72,5751.68,2511.42,3240.26,266,4
2514,2025-07-29,2025,7,31,P003,Data Connector Plus,0,South,Partner,25,151.53,3788.25,1474.75,2313.5,275,6
2515,2025-07-29,2025,7,31,P001,Analytics Suite,0,East,Online,11,485.29,5338.19,2350.92,2987.27,132,3
2516,2025-07-29,2025,7,31,P002,Dashboard Pro,0,East,Online,20,302.96,6059.2,2308.0,3751.2,280,4
2517,2025-07-29,2025,7,31,P003,Data Connector Plus,0,East,Online,27,150.03,4050.81,1734.75,2316.06,216,7
2518,2025-07-29,2025,7,31,P001,Analytics Suite,0,West,Online,12,490.35,5884.2,2740.68,3143.52,156,3
2519,2025-07-29,2025,7,31,P002,Dashboard Pro,0,West,Offline,17,297.04,5049.68,2228.19,2821.49,204,4
2520,2025-07-29,2025,7,31,P003,Data Connector Plus,0,West,Offline,28,153.02,4284.56,2041.2,2243.36,308,6
2521,2025-07-30,2025,7,31,P001,Analytics Suite,0,North,Offline,11,513.87,5652.57,2335.96,3316.61,110,2
2522,2025-07-30,2025,7,31,P002,Dashboard Pro,0,North,Offline,19,304.24,5780.56,2733.72,3046.84,209,5
2523,2025-07-30,2025,7,31,P003,Data Connector Plus,0,North,Online,29,146.59,4251.11,1710.13,2540.98,348,5
2524,2025-07-30,2025,7,31,P001,Analytics Suite,0,South,Offline,13,509.54,6624.02,3116.23,3507.79,169,2
2525,2025-07-30,2025,7,31,P002,Dashboard Pro,0,South,Online,17,299.55,5092.35,2163.93,2928.42,238,3
2526,2025-07-30,2025,7,31,P003,Data Connector Plus,0,South,Offline,28,153.1,4286.8,1858.36,2428.44,280,7
2527,2025-07-30,2025,7,31,P001,Analytics Suite,0,East,Partner,13,484.52,6298.76,2894.06,3404.7,169,3
2528,2025-07-30,2025,7,31,P002,Dashboard Pro,0,East,Online,17,300.8,5113.6,2052.24,3061.36,204,4
2529,2025-07-30,2025,7,31,P003,Data Connector Plus,0,East,Online,27,145.57,3930.39,1713.96,2216.43,297,5
2530,2025-07-30,2025,7,31,P001,Analytics Suite,0,West,Offline,12,490.03,5880.36,2427.84,3452.52,96,2
2531,2025-07-30,2025,7,31,P002,Dashboard Pro,0,West,Partner,18,291.81,5252.58,2131.56,3121.02,234,4
2532,2025-07-30,2025,7,31,P003,Data Connector Plus,0,West,Partner,30,148.25,4447.5,2014.2,2433.3,270,6
2533,2025-07-31,2025,7,31,P001,Analytics Suite,0,North,Partner,13,492.68,6404.84,2785.25,3619.59,169,2
2534,2025-07-31,2025,7,31,P002,Dashboard Pro,0,North,Partner,20,305.7,6114.0,2906.4,3207.6,160,3
2535,2025-07-31,2025,7,31,P003,Data Connector Plus,0,North,Online,30,151.31,4539.3,1776.3,2763.0,270,6
2536,2025-07-31,2025,7,31,P001,Analytics Suite,0,South,Offline,11,506.96,5576.56,2403.94,3172.62,121,2
2537,2025-07-31,2025,7,31,P002,Dashboard Pro,0,South,Online,19,304.12,5778.28,2399.89,3378.39,152,4
2538,2025-07-31,2025,7,31,P003,Data Connector Plus,0,South,Offline,26,152.98,3977.48,1831.44,2146.04,312,6
2539,2025-07-31,2025,7,31,P001,Analytics Suite,0,East,Online,11,485.93,5345.23,2310.22,3035.01,99,2
2540,2025-07-31,2025,7,31,P002,Dashboard Pro,0,East,Offline,17,307.81,5232.77,2003.96,3228.81,170,4
2541,2025-07-31,2025,7,31,P003,Data Connector Plus,0,East,Offline,30,148.4,4452.0,2053.2,2398.8,420,6
2542,2025-07-31,2025,7,31,P001,Analytics Suite,0,West,Offline,11,503.12,5534.32,2488.97,3045.35,143,3
2543,2025-07-31,2025,7,31,P002,Dashboard Pro,0,West,Partner,19,305.0,5795.0,2488.62,3306.38,266,4
2544,2025-07-31,2025,7,31,P003,Data Connector Plus,0,West,Online,28,150.27,4207.56,1614.2,2593.36,224,5
2545,2025-08-01,2025,8,31,P001,Analytics Suite,0,North,Offline,13,484.54,6299.02,2802.28,3496.74,130,2
2546,2025-08-01,2025,8,31,P002,Dashboard Pro,0,North,Partner,20,307.42,6148.4,2418.8,3729.6,160,3
2547,2025-08-01,2025,8,31,P003,Data Connector Plus,0,North,Offline,30,151.38,4541.4,1950.3,2591.1,330,8
2548,2025-08-01,2025,8,31,P004,AI Insights Module,1,North,Offline,4,791.36,3165.44,1451.72,1713.72,32,0
2549,2025-08-01,2025,8,31,P001,Analytics Suite,0,South,Offline,12,500.11,6001.32,2795.76,3205.56,96,2
2550,2025-08-01,2025,8,31,P002,Dashboard Pro,0,South,Online,18,307.33,5531.94,2553.3,2978.64,180,5
2551,2025-08-01,2025,8,31,P003,Data Connector Plus,0,South,Partner,28,152.13,4259.64,1773.52,2486.12,336,6
2552,2025-08-01,2025,8,31,P004,AI Insights Module,1,South,Online,4,794.54,3178.16,1311.88,1866.28,40,1
2553,2025-08-01,2025,8,31,P001,Analytics Suite,0,East,Offline,13,511.92,6654.96,2595.58,4059.38,182,2
2554,2025-08-01,2025,8,31,P002,Dashboard Pro,0,East,Online,21,303.81,6380.01,2541.0,3839.01,168,4
2555,2025-08-01,2025,8,31,P003,Data Connector Plus,0,East,Online,32,146.6,4691.2,2139.52,2551.68,448,8
2556,2025-08-01,2025,8,31,P004,AI Insights Module,1,East,Offline,4,778.85,3115.4,1455.0,1660.4,48,0
2557,2025-08-01,2025,8,31,P001,Analytics Suite,0,West,Online,14,503.73,7052.22,3210.34,3841.88,154,2
2558,2025-08-01,2025,8,31,P002,Dashboard Pro,0,West,Offline,21,297.57,6248.97,2837.73,3411.24,210,4
2559,2025-08-01,2025,8,31,P003,Data Connector Plus,0,West,Online,27,152.98,4130.46,1587.06,2543.4,297,7
2560,2025-08-01,2025,8,31,P004,AI Insights Module,1,West,Online,4,780.15,3120.6,1465.12,1655.48,48,0
2561,2025-08-02,2025,8,31,P001,Analytics Suite,0,North,Partner,8,489.57,3916.56,1827.76,2088.8,104,1
2562,2025-08-02,2025,8,31,P002,Dashboard Pro,0,North,Offline,11,293.95,3233.45,1467.29,1766.16,99,2
2563,2025-08-02,2025,8,31,P003,Data Connector Plus,0,North,Online,20,146.66,2933.2,1268.0,1665.2,260,4
2564,2025-08-02,2025,8,31,P004,AI Insights Module,1,North,Online,2,812.24,1624.48,655.96,968.52,24,0
2565,2025-08-02,2025,8,31,P001,Analytics Suite,0,South,Offline,8,495.66,3965.28,1643.28,2322.0,80,1
2566,2025-08-02,2025,8,31,P002,Dashboard Pro,0,South,Online,12,306.37,3676.44,1623.6,2052.84,108,3
2567,2025-08-02,2025,8,31,P003,Data Connector Plus,0,South,Offline,20,146.81,2936.2,1402.8,1533.4,160,4
2568,2025-08-02,2025,8,31,P004,AI Insights Module,1,South,Online,2,787.16,1574.32,726.46,847.86,18,0
2569,2025-08-02,2025,8,31,P001,Analytics Suite,0,East,Offline,9,491.48,4423.32,2122.38,2300.94,81,2
2570,2025-08-02,2025,8,31,P002,Dashboard Pro,0,East,Online,13,302.3,3929.9,1601.99,2327.91,117,2
2571,2025-08-02,2025,8,31,P003,Data Connector Plus,0,East,Online,17,146.41,2488.97,949.28,1539.69,221,3
2572,2025-08-02,2025,8,31,P004,AI Insights Module,1,East,Offline,2,781.95,1563.9,613.56,950.34,28,0
2573,2025-08-02,2025,8,31,P001,Analytics Suite,0,West,Offline,9,495.37,4458.33,1891.89,2566.44,90,1
2574,2025-08-02,2025,8,31,P002,Dashboard Pro,0,West,Online,12,293.74,3524.88,1574.16,1950.72,168,3
2575,2025-08-02,2025,8,31,P003,Data Connector Plus,0,West,Online,18,148.9,2680.2,1086.12,1594.08,144,4
2576,2025-08-02,2025,8,31,P004,AI Insights Module,1,West,Offline,2,812.49,1624.98,692.04,932.94,26,0
2577,2025-08-03,2025,8,31,P001,Analytics Suite,0,North,Online,8,510.42,4083.36,1624.0,2459.36,80,2
2578,2025-08-03,2025,8,31,P002,Dashboard Pro,0,North,Online,12,303.71,3644.52,1511.64,2132.88,132,2
2579,2025-08-03,2025,8,31,P003,Data Connector Plus,0,North,Online,19,150.68,2862.92,1363.82,1499.1,209,3
2580,2025-08-03,2025,8,31,P004,AI Insights Module,1,North,Online,2,796.03,1592.06,642.3,949.76,28,0
2581,2025-08-03,2025,8,31,P001,Analytics Suite,0,South,Offline,7,512.43,3587.01,1402.45,2184.56,63,1
2582,2025-08-03,2025,8,31,P002,Dashboard Pro,0,South,Online,12,302.41,3628.92,1566.36,2062.56,156,2
2583,2025-08-03,2025,8,31,P003,Data Connector Plus,0,South,Partner,19,145.09,2756.71,1113.97,1642.74,152,3
2584,2025-08-03,2025,8,31,P004,AI Insights Module,1,South,Offline,2,811.36,1622.72,755.52,867.2,24,0
2585,2025-08-03,2025,8,31,P001,Analytics Suite,0,East,Offline,9,511.63,4604.67,1751.31,2853.36,108,2
2586,2025-08-03,2025,8,31,P002,Dashboard Pro,0,East,Offline,12,302.4,3628.8,1502.76,2126.04,144,2
2587,2025-08-03,2025,8,31,P003,Data Connector Plus,0,East,Offline,18,151.08,2719.44,1101.78,1617.66,198,4
2588,2025-08-03,2025,8,31,P004,AI Insights Module,1,East,Offline,2,805.18,1610.36,702.96,907.4,24,0
2589,2025-08-03,2025,8,31,P001,Analytics Suite,0,West,Partner,8,502.73,4021.84,1546.72,2475.12,80,1
2590,2025-08-03,2025,8,31,P002,Dashboard Pro,0,West,Online,12,294.36,3532.32,1494.48,2037.84,108,2
2591,2025-08-03,2025,8,31,P003,Data Connector Plus,0,West,Partner,20,145.45,2909.0,1225.0,1684.0,180,3
2592,2025-08-03,2025,8,31,P004,AI Insights Module,1,West,Offline,2,800.68,1601.36,717.56,883.8,16,0
2593,2025-08-04,2025,8,32,P001,Analytics Suite,0,North,Offline,12,488.09,5857.08,2442.96,3414.12,108,2
2594,2025-08-04,2025,8,32,P002,Dashboard Pro,0,North,Online,17,300.57,5109.69,2270.18,2839.51,170,4
2595,2025-08-04,2025,8,32,P003,Data Connector Plus,0,North,Partner,32,145.37,4651.84,1823.04,2828.8,384,8
2596,2025-08-04,2025,8,32,P004,AI Insights Module,1,North,Offline,4,800.77,3203.08,1294.44,1908.64,56,0
2597,2025-08-04,2025,8,32,P001,Analytics Suite,0,South,Offline,12,489.03,5868.36,2233.68,3634.68,156,3
2598,2025-08-04,2025,8,32,P002,Dashboard Pro,0,South,Online,20,293.91,5878.2,2292.6,3585.6,200,4
2599,2025-08-04,2025,8,32,P003,Data Connector Plus,0,South,Online,28,149.68,4191.04,1738.8,2452.24,364,6
2600,2025-08-04,2025,8,32,P004,AI Insights Module,1,South,Online,4,808.39,3233.56,1545.88,1687.68,32,0
2601,2025-08-04,2025,8,32,P001,Analytics Suite,0,East,Offline,13,489.79,6367.27,2889.12,3478.15,117,3
2602,2025-08-04,2025,8,32,P002,Dashboard Pro,0,East,Online,17,293.78,4994.26,1928.48,3065.78,187,3
2603,2025-08-04,2025,8,32,P003,Data Connector Plus,0,East,Offline,30,144.81,4344.3,1739.4,2604.9,390,7
2604,2025-08-04,2025,8,32,P004,AI Insights Module,1,East,Offline,4,789.39,3157.56,1417.08,1740.48,36,1
2605,2025-08-04,2025,8,32,P001,Analytics Suite,0,West,Online,11,495.35,5448.85,2361.04,3087.81,88,2
2606,2025-08-04,2025,8,32,P002,Dashboard Pro,0,West,Offline,21,291.98,6131.58,2374.89,3756.69,189,4
2607,2025-08-04,2025,8,32,P003,Data Connector Plus,0,West,Online,29,150.79,4372.91,1889.35,2483.56,377,6
2608,2025-08-04,2025,8,32,P004,AI Insights Module,1,West,Partner,4,820.57,3282.28,1570.36,1711.92,48,1
2609,2025-08-05,2025,8,32,P001,Analytics Suite,0,North,Offline,11,513.89,5652.79,2269.96,3382.83,132,2
2610,2025-08-05,2025,8,32,P002,Dashboard Pro,0,North,Offline,17,305.04,5185.68,2105.45,3080.23,170,3
2611,2025-08-05,2025,8,32,P003,Data Connector Plus,0,North,Online,31,151.43,4694.33,1922.62,2771.71,341,7
2612,2025-08-05,2025,8,32,P004,AI Insights Module,1,North,Offline,4,779.39,3117.56,1401.2,1716.36,56,1
2613,2025-08-05,2025,8,32,P001,Analytics Suite,0,South,Partner,12,505.0,6060.0,2642.16,3417.84,96,2
2614,2025-08-05,2025,8,32,P002,Dashboard Pro,0,South,Offline,19,302.81,5753.39,2484.25,3269.14,152,4
2615,2025-08-05,2025,8,32,P003,Data Connector Plus,0,South,Partner,28,145.66,4078.48,1899.8,2178.68,336,6
2616,2025-08-05,2025,8,32,P004,AI Insights Module,1,South,Online,3,800.87,2402.61,1042.14,1360.47,36,0
2617,2025-08-05,2025,8,32,P001,Analytics Suite,0,East,Online,12,488.11,5857.32,2513.04,3344.28,132,3
2618,2025-08-05,2025,8,32,P002,Dashboard Pro,0,East,Offline,17,304.2,5171.4,2232.95,2938.45,136,4
2619,2025-08-05,2025,8,32,P003,Data Connector Plus,0,East,Offline,26,150.98,3925.48,1790.1,2135.38,338,5
2620,2025-08-05,2025,8,32,P004,AI Insights Module,1,East,Online,4,822.62,3290.48,1502.28,1788.2,32,1
2621,2025-08-05,2025,8,32,P001,Analytics Suite,0,West,Partner,13,504.72,6561.36,2513.29,4048.07,169,2
2622,2025-08-05,2025,8,32,P002,Dashboard Pro,0,West,Offline,20,304.53,6090.6,2733.4,3357.2,160,4
2623,2025-08-05,2025,8,32,P003,Data Connector Plus,0,West,Partner,32,148.45,4750.4,1981.76,2768.64,416,8
2624,2025-08-05,2025,8,32,P004,AI Insights Module,1,West,Offline,4,804.03,3216.12,1322.72,1893.4,40,0
2625,2025-08-06,2025,8,32,P001,Analytics Suite,0,North,Online,13,499.12,6488.56,2634.84,3853.72,130,2
2626,2025-08-06,2025,8,32,P002,Dashboard Pro,0,North,Offline,20,300.8,6016.0,2458.8,3557.2,220,4
2627,2025-08-06,2025,8,32,P003,Data Connector Plus,0,North,Offline,31,145.88,4522.28,1945.25,2577.03,310,8
2628,2025-08-06,2025,8,32,P004,AI Insights Module,1,North,Offline,4,797.51,3190.04,1220.6,1969.44,44,0
2629,2025-08-06,2025,8,32,P001,Analytics Suite,0,South,Online,11,491.85,5410.35,2400.42,3009.93,110,2
2630,2025-08-06,2025,8,32,P002,Dashboard Pro,0,South,Online,20,294.96,5899.2,2573.8,3325.4,220,4
2631,2025-08-06,2025,8,32,P003,Data Connector Plus,0,South,Online,27,146.94,3967.38,1654.29,2313.09,270,4
2632,2025-08-06,2025,8,32,P004,AI Insights Module,1,South,Offline,4,783.19,3132.76,1203.56,1929.2,52,1
2633,2025-08-06,2025,8,32,P001,Analytics Suite,0,East,Online,13,485.62,6313.06,2779.01,3534.05,143,3
2634,2025-08-06,2025,8,32,P002,Dashboard Pro,0,East,Partner,19,296.4,5631.6,2491.66,3139.94,266,4
2635,2025-08-06,2025,8,32,P003,Data Connector Plus,0,East,Online,33,152.8,5042.4,1946.67,3095.73,264,8
2636,2025-08-06,2025,8,32,P004,AI Insights Module,1,East,Online,4,816.51,3266.04,1281.68,1984.36,48,0
2637,2025-08-06,2025,8,32,P001,Analytics Suite,0,West,Offline,12,484.18,5810.16,2766.84,3043.32,120,2
2638,2025-08-06,2025,8,32,P002,Dashboard Pro,0,West,Partner,19,298.53,5672.07,2447.96,3224.11,171,4
2639,2025-08-06,2025,8,32,P003,Data Connector Plus,0,West,Online,31,149.25,4626.75,1870.23,2756.52,310,7
2640,2025-08-06,2025,8,32,P004,AI Insights Module,1,West,Offline,3,794.21,2382.63,946.11,1436.52,39,0
2641,2025-08-07,2025,8,32,P001,Analytics Suite,0,North,Online,13,505.9,6576.7,2512.77,4063.93,117,3
2642,2025-08-07,2025,8,32,P002,Dashboard Pro,0,North,Offline,20,292.37,5847.4,2531.0,3316.4,280,4
2643,2025-08-07,2025,8,32,P003,Data Connector Plus,0,North,Online,28,151.49,4241.72,1629.04,2612.68,392,6
2644,2025-08-07,2025,8,32,P004,AI Insights Module,1,North,Online,4,805.31,3221.24,1344.44,1876.8,56,0
2645,2025-08-07,2025,8,32,P001,Analytics Suite,0,South,Offline,13,489.62,6365.06,2848.82,3516.24,169,2
2646,2025-08-07,2025,8,32,P002,Dashboard Pro,0,South,Partner,20,295.3,5906.0,2258.0,3648.0,260,3
2647,2025-08-07,2025,8,32,P003,Data Connector Plus,0,South,Online,29,148.21,4298.09,1853.68,2444.41,290,8
2648,2025-08-07,2025,8,32,P004,AI Insights Module,1,South,Online,4,818.96,3275.84,1484.2,1791.64,36,0
2649,2025-08-07,2025,8,32,P001,Analytics Suite,0,East,Online,13,499.03,6487.39,2680.34,3807.05,130,3
2650,2025-08-07,2025,8,32,P002,Dashboard Pro,0,East,Online,19,304.95,5794.05,2398.75,3395.3,247,3
2651,2025-08-07,2025,8,32,P003,Data Connector Plus,0,East,Online,30,153.41,4602.3,2170.8,2431.5,270,6
2652,2025-08-07,2025,8,32,P004,AI Insights Module,1,East,Offline,4,792.05,3168.2,1389.92,1778.28,40,1
2653,2025-08-07,2025,8,32,P001,Analytics Suite,0,West,Offline,11,505.84,5564.24,2171.29,3392.95,154,2
2654,2025-08-07,2025,8,32,P002,Dashboard Pro,0,West,Offline,19,299.47,5689.93,2232.69,3457.24,266,3
2655,2025-08-07,2025,8,32,P003,Data Connector Plus,0,West,Online,33,146.69,4840.77,1935.45,2905.32,429,6
2656,2025-08-07,2025,8,32,P004,AI Insights Module,1,West,Online,4,790.52,3162.08,1471.88,1690.2,44,1
2657,2025-08-08,2025,8,32,P001,Analytics Suite,0,North,Offline,14,511.52,7161.28,3076.92,4084.36,168,3
2658,2025-08-08,2025,8,32,P002,Dashboard Pro,0,North,Partner,21,291.74,6126.54,2577.54,3549.0,294,4
2659,2025-08-08,2025,8,32,P003,Data Connector Plus,0,North,Online,32,152.5,4880.0,1956.16,2923.84,288,5
2660,2025-08-08,2025,8,32,P004,AI Insights Module,1,North,Online,4,803.13,3212.52,1256.76,1955.76,44,0
2661,2025-08-08,2025,8,32,P001,Analytics Suite,0,South,Online,13,511.7,6652.1,2749.89,3902.21,143,3
2662,2025-08-08,2025,8,32,P002,Dashboard Pro,0,South,Offline,19,303.11,5759.09,2257.39,3501.7,228,4
2663,2025-08-08,2025,8,32,P003,Data Connector Plus,0,South,Offline,29,144.56,4192.24,1757.4,2434.84,261,6
2664,2025-08-08,2025,8,32,P004,AI Insights Module,1,South,Online,4,817.5,3270.0,1265.8,2004.2,48,0
2665,2025-08-08,2025,8,32,P001,Analytics Suite,0,East,Online,12,507.14,6085.68,2490.36,3595.32,144,2
2666,2025-08-08,2025,8,32,P002,Dashboard Pro,0,East,Online,19,296.18,5627.42,2564.24,3063.18,171,4
2667,2025-08-08,2025,8,32,P003,Data Connector Plus,0,East,Partner,27,150.99,4076.73,1794.69,2282.04,324,5
2668,2025-08-08,2025,8,32,P004,AI Insights Module,1,East,Online,4,788.21,3152.84,1227.16,1925.68,32,1
2669,2025-08-08,2025,8,32,P001,Analytics Suite,0,West,Online,13,509.7,6626.1,2873.13,3752.97,156,3
2670,2025-08-08,2025,8,32,P002,Dashboard Pro,0,West,Online,17,296.61,5042.37,2086.24,2956.13,238,3
2671,2025-08-08,2025,8,32,P003,Data Connector Plus,0,West,Offline,29,148.42,4304.18,1859.19,2444.99,232,5
2672,2025-08-08,2025,8,32,P004,AI Insights Module,1,West,Partner,4,795.48,3181.92,1509.44,1672.48,32,1
2673,2025-08-09,2025,8,32,P001,Analytics Suite,0,North,Online,7,510.53,3573.71,1674.12,1899.59,77,1
2674,2025-08-09,2025,8,32,P002,Dashboard Pro,0,North,Online,13,290.52,3776.76,1462.63,2314.13,143,3
2675,2025-08-09,2025,8,32,P003,Data Connector Plus,0,North,Offline,18,153.05,2754.9,1294.2,1460.7,180,3
2676,2025-08-09,2025,8,32,P004,AI Insights Module,1,North,Online,2,799.44,1598.88,624.96,973.92,24,0
2677,2025-08-09,2025,8,32,P001,Analytics Suite,0,South,Offline,8,506.88,4055.04,1792.8,2262.24,72,2
2678,2025-08-09,2025,8,32,P002,Dashboard Pro,0,South,Partner,13,295.24,3838.12,1551.42,2286.7,104,3
2679,2025-08-09,2025,8,32,P003,Data Connector Plus,0,South,Offline,17,149.25,2537.25,1051.11,1486.14,153,3
2680,2025-08-09,2025,8,32,P004,AI Insights Module,1,South,Offline,3,818.79,2456.37,966.96,1489.41,36,0
2681,2025-08-09,2025,8,32,P001,Analytics Suite,0,East,Offline,7,495.24,3466.68,1352.89,2113.79,56,1
2682,2025-08-09,2025,8,32,P002,Dashboard Pro,0,East,Offline,13,290.35,3774.55,1573.26,2201.29,156,3
2683,2025-08-09,2025,8,32,P003,Data Connector Plus,0,East,Online,20,151.71,3034.2,1436.6,1597.6,180,5
2684,2025-08-09,2025,8,32,P004,AI Insights Module,1,East,Offline,2,787.27,1574.54,717.4,857.14,22,0
2685,2025-08-09,2025,8,32,P001,Analytics Suite,0,West,Offline,8,502.77,4022.16,1853.44,2168.72,96,2
2686,2025-08-09,2025,8,32,P002,Dashboard Pro,0,West,Offline,12,304.93,3659.16,1610.16,2049.0,168,3
2687,2025-08-09,2025,8,32,P003,Data Connector Plus,0,West,Offline,20,153.3,3066.0,1255.6,1810.4,240,4
2688,2025-08-09,2025,8,32,P004,AI Insights Module,1,West,Partner,2,793.44,1586.88,626.34,960.54,18,0
2689,2025-08-10,2025,8,32,P001,Analytics Suite,0,North,Partner,7,507.15,3550.05,1568.7,1981.35,84,1
2690,2025-08-10,2025,8,32,P002,Dashboard Pro,0,North,Online,11,293.17,3224.87,1496.11,1728.76,99,2
2691,2025-08-10,2025,8,32,P003,Data Connector Plus,0,North,Offline,18,151.51,2727.18,1146.6,1580.58,198,4
2692,2025-08-10,2025,8,32,P004,AI Insights Module,1,North,Offline,3,794.58,2383.74,1018.56,1365.18,36,0
2693,2025-08-10,2025,8,32,P001,Analytics Suite,0,South,Partner,7,506.9,3548.3,1576.12,1972.18,56,1
2694,2025-08-10,2025,8,32,P002,Dashboard Pro,0,South,Partner,11,300.11,3301.21,1426.15,1875.06,99,2
2695,2025-08-10,2025,8,32,P003,Data Connector Plus,0,South,Online,20,149.92,2998.4,1408.8,1589.6,180,4
2696,2025-08-10,2025,8,32,P004,AI Insights Module,1,South,Online,2,801.93,1603.86,766.8,837.06,28,0
2697,2025-08-10,2025,8,32,P001,Analytics Suite,0,East,Partner,9,512.77,4614.93,2206.71,2408.22,72,2
2698,2025-08-10,2025,8,32,P002,Dashboard Pro,0,East,Online,12,297.82,3573.84,1661.52,1912.32,168,2
2699,2025-08-10,2025,8,32,P003,Data Connector Plus,0,East,Offline,19,147.74,2807.06,1252.29,1554.77,209,3
2700,2025-08-10,2025,8,32,P004,AI Insights Module,1,East,Online,2,802.5,1605.0,621.58,983.42,26,0
2701,2025-08-10,2025,8,32,P001,Analytics Suite,0,West,Offline,7,498.46,3489.22,1615.74,1873.48,91,1
2702,2025-08-10,2025,8,32,P002,Dashboard Pro,0,West,Online,13,304.51,3958.63,1892.41,2066.22,130,3
2703,2025-08-10,2025,8,32,P003,Data Connector Plus,0,West,Online,18,146.25,2632.5,1039.5,1593.0,216,4
2704,2025-08-10,2025,8,32,P004,AI Insights Module,1,West,Online,2,815.77,1631.54,759.42,872.12,16,0
2705,2025-08-11,2025,8,33,P001,Analytics Suite,0,North,Online,11,506.55,5572.05,2592.26,2979.79,143,2
2706,2025-08-11,2025,8,33,P002,Dashboard Pro,0,North,Online,18,305.91,5506.38,2156.76,3349.62,144,5
2707,2025-08-11,2025,8,33,P003,Data Connector Plus,0,North,Online,29,146.34,4243.86,1958.37,2285.49,261,6
2708,2025-08-11,2025,8,33,P004,AI Insights Module,1,North,Online,4,815.99,3263.96,1362.76,1901.2,32,0
2709,2025-08-11,2025,8,33,P001,Analytics Suite,0,South,Offline,13,486.43,6323.59,2945.41,3378.18,104,2
2710,2025-08-11,2025,8,33,P002,Dashboard Pro,0,South,Partner,19,303.91,5774.29,2307.36,3466.93,228,4
2711,2025-08-11,2025,8,33,P003,Data Connector Plus,0,South,Online,29,148.21,4298.09,1791.62,2506.47,377,7
2712,2025-08-11,2025,8,33,P004,AI Insights Module,1,South,Offline,4,817.97,3271.88,1335.4,1936.48,48,0
2713,2025-08-11,2025,8,33,P001,Analytics Suite,0,East,Online,13,497.47,6467.11,2950.87,3516.24,143,2
2714,2025-08-11,2025,8,33,P002,Dashboard Pro,0,East,Online,17,292.49,4972.33,1935.28,3037.05,238,4
2715,2025-08-11,2025,8,33,P003,Data Connector Plus,0,East,Partner,31,151.91,4709.21,2251.84,2457.37,248,7
2716,2025-08-11,2025,8,33,P004,AI Insights Module,1,East,Offline,4,778.23,3112.92,1306.56,1806.36,32,0
2717,2025-08-11,2025,8,33,P001,Analytics Suite,0,West,Online,12,486.04,5832.48,2481.0,3351.48,108,2
2718,2025-08-11,2025,8,33,P002,Dashboard Pro,0,West,Online,17,306.74,5214.58,2087.26,3127.32,153,4
2719,2025-08-11,2025,8,33,P003,Data Connector Plus,0,West,Partner,29,148.71,4312.59,1643.43,2669.16,319,7
2720,2025-08-11,2025,8,33,P004,AI Insights Module,1,West,Online,4,782.91,3131.64,1241.2,1890.44,48,0
2721,2025-08-12,2025,8,33,P001,Analytics Suite,0,North,Offline,11,496.66,5463.26,2249.61,3213.65,143,2
2722,2025-08-12,2025,8,33,P002,Dashboard Pro,0,North,Online,19,307.55,5843.45,2348.02,3495.43,171,3
2723,2025-08-12,2025,8,33,P003,Data Connector Plus,0,North,Online,31,147.18,4562.58,2064.91,2497.67,248,6
2724,2025-08-12,2025,8,33,P004,AI Insights Module,1,North,Partner,4,777.32,3109.28,1340.2,1769.08,40,1
2725,2025-08-12,2025,8,33,P001,Analytics Suite,0,South,Partner,11,492.28,5415.08,2302.3,3112.78,99,2
2726,2025-08-12,2025,8,33,P002,Dashboard Pro,0,South,Offline,20,297.18,5943.6,2796.4,3147.2,180,5
2727,2025-08-12,2025,8,33,P003,Data Connector Plus,0,South,Partner,29,149.12,4324.48,1649.23,2675.25,232,5
2728,2025-08-12,2025,8,33,P004,AI Insights Module,1,South,Offline,3,798.6,2395.8,1108.62,1287.18,36,0
2729,2025-08-12,2025,8,33,P001,Analytics Suite,0,East,Partner,11,499.58,5495.38,2402.84,3092.54,99,2
2730,2025-08-12,2025,8,33,P002,Dashboard Pro,0,East,Offline,20,304.1,6082.0,2453.4,3628.6,220,4
2731,2025-08-12,2025,8,33,P003,Data Connector Plus,0,East,Offline,32,152.35,4875.2,2265.92,2609.28,256,6
2732,2025-08-12,2025,8,33,P004,AI Insights Module,1,East,Online,4,790.3,3161.2,1382.2,1779.0,36,0
2733,2025-08-12,2025,8,33,P001,Analytics Suite,0,West,Offline,13,498.79,6484.27,2930.33,3553.94,156,2
2734,2025-08-12,2025,8,33,P002,Dashboard Pro,0,West,Offline,20,307.87,6157.4,2377.4,3780.0,260,5
2735,2025-08-12,2025,8,33,P003,Data Connector Plus,0,West,Offline,29,152.58,4424.82,1746.38,2678.44,406,7
2736,2025-08-12,2025,8,33,P004,AI Insights Module,1,West,Offline,4,775.14,3100.56,1382.52,1718.04,32,0
2737,2025-08-13,2025,8,33,P001,Analytics Suite,0,North,Offline,11,494.49,5439.39,2606.67,2832.72,88,2
2738,2025-08-13,2025,8,33,P002,Dashboard Pro,0,North,Online,19,290.3,5515.7,2612.88,2902.82,209,4
2739,2025-08-13,2025,8,33,P003,Data Connector Plus,0,North,Online,29,145.87,4230.23,1933.14,2297.09,377,5
2740,2025-08-13,2025,8,33,P004,AI Insights Module,1,North,Offline,4,781.68,3126.72,1424.2,1702.52,44,1
2741,2025-08-13,2025,8,33,P001,Analytics Suite,0,South,Offline,13,500.03,6500.39,2749.63,3750.76,117,3
2742,2025-08-13,2025,8,33,P002,Dashboard Pro,0,South,Online,18,299.84,5397.12,2119.32,3277.8,162,4
2743,2025-08-13,2025,8,33,P003,Data Connector Plus,0,South,Partner,32,151.67,4853.44,2198.4,2655.04,416,7
2744,2025-08-13,2025,8,33,P004,AI Insights Module,1,South,Offline,4,821.77,3287.08,1331.52,1955.56,52,1
2745,2025-08-13,2025,8,33,P001,Analytics Suite,0,East,Offline,13,492.96,6408.48,2906.54,3501.94,182,3
2746,2025-08-13,2025,8,33,P002,Dashboard Pro,0,East,Online,19,301.64,5731.16,2536.69,3194.47,209,4
2747,2025-08-13,2025,8,33,P003,Data Connector Plus,0,East,Online,33,151.25,4991.25,2116.95,2874.3,429,7
2748,2025-08-13,2025,8,33,P004,AI Insights Module,1,East,Online,3,817.95,2453.85,1049.67,1404.18,33,0
2749,2025-08-13,2025,8,33,P001,Analytics Suite,0,West,Partner,14,489.62,6854.68,2793.28,4061.4,154,3
2750,2025-08-13,2025,8,33,P002,Dashboard Pro,0,West,Offline,21,291.17,6114.57,2626.05,3488.52,231,4
2751,2025-08-13,2025,8,33,P003,Data Connector Plus,0,West,Offline,29,145.87,4230.23,1821.49,2408.74,319,7
2752,2025-08-13,2025,8,33,P004,AI Insights Module,1,West,Online,3,815.02,2445.06,977.07,1467.99,36,0
2753,2025-08-14,2025,8,33,P001,Analytics Suite,0,North,Online,11,503.29,5536.19,2104.08,3432.11,132,2
2754,2025-08-14,2025,8,33,P002,Dashboard Pro,0,North,Online,20,304.25,6085.0,2476.2,3608.8,260,3
2755,2025-08-14,2025,8,33,P003,Data Connector Plus,0,North,Partner,32,147.75,4728.0,2140.8,2587.2,352,6
2756,2025-08-14,2025,8,33,P004,AI Insights Module,1,North,Offline,4,776.87,3107.48,1267.72,1839.76,36,0
2757,2025-08-14,2025,8,33,P001,Analytics Suite,0,South,Online,13,494.29,6425.77,2559.05,3866.72,130,3
2758,2025-08-14,2025,8,33,P002,Dashboard Pro,0,South,Online,19,297.1,5644.9,2605.28,3039.62,266,3
2759,2025-08-14,2025,8,33,P003,Data Connector Plus,0,South,Online,30,150.2,4506.0,2045.4,2460.6,360,7
2760,2025-08-14,2025,8,33,P004,AI Insights Module,1,South,Online,4,814.83,3259.32,1416.56,1842.76,36,1
2761,2025-08-14,2025,8,33,P001,Analytics Suite,0,East,Online,13,487.12,6332.56,2456.74,3875.82,130,3
2762,2025-08-14,2025,8,33,P002,Dashboard Pro,0,East,Online,18,299.59,5392.62,2145.06,3247.56,198,4
2763,2025-08-14,2025,8,33,P003,Data Connector Plus,0,East,Online,29,153.19,4442.51,1786.69,2655.82,348,7
2764,2025-08-14,2025,8,33,P004,AI Insights Module,1,East,Offline,4,804.17,3216.68,1294.24,1922.44,32,1
2765,2025-08-14,2025,8,33,P001,Analytics Suite,0,West,Online,12,500.79,6009.48,2299.08,3710.4,120,2
2766,2025-08-14,2025,8,33,P002,Dashboard Pro,0,West,Partner,19,307.19,5836.61,2407.3,3429.31,228,4
2767,2025-08-14,2025,8,33,P003,Data Connector Plus,0,West,Online,31,151.44,4694.64,1889.14,2805.5,310,6
2768,2025-08-14,2025,8,33,P004,AI Insights Module,1,West,Offline,4,780.78,3123.12,1444.24,1678.88,48,0
2769,2025-08-15,2025,8,33,P001,Analytics Suite,0,North,Offline,13,511.39,6648.07,2557.49,4090.58,117,3
2770,2025-08-15,2025,8,33,P002,Dashboard Pro,0,North,Online,20,300.47,6009.4,2335.2,3674.2,160,4
2771,2025-08-15,2025,8,33,P003,Data Connector Plus,0,North,Online,29,145.32,4214.28,1739.13,2475.15,232,6
2772,2025-08-15,2025,8,33,P004,AI Insights Module,1,North,Online,3,809.98,2429.94,1122.03,1307.91,27,0
2773,2025-08-15,2025,8,33,P001,Analytics Suite,0,South,Online,13,499.73,6496.49,2759.25,3737.24,143,2
2774,2025-08-15,2025,8,33,P002,Dashboard Pro,0,South,Partner,17,301.17,5119.89,2302.48,2817.41,153,4
2775,2025-08-15,2025,8,33,P003,Data Connector Plus,0,South,Offline,27,153.03,4131.81,1890.81,2241.0,216,5
2776,2025-08-15,2025,8,33,P004,AI Insights Module,1,South,Partner,4,800.4,3201.6,1406.04,1795.56,52,0
2777,2025-08-15,2025,8,33,P001,Analytics Suite,0,East,Online,11,505.96,5565.56,2118.71,3446.85,121,2
2778,2025-08-15,2025,8,33,P002,Dashboard Pro,0,East,Offline,18,299.26,5386.68,2234.52,3152.16,252,3
2779,2025-08-15,2025,8,33,P003,Data Connector Plus,0,East,Offline,27,147.49,3982.23,1822.23,2160.0,378,5
2780,2025-08-15,2025,8,33,P004,AI Insights Module,1,East,Offline,4,816.45,3265.8,1499.76,1766.04,44,0
2781,2025-08-15,2025,8,33,P001,Analytics Suite,0,West,Online,12,492.97,5915.64,2665.68,3249.96,132,2
2782,2025-08-15,2025,8,33,P002,Dashboard Pro,0,West,Online,21,306.05,6427.05,2660.49,3766.56,273,5
2783,2025-08-15,2025,8,33,P003,Data Connector Plus,0,West,Online,33,151.65,5004.45,2322.87,2681.58,429,6
2784,2025-08-15,2025,8,33,P004,AI Insights Module,1,West,Offline,4,789.63,3158.52,1505.88,1652.64,32,1
2785,2025-08-16,2025,8,33,P001,Analytics Suite,0,North,Online,8,493.98,3951.84,1504.16,2447.68,112,1
2786,2025-08-16,2025,8,33,P002,Dashboard Pro,0,North,Offline,11,295.53,3250.83,1445.73,1805.1,132,2
2787,2025-08-16,2025,8,33,P003,Data Connector Plus,0,North,Partner,21,145.7,3059.7,1198.05,1861.65,294,4
2788,2025-08-16,2025,8,33,P004,AI Insights Module,1,North,Online,2,785.02,1570.04,601.92,968.12,22,0
2789,2025-08-16,2025,8,33,P001,Analytics Suite,0,South,Online,8,500.66,4005.28,1635.76,2369.52,64,1
2790,2025-08-16,2025,8,33,P002,Dashboard Pro,0,South,Online,12,301.1,3613.2,1732.56,1880.64,144,2
2791,2025-08-16,2025,8,33,P003,Data Connector Plus,0,South,Partner,19,152.13,2890.47,1220.75,1669.72,171,5
2792,2025-08-16,2025,8,33,P004,AI Insights Module,1,South,Online,2,809.52,1619.04,639.48,979.56,22,0
2793,2025-08-16,2025,8,33,P001,Analytics Suite,0,East,Offline,8,499.46,3995.68,1885.68,2110.0,72,1
2794,2025-08-16,2025,8,33,P002,Dashboard Pro,0,East,Online,13,291.28,3786.64,1504.36,2282.28,182,3
2795,2025-08-16,2025,8,33,P003,Data Connector Plus,0,East,Online,20,151.12,3022.4,1186.6,1835.8,160,4
2796,2025-08-16,2025,8,33,P004,AI Insights Module,1,East,Offline,3,805.96,2417.88,941.19,1476.69,36,0
2797,2025-08-16,2025,8,33,P001,Analytics Suite,0,West,Online,7,486.72,3407.04,1461.46,1945.58,70,1
2798,2025-08-16,2025,8,33,P002,Dashboard Pro,0,West,Offline,12,296.22,3554.64,1518.48,2036.16,168,2
2799,2025-08-16,2025,8,33,P003,Data Connector Plus,0,West,Offline,17,148.61,2526.37,1081.37,1445.0,170,3
2800,2025-08-16,2025,8,33,P004,AI Insights Module,1,West,Offline,2,792.44,1584.88,623.76,961.12,22,0
2801,2025-08-17,2025,8,33,P001,Analytics Suite,0,North,Online,8,485.01,3880.08,1672.64,2207.44,64,2
2802,2025-08-17,2025,8,33,P002,Dashboard Pro,0,North,Partner,13,298.17,3876.21,1566.37,2309.84,156,2
2803,2025-08-17,2025,8,33,P003,Data Connector Plus,0,North,Offline,17,152.3,2589.1,1150.9,1438.2,136,3
2804,2025-08-17,2025,8,33,P004,AI Insights Module,1,North,Offline,2,785.34,1570.68,711.26,859.42,26,0
2805,2025-08-17,2025,8,33,P001,Analytics Suite,0,South,Partner,8,512.97,4103.76,1693.12,2410.64,64,1
2806,2025-08-17,2025,8,33,P002,Dashboard Pro,0,South,Offline,12,300.2,3602.4,1517.28,2085.12,156,2
2807,2025-08-17,2025,8,33,P003,Data Connector Plus,0,South,Online,17,148.35,2521.95,1105.85,1416.1,238,4
2808,2025-08-17,2025,8,33,P004,AI Insights Module,1,South,Online,2,801.43,1602.86,661.2,941.66,18,0
2809,2025-08-17,2025,8,33,P001,Analytics Suite,0,East,Partner,9,507.66,4568.94,1829.07,2739.87,108,2
2810,2025-08-17,2025,8,33,P002,Dashboard Pro,0,East,Offline,11,297.53,3272.83,1395.24,1877.59,143,2
2811,2025-08-17,2025,8,33,P003,Data Connector Plus,0,East,Online,19,145.97,2773.43,1315.18,1458.25,171,4
2812,2025-08-17,2025,8,33,P004,AI Insights Module,1,East,Offline,2,787.2,1574.4,676.7,897.7,28,0
2813,2025-08-17,2025,8,33,P001,Analytics Suite,0,West,Offline,7,510.77,3575.39,1666.35,1909.04,98,1
2814,2025-08-17,2025,8,33,P002,Dashboard Pro,0,West,Online,11,293.16,3224.76,1332.21,1892.55,88,2
2815,2025-08-17,2025,8,33,P003,Data Connector Plus,0,West,Partner,19,151.32,2875.08,1124.8,1750.28,247,4
2816,2025-08-17,2025,8,33,P004,AI Insights Module,1,West,Offline,3,790.7,2372.1,1125.75,1246.35,36,0
2817,2025-08-18,2025,8,34,P001,Analytics Suite,0,North,Offline,11,484.87,5333.57,2098.58,3234.99,88,2
2818,2025-08-18,2025,8,34,P002,Dashboard Pro,0,North,Online,20,303.06,6061.2,2408.2,3653.0,180,5
2819,2025-08-18,2025,8,34,P003,Data Connector Plus,0,North,Offline,28,149.48,4185.44,1960.84,2224.6,364,6
2820,2025-08-18,2025,8,34,P004,AI Insights Module,1,North,Online,4,802.3,3209.2,1442.0,1767.2,36,1
2821,2025-08-18,2025,8,34,P001,Analytics Suite,0,South,Online,14,504.01,7056.14,3131.1,3925.04,126,3
2822,2025-08-18,2025,8,34,P002,Dashboard Pro,0,South,Offline,17,305.06,5186.02,2369.29,2816.73,238,3
2823,2025-08-18,2025,8,34,P003,Data Connector Plus,0,South,Partner,28,147.23,4122.44,1600.2,2522.24,364,6
2824,2025-08-18,2025,8,34,P004,AI Insights Module,1,South,Offline,4,790.41,3161.64,1465.48,1696.16,40,0
2825,2025-08-18,2025,8,34,P001,Analytics Suite,0,East,Partner,11,505.83,5564.13,2166.45,3397.68,154,2
2826,2025-08-18,2025,8,34,P002,Dashboard Pro,0,East,Partner,19,293.03,5567.57,2532.89,3034.68,228,4
2827,2025-08-18,2025,8,34,P003,Data Connector Plus,0,East,Online,27,146.31,3950.37,1791.45,2158.92,378,5
2828,2025-08-18,2025,8,34,P004,AI Insights Module,1,East,Online,4,784.44,3137.76,1503.68,1634.08,44,0
2829,2025-08-18,2025,8,34,P001,Analytics Suite,0,West,Offline,13,499.0,6487.0,2559.18,3927.82,104,2
2830,2025-08-18,2025,8,34,P002,Dashboard Pro,0,West,Online,17,292.75,4976.75,2322.54,2654.21,136,4
2831,2025-08-18,2025,8,34,P003,Data Connector Plus,0,West,Offline,33,148.2,4890.6,1884.63,3005.97,297,7
2832,2025-08-18,2025,8,34,P004,AI Insights Module,1,West,Online,4,779.31,3117.24,1217.12,1900.12,44,1
2833,2025-08-19,2025,8,34,P001,Analytics Suite,0,North,Online,11,502.52,5527.72,2500.19,3027.53,99,2
2834,2025-08-19,2025,8,34,P002,Dashboard Pro,0,North,Partner,21,303.66,6376.86,3013.29,3363.57,189,5
2835,2025-08-19,2025,8,34,P003,Data Connector Plus,0,North,Online,27,147.15,3973.05,1643.76,2329.29,297,6
2836,2025-08-19,2025,8,34,P004,AI Insights Module,1,North,Partner,4,796.86,3187.44,1307.32,1880.12,56,0
2837,2025-08-19,2025,8,34,P001,Analytics Suite,0,South,Online,11,507.53,5582.83,2280.3,3302.53,88,2
2838,2025-08-19,2025,8,34,P002,Dashboard Pro,0,South,Online,20,301.25,6025.0,2807.6,3217.4,200,4
2839,2025-08-19,2025,8,34,P003,Data Connector Plus,0,South,Offline,28,145.73,4080.44,1603.0,2477.44,308,7
2840,2025-08-19,2025,8,34,P004,AI Insights Module,1,South,Online,4,808.62,3234.48,1462.48,1772.0,40,1
2841,2025-08-19,2025,8,34,P001,Analytics Suite,0,East,Offline,11,506.25,5568.75,2634.39,2934.36,154,2
2842,2025-08-19,2025,8,34,P002,Dashboard Pro,0,East,Offline,19,296.22,5628.18,2418.13,3210.05,228,3
2843,2025-08-19,2025,8,34,P003,Data Connector Plus,0,East,Online,27,153.19,4136.13,1650.51,2485.62,270,7
2844,2025-08-19,2025,8,34,P004,AI Insights Module,1,East,Online,4,800.9,3203.6,1513.4,1690.2,56,0
2845,2025-08-19,2025,8,34,P001,Analytics Suite,0,West,Partner,11,512.22,5634.42,2229.04,3405.38,154,2
2846,2025-08-19,2025,8,34,P002,Dashboard Pro,0,West,Online,19,291.0,5529.0,2190.51,3338.49,228,3
2847,2025-08-19,2025,8,34,P003,Data Connector Plus,0,West,Offline,29,145.07,4207.03,1784.95,2422.08,232,7
2848,2025-08-19,2025,8,34,P004,AI Insights Module,1,West,Offline,3,795.46,2386.38,961.29,1425.09,33,0
2849,2025-08-20,2025,8,34,P001,Analytics Suite,0,North,Partner,12,503.49,6041.88,2488.92,3552.96,120,3
2850,2025-08-20,2025,8,34,P002,Dashboard Pro,0,North,Offline,17,305.79,5198.43,2090.66,3107.77,136,4
2851,2025-08-20,2025,8,34,P003,Data Connector Plus,0,North,Online,28,146.76,4109.28,1710.8,2398.48,336,7
2852,2025-08-20,2025,8,34,P004,AI Insights Module,1,North,Offline,4,802.09,3208.36,1337.44,1870.92,44,1
2853,2025-08-20,2025,8,34,P001,Analytics Suite,0,South,Offline,12,485.97,5831.64,2670.0,3161.64,156,2
2854,2025-08-20,2025,8,34,P002,Dashboard Pro,0,South,Partner,18,305.16,5492.88,2350.8,3142.08,180,3
2855,2025-08-20,2025,8,34,P003,Data Connector Plus,0,South,Offline,32,146.77,4696.64,1805.44,2891.2,256,5
2856,2025-08-20,2025,8,34,P004,AI Insights Module,1,South,Online,3,812.6,2437.8,932.85,1504.95,27,0
2857,2025-08-20,2025,8,34,P001,Analytics Suite,0,East,Online,13,500.61,6507.93,2652.78,3855.15,143,3
2858,2025-08-20,2025,8,34,P002,Dashboard Pro,0,East,Online,19,297.63,5654.97,2441.12,3213.85,152,4
2859,2025-08-20,2025,8,34,P003,Data Connector Plus,0,East,Online,31,148.53,4604.43,2149.54,2454.89,248,5
2860,2025-08-20,2025,8,34,P004,AI Insights Module,1,East,Online,4,777.94,3111.76,1195.68,1916.08,48,0
2861,2025-08-20,2025,8,34,P001,Analytics Suite,0,West,Online,12,497.86,5974.32,2849.04,3125.28,96,3
2862,2025-08-20,2025,8,34,P002,Dashboard Pro,0,West,Partner,18,307.43,5533.74,2268.9,3264.84,198,4
2863,2025-08-20,2025,8,34,P003,Data Connector Plus,0,West,Online,27,150.82,4072.14,1724.49,2347.65,324,5
2864,2025-08-20,2025,8,34,P004,AI Insights Module,1,West,Offline,4,807.45,3229.8,1366.04,1863.76,52,0
2865,2025-08-21,2025,8,34,P001,Analytics Suite,0,North,Online,11,487.64,5364.04,2574.66,2789.38,99,2
2866,2025-08-21,2025,8,34,P002,Dashboard Pro,0,North,Online,20,300.92,6018.4,2840.4,3178.0,280,4
2867,2025-08-21,2025,8,34,P003,Data Connector Plus,0,North,Online,28,148.44,4156.32,1641.36,2514.96,392,6
2868,2025-08-21,2025,8,34,P004,AI Insights Module,1,North,Online,3,786.56,2359.68,1008.75,1350.93,42,0
2869,2025-08-21,2025,8,34,P001,Analytics Suite,0,South,Offline,14,496.1,6945.4,3309.6,3635.8,140,3
2870,2025-08-21,2025,8,34,P002,Dashboard Pro,0,South,Online,17,291.25,4951.25,2172.94,2778.31,187,4
2871,2025-08-21,2025,8,34,P003,Data Connector Plus,0,South,Online,27,146.79,3963.33,1610.28,2353.05,351,5
2872,2025-08-21,2025,8,34,P004,AI Insights Module,1,South,Offline,4,801.49,3205.96,1461.04,1744.92,48,1
2873,2025-08-21,2025,8,34,P001,Analytics Suite,0,East,Online,13,492.1,6397.3,2858.18,3539.12,117,3
2874,2025-08-21,2025,8,34,P002,Dashboard Pro,0,East,Online,18,293.12,5276.16,2269.8,3006.36,216,4
2875,2025-08-21,2025,8,34,P003,Data Connector Plus,0,East,Offline,28,151.95,4254.6,1949.92,2304.68,308,6
2876,2025-08-21,2025,8,34,P004,AI Insights Module,1,East,Online,4,785.75,3143.0,1379.88,1763.12,44,0
2877,2025-08-21,2025,8,34,P001,Analytics Suite,0,West,Offline,13,495.47,6441.11,2513.42,3927.69,130,3
2878,2025-08-21,2025,8,34,P002,Dashboard Pro,0,West,Offline,21,292.69,6146.49,2633.82,3512.67,168,4
2879,2025-08-21,2025,8,34,P003,Data Connector Plus,0,West,Offline,28,151.96,4254.88,1694.84,2560.04,308,7
2880,2025-08-21,2025,8,34,P004,AI Insights Module,1,West,Offline,4,807.14,3228.56,1410.4,1818.16,48,0
2881,2025-08-22,2025,8,34,P001,Analytics Suite,0,North,Online,13,508.19,6606.47,3112.33,3494.14,182,2
2882,2025-08-22,2025,8,34,P002,Dashboard Pro,0,North,Offline,18,307.76,5539.68,2223.9,3315.78,144,3
2883,2025-08-22,2025,8,34,P003,Data Connector Plus,0,North,Partner,29,152.61,4425.69,1721.15,2704.54,232,5
2884,2025-08-22,2025,8,34,P004,AI Insights Module,1,North,Online,3,806.93,2420.79,1079.79,1341.0,42,0
2885,2025-08-22,2025,8,34,P001,Analytics Suite,0,South,Offline,13,511.03,6643.39,2580.11,4063.28,182,2
2886,2025-08-22,2025,8,34,P002,Dashboard Pro,0,South,Offline,20,301.07,6021.4,2821.0,3200.4,240,5
2887,2025-08-22,2025,8,34,P003,Data Connector Plus,0,South,Online,29,145.84,4229.36,2014.34,2215.02,319,7
2888,2025-08-22,2025,8,34,P004,AI Insights Module,1,South,Partner,4,805.04,3220.16,1387.32,1832.84,52,1
2889,2025-08-22,2025,8,34,P001,Analytics Suite,0,East,Partner,13,513.09,6670.17,2737.54,3932.63,130,2
2890,2025-08-22,2025,8,34,P002,Dashboard Pro,0,East,Partner,20,298.13,5962.6,2577.0,3385.6,200,5
2891,2025-08-22,2025,8,34,P003,Data Connector Plus,0,East,Partner,28,153.32,4292.96,1819.16,2473.8,280,5
2892,2025-08-22,2025,8,34,P004,AI Insights Module,1,East,Online,3,813.95,2441.85,1030.17,1411.68,24,0
2893,2025-08-22,2025,8,34,P001,Analytics Suite,0,West,Online,13,508.84,6614.92,2765.23,3849.69,117,2
2894,2025-08-22,2025,8,34,P002,Dashboard Pro,0,West,Offline,19,291.67,5541.73,2623.52,2918.21,152,4
2895,2025-08-22,2025,8,34,P003,Data Connector Plus,0,West,Online,29,151.84,4403.36,1937.49,2465.87,261,6
2896,2025-08-22,2025,8,34,P004,AI Insights Module,1,West,Offline,4,782.24,3128.96,1370.04,1758.92,44,1
2897,2025-08-23,2025,8,34,P001,Analytics Suite,0,North,Offline,9,498.32,4484.88,1723.59,2761.29,90,1
2898,2025-08-23,2025,8,34,P002,Dashboard Pro,0,North,Offline,13,294.67,3830.71,1678.17,2152.54,182,2
2899,2025-08-23,2025,8,34,P003,Data Connector Plus,0,North,Offline,19,148.95,2830.05,1125.56,1704.49,171,3
2900,2025-08-23,2025,8,34,P004,AI Insights Module,1,North,Offline,3,808.15,2424.45,1096.56,1327.89,30,0
2901,2025-08-23,2025,8,34,P001,Analytics Suite,0,South,Offline,8,497.81,3982.48,1775.68,2206.8,112,1
2902,2025-08-23,2025,8,34,P002,Dashboard Pro,0,South,Partner,11,301.51,3316.61,1493.14,1823.47,121,2
2903,2025-08-23,2025,8,34,P003,Data Connector Plus,0,South,Online,19,147.96,2811.24,1331.33,1479.91,190,4
2904,2025-08-23,2025,8,34,P004,AI Insights Module,1,South,Online,2,799.56,1599.12,609.52,989.6,22,0
2905,2025-08-23,2025,8,34,P001,Analytics Suite,0,East,Partner,7,488.29,3418.03,1497.09,1920.94,70,1
2906,2025-08-23,2025,8,34,P002,Dashboard Pro,0,East,Offline,12,294.97,3539.64,1522.92,2016.72,96,2
2907,2025-08-23,2025,8,34,P003,Data Connector Plus,0,East,Offline,20,146.51,2930.2,1317.6,1612.6,240,4
2908,2025-08-23,2025,8,34,P004,AI Insights Module,1,East,Partner,2,795.93,1591.86,681.24,910.62,22,0
2909,2025-08-23,2025,8,34,P001,Analytics Suite,0,West,Offline,8,497.36,3978.88,1520.72,2458.16,88,2
2910,2025-08-23,2025,8,34,P002,Dashboard Pro,0,West,Partner,11,291.35,3204.85,1405.8,1799.05,88,2
2911,2025-08-23,2025,8,34,P003,Data Connector Plus,0,West,Offline,20,147.73,2954.6,1311.8,1642.8,240,3
2912,2025-08-23,2025,8,34,P004,AI Insights Module,1,West,Online,2,784.84,1569.68,629.96,939.72,18,0
2913,2025-08-24,2025,8,34,P001,Analytics Suite,0,North,Partner,9,494.26,4448.34,2098.89,2349.45,72,1
2914,2025-08-24,2025,8,34,P002,Dashboard Pro,0,North,Offline,12,297.22,3566.64,1363.2,2203.44,156,2
2915,2025-08-24,2025,8,34,P003,Data Connector Plus,0,North,Online,21,147.02,3087.42,1254.12,1833.3,189,5
2916,2025-08-24,2025,8,34,P004,AI Insights Module,1,North,Partner,2,806.2,1612.4,659.34,953.06,26,0
2917,2025-08-24,2025,8,34,P001,Analytics Suite,0,South,Online,8,496.07,3968.56,1801.84,2166.72,112,2
2918,2025-08-24,2025,8,34,P002,Dashboard Pro,0,South,Offline,13,291.2,3785.6,1536.47,2249.13,169,3
2919,2025-08-24,2025,8,34,P003,Data Connector Plus,0,South,Offline,20,150.17,3003.4,1142.2,1861.2,260,4
2920,2025-08-24,2025,8,34,P004,AI Insights Module,1,South,Online,3,782.0,2346.0,955.02,1390.98,33,0
2921,2025-08-24,2025,8,34,P001,Analytics Suite,0,East,Offline,9,507.6,4568.4,1820.34,2748.06,108,1
2922,2025-08-24,2025,8,34,P002,Dashboard Pro,0,East,Offline,12,294.78,3537.36,1534.68,2002.68,156,3
2923,2025-08-24,2025,8,34,P003,Data Connector Plus,0,East,Online,18,153.25,2758.5,1199.88,1558.62,216,3
2924,2025-08-24,2025,8,34,P004,AI Insights Module,1,East,Offline,2,802.22,1604.44,624.18,980.26,28,0
2925,2025-08-24,2025,8,34,P001,Analytics Suite,0,West,Offline,7,493.42,3453.94,1355.34,2098.6,56,1
2926,2025-08-24,2025,8,34,P002,Dashboard Pro,0,West,Partner,12,293.27,3519.24,1505.4,2013.84,168,2
2927,2025-08-24,2025,8,34,P003,Data Connector Plus,0,West,Offline,20,147.94,2958.8,1157.8,1801.0,200,4
2928,2025-08-24,2025,8,34,P004,AI Insights Module,1,West,Online,2,809.94,1619.88,702.68,917.2,24,0
2929,2025-08-25,2025,8,35,P001,Analytics Suite,0,North,Online,13,490.23,6372.99,3043.69,3329.3,143,3
2930,2025-08-25,2025,8,35,P002,Dashboard Pro,0,North,Online,17,300.42,5107.14,1969.28,3137.86,204,3
2931,2025-08-25,2025,8,35,P003,Data Connector Plus,0,North,Offline,26,149.84,3895.84,1794.78,2101.06,260,5
2932,2025-08-25,2025,8,35,P004,AI Insights Module,1,North,Online,4,787.03,3148.12,1510.68,1637.44,44,0
2933,2025-08-25,2025,8,35,P001,Analytics Suite,0,South,Partner,12,511.07,6132.84,2597.16,3535.68,144,2
2934,2025-08-25,2025,8,35,P002,Dashboard Pro,0,South,Online,17,304.19,5171.23,2389.18,2782.05,136,4
2935,2025-08-25,2025,8,35,P003,Data Connector Plus,0,South,Offline,28,152.26,4263.28,1764.84,2498.44,308,7
2936,2025-08-25,2025,8,35,P004,AI Insights Module,1,South,Online,4,812.54,3250.16,1548.64,1701.52,40,0
2937,2025-08-25,2025,8,35,P001,Analytics Suite,0,East,Offline,12,502.25,6027.0,2806.8,3220.2,108,2
2938,2025-08-25,2025,8,35,P002,Dashboard Pro,0,East,Offline,20,305.74,6114.8,2711.0,3403.8,280,5
2939,2025-08-25,2025,8,35,P003,Data Connector Plus,0,East,Online,28,147.12,4119.36,1702.96,2416.4,364,6
2940,2025-08-25,2025,8,35,P004,AI Insights Module,1,East,Offline,4,777.6,3110.4,1314.28,1796.12,52,1
2941,2025-08-25,2025,8,35,P001,Analytics Suite,0,West,Online,11,488.59,5374.49,2471.26,2903.23,154,2
2942,2025-08-25,2025,8,35,P002,Dashboard Pro,0,West,Offline,21,302.48,6352.08,2499.21,3852.87,231,4
2943,2025-08-25,2025,8,35,P003,Data Connector Plus,0,West,Online,26,144.78,3764.28,1697.28,2067.0,260,4
2944,2025-08-25,2025,8,35,P004,AI Insights Module,1,West,Offline,4,821.65,3286.6,1424.2,1862.4,40,0
2945,2025-08-26,2025,8,35,P001,Analytics Suite,0,North,Offline,12,485.83,5829.96,2224.08,3605.88,144,2
2946,2025-08-26,2025,8,35,P002,Dashboard Pro,0,North,Offline,19,297.14,5645.66,2217.49,3428.17,228,5
2947,2025-08-26,2025,8,35,P003,Data Connector Plus,0,North,Partner,27,149.85,4045.95,1914.03,2131.92,297,7
2948,2025-08-26,2025,8,35,P004,AI Insights Module,1,North,Online,4,788.13,3152.52,1326.76,1825.76,52,0
2949,2025-08-26,2025,8,35,P001,Analytics Suite,0,South,Online,11,508.34,5591.74,2186.91,3404.83,143,2
2950,2025-08-26,2025,8,35,P002,Dashboard Pro,0,South,Offline,17,294.54,5007.18,2074.0,2933.18,187,3
2951,2025-08-26,2025,8,35,P003,Data Connector Plus,0,South,Partner,31,151.05,4682.55,1802.03,2880.52,372,7
2952,2025-08-26,2025,8,35,P004,AI Insights Module,1,South,Online,4,805.5,3222.0,1529.8,1692.2,40,0
2953,2025-08-26,2025,8,35,P001,Analytics Suite,0,East,Offline,11,504.14,5545.54,2386.45,3159.09,99,2
2954,2025-08-26,2025,8,35,P002,Dashboard Pro,0,East,Partner,18,303.53,5463.54,2093.4,3370.14,144,4
2955,2025-08-26,2025,8,35,P003,Data Connector Plus,0,East,Online,28,150.37,4210.36,1742.44,2467.92,308,5
2956,2025-08-26,2025,8,35,P004,AI Insights Module,1,East,Online,3,817.22,2451.66,969.42,1482.24,27,0
2957,2025-08-26,2025,8,35,P001,Analytics Suite,0,West,Offline,12,507.08,6084.96,2757.12,3327.84,156,2
2958,2025-08-26,2025,8,35,P002,Dashboard Pro,0,West,Partner,21,303.19,6366.99,2698.5,3668.49,231,5
2959,2025-08-26,2025,8,35,P003,Data Connector Plus,0,West,Online,31,146.7,4547.7,2036.7,2511.0,403,6
2960,2025-08-26,2025,8,35,P004,AI Insights Module,1,West,Offline,3,784.22,2352.66,983.31,1369.35,36,0
2961,2025-08-27,2025,8,35,P001,Analytics Suite,0,North,Offline,11,498.24,5480.64,2380.18,3100.46,143,2
2962,2025-08-27,2025,8,35,P002,Dashboard Pro,0,North,Partner,17,304.1,5169.7,1986.11,3183.59,238,3
2963,2025-08-27,2025,8,35,P003,Data Connector Plus,0,North,Offline,30,144.83,4344.9,2076.3,2268.6,420,6
2964,2025-08-27,2025,8,35,P004,AI Insights Module,1,North,Online,4,814.81,3259.24,1346.4,1912.84,36,0
2965,2025-08-27,2025,8,35,P001,Analytics Suite,0,South,Partner,12,485.1,5821.2,2670.72,3150.48,156,3
2966,2025-08-27,2025,8,35,P002,Dashboard Pro,0,South,Online,19,302.86,5754.34,2477.41,3276.93,209,4
2967,2025-08-27,2025,8,35,P003,Data Connector Plus,0,South,Partner,26,148.33,3856.58,1563.38,2293.2,260,7
2968,2025-08-27,2025,8,35,P004,AI Insights Module,1,South,Offline,4,787.57,3150.28,1364.6,1785.68,56,1
2969,2025-08-27,2025,8,35,P001,Analytics Suite,0,East,Offline,14,504.64,7064.96,2838.36,4226.6,168,3
2970,2025-08-27,2025,8,35,P002,Dashboard Pro,0,East,Offline,19,290.31,5515.89,2598.25,2917.64,266,4
2971,2025-08-27,2025,8,35,P003,Data Connector Plus,0,East,Online,28,150.28,4207.84,1791.16,2416.68,336,6
2972,2025-08-27,2025,8,35,P004,AI Insights Module,1,East,Offline,4,816.94,3267.76,1445.04,1822.72,56,0
2973,2025-08-27,2025,8,35,P001,Analytics Suite,0,West,Offline,14,499.83,6997.62,3142.3,3855.32,196,2
2974,2025-08-27,2025,8,35,P002,Dashboard Pro,0,West,Offline,21,295.67,6209.07,2879.52,3329.55,189,3
2975,2025-08-27,2025,8,35,P003,Data Connector Plus,0,West,Online,32,150.62,4819.84,1848.96,2970.88,288,6
2976,2025-08-27,2025,8,35,P004,AI Insights Module,1,West,Offline,4,803.71,3214.84,1450.04,1764.8,44,0
2977,2025-08-28,2025,8,35,P001,Analytics Suite,0,North,Offline,11,490.13,5391.43,2368.08,3023.35,99,2
2978,2025-08-28,2025,8,35,P002,Dashboard Pro,0,North,Online,18,300.22,5403.96,2586.06,2817.9,144,4
2979,2025-08-28,2025,8,35,P003,Data Connector Plus,0,North,Offline,29,148.03,4292.87,1721.44,2571.43,348,5
2980,2025-08-28,2025,8,35,P004,AI Insights Module,1,North,Offline,4,819.33,3277.32,1548.24,1729.08,48,0
2981,2025-08-28,2025,8,35,P001,Analytics Suite,0,South,Online,11,508.47,5593.17,2223.65,3369.52,99,1
2982,2025-08-28,2025,8,35,P002,Dashboard Pro,0,South,Offline,17,299.4,5089.8,1992.4,3097.4,187,4
2983,2025-08-28,2025,8,35,P003,Data Connector Plus,0,South,Offline,30,150.17,4505.1,2126.1,2379.0,360,7
2984,2025-08-28,2025,8,35,P004,AI Insights Module,1,South,Offline,4,780.86,3123.44,1279.2,1844.24,56,0
2985,2025-08-28,2025,8,35,P001,Analytics Suite,0,East,Partner,13,492.68,6404.84,3008.85,3395.99,117,2
2986,2025-08-28,2025,8,35,P002,Dashboard Pro,0,East,Partner,18,294.41,5299.38,2284.2,3015.18,216,3
2987,2025-08-28,2025,8,35,P003,Data Connector Plus,0,East,Offline,29,148.29,4300.41,1870.79,2429.62,406,5
2988,2025-08-28,2025,8,35,P004,AI Insights Module,1,East,Partner,4,794.62,3178.48,1472.28,1706.2,40,1
2989,2025-08-28,2025,8,35,P001,Analytics Suite,0,West,Offline,11,489.97,5389.67,2294.38,3095.29,88,2
2990,2025-08-28,2025,8,35,P002,Dashboard Pro,0,West,Offline,21,290.09,6091.89,2889.6,3202.29,210,5
2991,2025-08-28,2025,8,35,P003,Data Connector Plus,0,West,Online,30,148.44,4453.2,2094.3,2358.9,240,5
2992,2025-08-28,2025,8,35,P004,AI Insights Module,1,West,Online,4,818.03,3272.12,1273.52,1998.6,40,0
2993,2025-08-29,2025,8,35,P001,Analytics Suite,0,North,Online,13,511.46,6648.98,2998.06,3650.92,104,3
2994,2025-08-29,2025,8,35,P002,Dashboard Pro,0,North,Partner,21,306.94,6445.74,2970.03,3475.71,168,4
2995,2025-08-29,2025,8,35,P003,Data Connector Plus,0,North,Partner,27,150.02,4050.54,1648.08,2402.46,324,6
2996,2025-08-29,2025,8,35,P004,AI Insights Module,1,North,Online,3,804.52,2413.56,1100.64,1312.92,36,0
2997,2025-08-29,2025,8,35,P001,Analytics Suite,0,South,Online,12,492.84,5914.08,2676.48,3237.6,144,2
2998,2025-08-29,2025,8,35,P002,Dashboard Pro,0,South,Offline,18,297.0,5346.0,2313.72,3032.28,144,4
2999,2025-08-29,2025,8,35,P003,Data Connector Plus,0,South,Offline,30,149.18,4475.4,1912.2,2563.2,240,8
3000,2025-08-29,2025,8,35,P004,AI Insights Module,1,South,Offline,4,798.3,3193.2,1223.2,1970.0,40,1
3001,2025-08-29,2025,8,35,P001,Analytics Suite,0,East,Partner,12,494.9,5938.8,2526.6,3412.2,144,2
3002,2025-08-29,2025,8,35,P002,Dashboard Pro,0,East,Online,20,294.28,5885.6,2314.6,3571.0,160,5
3003,2025-08-29,2025,8,35,P003,Data Connector Plus,0,East,Partner,31,147.74,4579.94,1979.35,2600.59,403,7
3004,2025-08-29,2025,8,35,P004,AI Insights Module,1,East,Online,4,793.25,3173.0,1381.32,1791.68,32,0
3005,2025-08-29,2025,8,35,P001,Analytics Suite,0,West,Online,14,510.9,7152.6,3390.8,3761.8,126,3
3006,2025-08-29,2025,8,35,P002,Dashboard Pro,0,West,Partner,18,299.19,5385.42,2294.46,3090.96,144,4
3007,2025-08-29,2025,8,35,P003,Data Connector Plus,0,West,Online,31,150.53,4666.43,1953.0,2713.43,310,6
3008,2025-08-29,2025,8,35,P004,AI Insights Module,1,West,Offline,3,801.0,2403.0,1045.65,1357.35,39,0
3009,2025-08-30,2025,8,35,P001,Analytics Suite,0,North,Partner,8,501.76,4014.08,1632.24,2381.84,88,1
3010,2025-08-30,2025,8,35,P002,Dashboard Pro,0,North,Offline,12,298.6,3583.2,1522.56,2060.64,96,3
3011,2025-08-30,2025,8,35,P003,Data Connector Plus,0,North,Online,21,152.7,3206.7,1336.02,1870.68,273,5
3012,2025-08-30,2025,8,35,P004,AI Insights Module,1,North,Offline,2,801.57,1603.14,687.12,916.02,20,0
3013,2025-08-30,2025,8,35,P001,Analytics Suite,0,South,Online,7,507.37,3551.59,1554.91,1996.68,98,1
3014,2025-08-30,2025,8,35,P002,Dashboard Pro,0,South,Online,13,298.95,3886.35,1483.82,2402.53,156,3
3015,2025-08-30,2025,8,35,P003,Data Connector Plus,0,South,Partner,17,148.1,2517.7,1059.95,1457.75,170,4
3016,2025-08-30,2025,8,35,P004,AI Insights Module,1,South,Online,2,785.16,1570.32,732.48,837.84,28,0
3017,2025-08-30,2025,8,35,P001,Analytics Suite,0,East,Offline,8,511.56,4092.48,1917.52,2174.96,104,1
3018,2025-08-30,2025,8,35,P002,Dashboard Pro,0,East,Offline,11,298.74,3286.14,1418.56,1867.58,154,2
3019,2025-08-30,2025,8,35,P003,Data Connector Plus,0,East,Online,18,148.58,2674.44,1035.72,1638.72,198,4
3020,2025-08-30,2025,8,35,P004,AI Insights Module,1,East,Offline,2,819.67,1639.34,701.88,937.46,16,0
3021,2025-08-30,2025,8,35,P001,Analytics Suite,0,West,Offline,8,500.87,4006.96,1559.28,2447.68,64,1
3022,2025-08-30,2025,8,35,P002,Dashboard Pro,0,West,Partner,13,300.98,3912.74,1529.58,2383.16,182,3
3023,2025-08-30,2025,8,35,P003,Data Connector Plus,0,West,Online,17,146.19,2485.23,1129.31,1355.92,136,3
3024,2025-08-30,2025,8,35,P004,AI Insights Module,1,West,Online,2,813.09,1626.18,640.1,986.08,24,0
3025,2025-08-31,2025,8,35,P001,Analytics Suite,0,North,Offline,8,508.27,4066.16,1551.12,2515.04,104,2
3026,2025-08-31,2025,8,35,P002,Dashboard Pro,0,North,Partner,11,302.6,3328.6,1556.83,1771.77,88,2
3027,2025-08-31,2025,8,35,P003,Data Connector Plus,0,North,Offline,18,150.89,2716.02,1252.26,1463.76,162,3
3028,2025-08-31,2025,8,35,P004,AI Insights Module,1,North,Offline,2,797.48,1594.96,640.12,954.84,24,0
3029,2025-08-31,2025,8,35,P001,Analytics Suite,0,South,Online,8,501.85,4014.8,1833.12,2181.68,88,1
3030,2025-08-31,2025,8,35,P002,Dashboard Pro,0,South,Offline,13,307.24,3994.12,1887.47,2106.65,156,3
3031,2025-08-31,2025,8,35,P003,Data Connector Plus,0,South,Offline,18,147.31,2651.58,1246.68,1404.9,162,4
3032,2025-08-31,2025,8,35,P004,AI Insights Module,1,South,Online,2,787.39,1574.78,720.42,854.36,20,0
3033,2025-08-31,2025,8,35,P001,Analytics Suite,0,East,Online,8,504.53,4036.24,1619.84,2416.4,80,2
3034,2025-08-31,2025,8,35,P002,Dashboard Pro,0,East,Online,13,296.49,3854.37,1804.4,2049.97,182,2
3035,2025-08-31,2025,8,35,P003,Data Connector Plus,0,East,Offline,21,145.88,3063.48,1428.21,1635.27,231,5
3036,2025-08-31,2025,8,35,P004,AI Insights Module,1,East,Offline,2,810.76,1621.52,705.02,916.5,24,0
3037,2025-08-31,2025,8,35,P001,Analytics Suite,0,West,Partner,9,510.71,4596.39,1836.36,2760.03,108,1
3038,2025-08-31,2025,8,35,P002,Dashboard Pro,0,West,Online,11,304.39,3348.29,1576.3,1771.99,154,3
3039,2025-08-31,2025,8,35,P003,Data Connector Plus,0,West,Offline,18,152.71,2748.78,1136.34,1612.44,180,4
3040,2025-08-31,2025,8,35,P004,AI Insights Module,1,West,Online,2,788.3,1576.6,669.9,906.7,20,0
3041,2025-09-01,2025,9,36,P001,Analytics Suite,0,North,Online,11,512.8,5640.8,2246.64,3394.16,132,2
3042,2025-09-01,2025,9,36,P002,Dashboard Pro,0,North,Online,20,299.73,5994.6,2472.6,3522.0,280,3
3043,2025-09-01,2025,9,36,P003,Data Connector Plus,0,North,Online,31,147.3,4566.3,1781.57,2784.73,372,6
3044,2025-09-01,2025,9,36,P004,AI Insights Module,1,North,Offline,4,822.82,3291.28,1560.52,1730.76,48,0
3045,2025-09-01,2025,9,36,P001,Analytics Suite,0,South,Online,14,484.6,6784.4,3055.78,3728.62,140,3
3046,2025-09-01,2025,9,36,P002,Dashboard Pro,0,South,Online,19,302.35,5744.65,2196.59,3548.06,247,4
3047,2025-09-01,2025,9,36,P003,Data Connector Plus,0,South,Offline,29,146.62,4251.98,1912.84,2339.14,290,5
3048,2025-09-01,2025,9,36,P004,AI Insights Module,1,South,Online,4,775.06,3100.24,1234.6,1865.64,36,1
3049,2025-09-01,2025,9,36,P001,Analytics Suite,0,East,Online,14,510.98,7153.72,2725.94,4427.78,112,3
3050,2025-09-01,2025,9,36,P002,Dashboard Pro,0,East,Online,21,302.58,6354.18,2485.14,3869.04,210,4
3051,2025-09-01,2025,9,36,P003,Data Connector Plus,0,East,Partner,32,146.17,4677.44,2083.52,2593.92,448,7
3052,2025-09-01,2025,9,36,P004,AI Insights Module,1,East,Offline,4,805.41,3221.64,1365.36,1856.28,32,0
3053,2025-09-01,2025,9,36,P001,Analytics Suite,0,West,Offline,14,487.02,6818.28,3166.8,3651.48,126,3
3054,2025-09-01,2025,9,36,P002,Dashboard Pro,0,West,Offline,20,306.73,6134.6,2744.6,3390.0,240,4
3055,2025-09-01,2025,9,36,P003,Data Connector Plus,0,West,Offline,33,150.49,4966.17,1891.89,3074.28,264,7
3056,2025-09-01,2025,9,36,P004,AI Insights Module,1,West,Partner,4,804.85,3219.4,1455.6,1763.8,56,0
3057,2025-09-02,2025,9,36,P001,Analytics Suite,0,North,Online,14,487.58,6826.12,3234.0,3592.12,126,3
3058,2025-09-02,2025,9,36,P002,Dashboard Pro,0,North,Offline,19,299.12,5683.28,2321.23,3362.05,266,3
3059,2025-09-02,2025,9,36,P003,Data Connector Plus,0,North,Online,29,150.01,4350.29,2083.94,2266.35,261,6
3060,2025-09-02,2025,9,36,P004,AI Insights Module,1,North,Partner,4,817.79,3271.16,1356.24,1914.92,40,1
3061,2025-09-02,2025,9,36,P001,Analytics Suite,0,South,Online,14,504.57,7063.98,2939.58,4124.4,112,2
3062,2025-09-02,2025,9,36,P002,Dashboard Pro,0,South,Offline,17,307.32,5224.44,1992.06,3232.38,204,3
3063,2025-09-02,2025,9,36,P003,Data Connector Plus,0,South,Partner,31,152.96,4741.76,1829.62,2912.14,372,7
3064,2025-09-02,2025,9,36,P004,AI Insights Module,1,South,Online,4,797.92,3191.68,1498.64,1693.04,52,1
3065,2025-09-02,2025,9,36,P001,Analytics Suite,0,East,Online,13,504.82,6562.66,2928.38,3634.28,117,3
3066,2025-09-02,2025,9,36,P002,Dashboard Pro,0,East,Partner,18,300.45,5408.1,2521.26,2886.84,180,3
3067,2025-09-02,2025,9,36,P003,Data Connector Plus,0,East,Offline,30,148.63,4458.9,1764.6,2694.3,420,6
3068,2025-09-02,2025,9,36,P004,AI Insights Module,1,East,Offline,4,805.37,3221.48,1383.04,1838.44,32,1
3069,2025-09-02,2025,9,36,P001,Analytics Suite,0,West,Online,12,487.92,5855.04,2286.84,3568.2,120,2
3070,2025-09-02,2025,9,36,P002,Dashboard Pro,0,West,Online,18,291.13,5240.34,2359.44,2880.9,216,3
3071,2025-09-02,2025,9,36,P003,Data Connector Plus,0,West,Partner,32,147.28,4712.96,1798.08,2914.88,256,8
3072,2025-09-02,2025,9,36,P004,AI Insights Module,1,West,Partner,4,805.86,3223.44,1443.04,1780.4,56,0
3073,2025-09-03,2025,9,36,P001,Analytics Suite,0,North,Offline,11,506.91,5576.01,2403.5,3172.51,121,2
3074,2025-09-03,2025,9,36,P002,Dashboard Pro,0,North,Online,18,306.23,5512.14,2339.46,3172.68,198,4
3075,2025-09-03,2025,9,36,P003,Data Connector Plus,0,North,Partner,31,144.59,4482.29,2132.49,2349.8,310,8
3076,2025-09-03,2025,9,36,P004,AI Insights Module,1,North,Partner,4,811.19,3244.76,1489.32,1755.44,48,0
3077,2025-09-03,2025,9,36,P001,Analytics Suite,0,South,Online,12,500.96,6011.52,2641.08,3370.44,108,2
3078,2025-09-03,2025,9,36,P002,Dashboard Pro,0,South,Online,19,293.03,5567.57,2249.41,3318.16,266,4
3079,2025-09-03,2025,9,36,P003,Data Connector Plus,0,South,Partner,33,151.66,5004.78,2130.81,2873.97,297,7
3080,2025-09-03,2025,9,36,P004,AI Insights Module,1,South,Partner,4,787.29,3149.16,1415.52,1733.64,32,0
3081,2025-09-03,2025,9,36,P001,Analytics Suite,0,East,Offline,14,487.46,6824.44,2703.96,4120.48,196,3
3082,2025-09-03,2025,9,36,P002,Dashboard Pro,0,East,Offline,20,293.28,5865.6,2287.0,3578.6,180,5
3083,2025-09-03,2025,9,36,P003,Data Connector Plus,0,East,Online,32,146.06,4673.92,2143.36,2530.56,384,7
3084,2025-09-03,2025,9,36,P004,AI Insights Module,1,East,Offline,4,809.68,3238.72,1261.32,1977.4,48,0
3085,2025-09-03,2025,9,36,P001,Analytics Suite,0,West,Offline,11,497.1,5468.1,2378.75,3089.35,110,2
3086,2025-09-03,2025,9,36,P002,Dashboard Pro,0,West,Offline,20,295.64,5912.8,2822.0,3090.8,260,3
3087,2025-09-03,2025,9,36,P003,Data Connector Plus,0,West,Offline,32,147.94,4734.08,1822.72,2911.36,416,8
3088,2025-09-03,2025,9,36,P004,AI Insights Module,1,West,Offline,4,786.36,3145.44,1415.24,1730.2,56,1
3089,2025-09-04,2025,9,36,P001,Analytics Suite,0,North,Offline,11,513.34,5646.74,2432.87,3213.87,99,2
3090,2025-09-04,2025,9,36,P002,Dashboard Pro,0,North,Online,21,304.45,6393.45,2983.26,3410.19,210,5
3091,2025-09-04,2025,9,36,P003,Data Connector Plus,0,North,Offline,34,145.76,4955.84,1963.84,2992.0,374,6
3092,2025-09-04,2025,9,36,P004,AI Insights Module,1,North,Offline,4,804.52,3218.08,1521.08,1697.0,52,1
3093,2025-09-04,2025,9,36,P001,Analytics Suite,0,South,Online,12,512.34,6148.08,2506.8,3641.28,96,2
3094,2025-09-04,2025,9,36,P002,Dashboard Pro,0,South,Online,18,293.82,5288.76,2464.74,2824.02,234,4
3095,2025-09-04,2025,9,36,P003,Data Connector Plus,0,South,Partner,27,153.24,4137.48,1821.42,2316.06,324,5
3096,2025-09-04,2025,9,36,P004,AI Insights Module,1,South,Offline,3,781.1,2343.3,920.34,1422.96,24,0
3097,2025-09-04,2025,9,36,P001,Analytics Suite,0,East,Offline,14,492.32,6892.48,2770.04,4122.44,126,2
3098,2025-09-04,2025,9,36,P002,Dashboard Pro,0,East,Partner,20,298.96,5979.2,2688.0,3291.2,180,3
3099,2025-09-04,2025,9,36,P003,Data Connector Plus,0,East,Partner,29,146.26,4241.54,1667.21,2574.33,406,5
3100,2025-09-04,2025,9,36,P004,AI Insights Module,1,East,Online,4,777.28,3109.12,1182.36,1926.76,36,1
3101,2025-09-04,2025,9,36,P001,Analytics Suite,0,West,Offline,11,505.44,5559.84,2357.41,3202.43,154,2
3102,2025-09-04,2025,9,36,P002,Dashboard Pro,0,West,Offline,19,300.52,5709.88,2245.23,3464.65,171,3
3103,2025-09-04,2025,9,36,P003,Data Connector Plus,0,West,Offline,27,145.98,3941.46,1766.88,2174.58,297,7
3104,2025-09-04,2025,9,36,P004,AI Insights Module,1,West,Online,4,778.58,3114.32,1372.84,1741.48,56,1
3105,2025-09-05,2025,9,36,P001,Analytics Suite,0,North,Offline,12,506.46,6077.52,2883.24,3194.28,96,2
3106,2025-09-05,2025,9,36,P002,Dashboard Pro,0,North,Offline,18,307.35,5532.3,2139.3,3393.0,180,3
3107,2025-09-05,2025,9,36,P003,Data Connector Plus,0,North,Offline,28,149.6,4188.8,1984.92,2203.88,252,6
3108,2025-09-05,2025,9,36,P004,AI Insights Module,1,North,Online,3,777.71,2333.13,1112.64,1220.49,30,0
3109,2025-09-05,2025,9,36,P001,Analytics Suite,0,South,Partner,14,495.8,6941.2,2903.6,4037.6,112,3
3110,2025-09-05,2025,9,36,P002,Dashboard Pro,0,South,Offline,21,291.54,6122.34,2548.14,3574.2,231,3
3111,2025-09-05,2025,9,36,P003,Data Connector Plus,0,South,Offline,31,151.49,4696.19,2092.5,2603.69,310,6
3112,2025-09-05,2025,9,36,P004,AI Insights Module,1,South,Offline,4,822.0,3288.0,1502.68,1785.32,48,1
3113,2025-09-05,2025,9,36,P001,Analytics Suite,0,East,Online,13,494.32,6426.16,2684.11,3742.05,156,2
3114,2025-09-05,2025,9,36,P002,Dashboard Pro,0,East,Online,18,293.06,5275.08,2066.58,3208.5,252,3
3115,2025-09-05,2025,9,36,P003,Data Connector Plus,0,East,Online,28,146.46,4100.88,1935.36,2165.52,252,7
3116,2025-09-05,2025,9,36,P004,AI Insights Module,1,East,Online,4,801.63,3206.52,1267.0,1939.52,52,0
3117,2025-09-05,2025,9,36,P001,Analytics Suite,0,West,Partner,14,503.08,7043.12,3193.96,3849.16,168,3
3118,2025-09-05,2025,9,36,P002,Dashboard Pro,0,West,Online,20,302.36,6047.2,2860.6,3186.6,240,3
3119,2025-09-05,2025,9,36,P003,Data Connector Plus,0,West,Offline,28,147.31,4124.68,1838.76,2285.92,224,6
3120,2025-09-05,2025,9,36,P004,AI Insights Module,1,West,Offline,4,785.61,3142.44,1269.36,1873.08,56,0
3121,2025-09-06,2025,9,36,P001,Analytics Suite,0,North,Partner,9,513.65,4622.85,2167.65,2455.2,81,2
3122,2025-09-06,2025,9,36,P002,Dashboard Pro,0,North,Online,12,294.26,3531.12,1677.0,1854.12,108,2
3123,2025-09-06,2025,9,36,P003,Data Connector Plus,0,North,Offline,20,145.22,2904.4,1350.0,1554.4,200,4
3124,2025-09-06,2025,9,36,P004,AI Insights Module,1,North,Offline,2,792.95,1585.9,739.6,846.3,20,0
3125,2025-09-06,2025,9,36,P001,Analytics Suite,0,South,Offline,8,504.68,4037.44,1667.76,2369.68,88,1
3126,2025-09-06,2025,9,36,P002,Dashboard Pro,0,South,Offline,13,306.08,3979.04,1799.2,2179.84,130,3
3127,2025-09-06,2025,9,36,P003,Data Connector Plus,0,South,Online,22,147.53,3245.66,1375.0,1870.66,198,5
3128,2025-09-06,2025,9,36,P004,AI Insights Module,1,South,Online,3,788.01,2364.03,1038.9,1325.13,39,0
3129,2025-09-06,2025,9,36,P001,Analytics Suite,0,East,Online,9,485.93,4373.37,1717.2,2656.17,90,1
3130,2025-09-06,2025,9,36,P002,Dashboard Pro,0,East,Offline,12,290.43,3485.16,1524.0,1961.16,96,3
3131,2025-09-06,2025,9,36,P003,Data Connector Plus,0,East,Online,22,152.73,3360.06,1550.56,1809.5,176,4
3132,2025-09-06,2025,9,36,P004,AI Insights Module,1,East,Offline,2,781.87,1563.74,684.24,879.5,20,0
3133,2025-09-06,2025,9,36,P001,Analytics Suite,0,West,Partner,9,489.47,4405.23,1679.94,2725.29,81,2
3134,2025-09-06,2025,9,36,P002,Dashboard Pro,0,West,Offline,12,294.33,3531.96,1690.8,1841.16,144,2
3135,2025-09-06,2025,9,36,P003,Data Connector Plus,0,West,Online,19,152.87,2904.53,1380.73,1523.8,247,4
3136,2025-09-06,2025,9,36,P004,AI Insights Module,1,West,Partner,2,786.91,1573.82,726.56,847.26,22,0
3137,2025-09-07,2025,9,36,P001,Analytics Suite,0,North,Offline,8,493.28,3946.24,1678.24,2268.0,64,1
3138,2025-09-07,2025,9,36,P002,Dashboard Pro,0,North,Online,13,298.24,3877.12,1823.64,2053.48,169,2
3139,2025-09-07,2025,9,36,P003,Data Connector Plus,0,North,Offline,20,151.06,3021.2,1396.4,1624.8,240,5
3140,2025-09-07,2025,9,36,P004,AI Insights Module,1,North,Online,2,780.79,1561.58,663.14,898.44,24,0
3141,2025-09-07,2025,9,36,P001,Analytics Suite,0,South,Online,8,493.56,3948.48,1883.2,2065.28,112,1
3142,2025-09-07,2025,9,36,P002,Dashboard Pro,0,South,Partner,14,297.8,4169.2,1776.32,2392.88,196,2
3143,2025-09-07,2025,9,36,P003,Data Connector Plus,0,South,Offline,20,152.49,3049.8,1310.6,1739.2,160,4
3144,2025-09-07,2025,9,36,P004,AI Insights Module,1,South,Offline,2,806.1,1612.2,724.12,888.08,16,0
3145,2025-09-07,2025,9,36,P001,Analytics Suite,0,East,Online,8,506.24,4049.92,1726.4,2323.52,88,1
3146,2025-09-07,2025,9,36,P002,Dashboard Pro,0,East,Online,12,302.26,3627.12,1548.12,2079.0,108,2
3147,2025-09-07,2025,9,36,P003,Data Connector Plus,0,East,Online,21,150.3,3156.3,1397.97,1758.33,294,4
3148,2025-09-07,2025,9,36,P004,AI Insights Module,1,East,Offline,2,796.09,1592.18,752.72,839.46,16,0
3149,2025-09-07,2025,9,36,P001,Analytics Suite,0,West,Online,8,503.74,4029.92,1902.4,2127.52,64,1
3150,2025-09-07,2025,9,36,P002,Dashboard Pro,0,West,Online,13,303.12,3940.56,1623.44,2317.12,117,3
3151,2025-09-07,2025,9,36,P003,Data Connector Plus,0,West,Online,22,145.6,3203.2,1289.86,1913.34,220,5
3152,2025-09-07,2025,9,36,P004,AI Insights Module,1,West,Online,3,811.91,2435.73,1054.44,1381.29,33,0
3153,2025-09-08,2025,9,37,P001,Analytics Suite,0,North,Partner,11,513.77,5651.47,2216.28,3435.19,99,2
3154,2025-09-08,2025,9,37,P002,Dashboard Pro,0,North,Offline,19,302.75,5752.25,2287.03,3465.22,209,4
3155,2025-09-08,2025,9,37,P003,Data Connector Plus,0,North,Offline,31,146.2,4532.2,1941.84,2590.36,434,6
3156,2025-09-08,2025,9,37,P004,AI Insights Module,1,North,Offline,4,792.94,3171.76,1488.6,1683.16,56,0
3157,2025-09-08,2025,9,37,P001,Analytics Suite,0,South,Online,12,491.05,5892.6,2647.68,3244.92,156,3
3158,2025-09-08,2025,9,37,P002,Dashboard Pro,0,South,Partner,18,301.08,5419.44,2388.78,3030.66,216,3
3159,2025-09-08,2025,9,37,P003,Data Connector Plus,0,South,Offline,29,148.76,4314.04,1998.1,2315.94,406,7
3160,2025-09-08,2025,9,37,P004,AI Insights Module,1,South,Offline,4,785.89,3143.56,1304.56,1839.0,48,0
3161,2025-09-08,2025,9,37,P001,Analytics Suite,0,East,Offline,12,511.2,6134.4,2359.08,3775.32,132,2
3162,2025-09-08,2025,9,37,P002,Dashboard Pro,0,East,Online,20,304.17,6083.4,2802.6,3280.8,240,5
3163,2025-09-08,2025,9,37,P003,Data Connector Plus,0,East,Online,28,144.87,4056.36,1604.68,2451.68,224,5
3164,2025-09-08,2025,9,37,P004,AI Insights Module,1,East,Partner,4,820.68,3282.72,1540.56,1742.16,36,0
3165,2025-09-08,2025,9,37,P001,Analytics Suite,0,West,Offline,13,512.83,6666.79,2862.08,3804.71,182,3
3166,2025-09-08,2025,9,37,P002,Dashboard Pro,0,West,Offline,20,306.59,6131.8,2857.2,3274.6,240,5
3167,2025-09-08,2025,9,37,P003,Data Connector Plus,0,West,Offline,30,147.43,4422.9,1744.8,2678.1,270,8
3168,2025-09-08,2025,9,37,P004,AI Insights Module,1,West,Partner,4,822.11,3288.44,1562.76,1725.68,36,1
3169,2025-09-09,2025,9,37,P001,Analytics Suite,0,North,Offline,13,503.03,6539.39,2650.96,3888.43,130,2
3170,2025-09-09,2025,9,37,P002,Dashboard Pro,0,North,Offline,20,302.06,6041.2,2729.0,3312.2,180,4
3171,2025-09-09,2025,9,37,P003,Data Connector Plus,0,North,Online,32,152.22,4871.04,2048.32,2822.72,320,6
3172,2025-09-09,2025,9,37,P004,AI Insights Module,1,North,Partner,4,804.65,3218.6,1342.68,1875.92,36,0
3173,2025-09-09,2025,9,37,P001,Analytics Suite,0,South,Offline,12,508.97,6107.64,2613.36,3494.28,156,3
3174,2025-09-09,2025,9,37,P002,Dashboard Pro,0,South,Offline,17,301.65,5128.05,2152.2,2975.85,170,4
3175,2025-09-09,2025,9,37,P003,Data Connector Plus,0,South,Online,29,151.93,4405.97,1813.08,2592.89,377,7
3176,2025-09-09,2025,9,37,P004,AI Insights Module,1,South,Offline,4,812.05,3248.2,1282.56,1965.64,40,1
3177,2025-09-09,2025,9,37,P001,Analytics Suite,0,East,Online,11,507.23,5579.53,2152.26,3427.27,143,2
3178,2025-09-09,2025,9,37,P002,Dashboard Pro,0,East,Offline,20,294.14,5882.8,2621.8,3261.0,220,4
3179,2025-09-09,2025,9,37,P003,Data Connector Plus,0,East,Offline,29,147.01,4263.29,1755.66,2507.63,290,6
3180,2025-09-09,2025,9,37,P004,AI Insights Module,1,East,Offline,4,819.94,3279.76,1274.68,2005.08,40,1
3181,2025-09-09,2025,9,37,P001,Analytics Suite,0,West,Offline,12,486.35,5836.2,2417.52,3418.68,156,2
3182,2025-09-09,2025,9,37,P002,Dashboard Pro,0,West,Online,17,306.77,5215.09,2177.87,3037.22,221,4
3183,2025-09-09,2025,9,37,P003,Data Connector Plus,0,West,Offline,31,148.56,4605.36,1835.2,2770.16,434,7
3184,2025-09-09,2025,9,37,P004,AI Insights Module,1,West,Online,3,781.6,2344.8,1119.96,1224.84,33,0
3185,2025-09-10,2025,9,37,P001,Analytics Suite,0,North,Offline,11,509.98,5609.78,2540.67,3069.11,99,2
3186,2025-09-10,2025,9,37,P002,Dashboard Pro,0,North,Offline,18,306.91,5524.38,2494.98,3029.4,252,4
3187,2025-09-10,2025,9,37,P003,Data Connector Plus,0,North,Offline,31,148.67,4608.77,1938.43,2670.34,341,7
3188,2025-09-10,2025,9,37,P004,AI Insights Module,1,North,Online,4,785.37,3141.48,1474.36,1667.12,44,0
3189,2025-09-10,2025,9,37,P001,Analytics Suite,0,South,Online,14,513.52,7189.28,3200.68,3988.6,154,3
3190,2025-09-10,2025,9,37,P002,Dashboard Pro,0,South,Offline,17,307.24,5223.08,2264.06,2959.02,204,3
3191,2025-09-10,2025,9,37,P003,Data Connector Plus,0,South,Partner,31,147.68,4578.08,2170.31,2407.77,279,7
3192,2025-09-10,2025,9,37,P004,AI Insights Module,1,South,Online,4,808.51,3234.04,1423.84,1810.2,32,0
3193,2025-09-10,2025,9,37,P001,Analytics Suite,0,East,Online,12,493.27,5919.24,2647.2,3272.04,144,3
3194,2025-09-10,2025,9,37,P002,Dashboard Pro,0,East,Online,20,293.29,5865.8,2322.0,3543.8,160,4
3195,2025-09-10,2025,9,37,P003,Data Connector Plus,0,East,Online,29,144.74,4197.46,1753.63,2443.83,406,8
3196,2025-09-10,2025,9,37,P004,AI Insights Module,1,East,Partner,4,796.9,3187.6,1213.48,1974.12,44,0
3197,2025-09-10,2025,9,37,P001,Analytics Suite,0,West,Offline,12,513.02,6156.24,2529.72,3626.52,120,2
3198,2025-09-10,2025,9,37,P002,Dashboard Pro,0,West,Offline,19,297.22,5647.18,2400.08,3247.1,228,4
3199,2025-09-10,2025,9,37,P003,Data Connector Plus,0,West,Online,34,148.28,5041.52,2130.78,2910.74,340,9
3200,2025-09-10,2025,9,37,P004,AI Insights Module,1,West,Online,4,790.88,3163.52,1313.8,1849.72,36,0
3201,2025-09-11,2025,9,37,P001,Analytics Suite,0,North,Offline,13,485.16,6307.08,2753.01,3554.07,130,3
3202,2025-09-11,2025,9,37,P002,Dashboard Pro,0,North,Online,21,297.95,6256.95,2731.47,3525.48,273,4
3203,2025-09-11,2025,9,37,P003,Data Connector Plus,0,North,Online,31,147.93,4585.83,2061.19,2524.64,248,7
3204,2025-09-11,2025,9,37,P004,AI Insights Module,1,North,Online,4,783.62,3134.48,1356.92,1777.56,36,0
3205,2025-09-11,2025,9,37,P001,Analytics Suite,0,South,Online,13,496.8,6458.4,3005.34,3453.06,104,3
3206,2025-09-11,2025,9,37,P002,Dashboard Pro,0,South,Offline,21,301.17,6324.57,2886.24,3438.33,252,5
3207,2025-09-11,2025,9,37,P003,Data Connector Plus,0,South,Offline,29,147.05,4264.45,1747.83,2516.62,261,6
3208,2025-09-11,2025,9,37,P004,AI Insights Module,1,South,Partner,4,818.23,3272.92,1316.16,1956.76,52,1
3209,2025-09-11,2025,9,37,P001,Analytics Suite,0,East,Online,14,507.73,7108.22,2982.28,4125.94,112,3
3210,2025-09-11,2025,9,37,P002,Dashboard Pro,0,East,Online,20,303.54,6070.8,2880.4,3190.4,260,4
3211,2025-09-11,2025,9,37,P003,Data Connector Plus,0,East,Offline,31,147.08,4559.48,2132.49,2426.99,310,6
3212,2025-09-11,2025,9,37,P004,AI Insights Module,1,East,Offline,4,807.44,3229.76,1282.64,1947.12,48,0
3213,2025-09-11,2025,9,37,P001,Analytics Suite,0,West,Online,13,499.02,6487.26,2774.59,3712.67,169,3
3214,2025-09-11,2025,9,37,P002,Dashboard Pro,0,West,Offline,22,302.03,6644.66,3111.24,3533.42,308,5
3215,2025-09-11,2025,9,37,P003,Data Connector Plus,0,West,Online,34,145.42,4944.28,2372.18,2572.1,272,8
3216,2025-09-11,2025,9,37,P004,AI Insights Module,1,West,Online,4,777.96,3111.84,1331.48,1780.36,56,0
3217,2025-09-12,2025,9,37,P001,Analytics Suite,0,North,Offline,12,510.95,6131.4,2505.96,3625.44,108,3
3218,2025-09-12,2025,9,37,P002,Dashboard Pro,0,North,Offline,19,296.07,5625.33,2620.86,3004.47,171,3
3219,2025-09-12,2025,9,37,P003,Data Connector Plus,0,North,Online,28,144.91,4057.48,1886.08,2171.4,308,6
3220,2025-09-12,2025,9,37,P004,AI Insights Module,1,North,Online,3,809.72,2429.16,1122.99,1306.17,24,0
3221,2025-09-12,2025,9,37,P001,Analytics Suite,0,South,Online,13,494.68,6430.84,2574.91,3855.93,104,3
3222,2025-09-12,2025,9,37,P002,Dashboard Pro,0,South,Online,19,297.09,5644.71,2480.83,3163.88,247,3
3223,2025-09-12,2025,9,37,P003,Data Connector Plus,0,South,Offline,31,150.14,4654.34,2027.09,2627.25,248,6
3224,2025-09-12,2025,9,37,P004,AI Insights Module,1,South,Offline,4,819.26,3277.04,1330.84,1946.2,32,0
3225,2025-09-12,2025,9,37,P001,Analytics Suite,0,East,Online,12,491.8,5901.6,2373.24,3528.36,132,2
3226,2025-09-12,2025,9,37,P002,Dashboard Pro,0,East,Online,21,299.91,6298.11,2580.06,3718.05,189,4
3227,2025-09-12,2025,9,37,P003,Data Connector Plus,0,East,Offline,33,145.94,4816.02,1846.35,2969.67,297,6
3228,2025-09-12,2025,9,37,P004,AI Insights Module,1,East,Online,4,789.06,3156.24,1406.44,1749.8,36,0
3229,2025-09-12,2025,9,37,P001,Analytics Suite,0,West,Offline,12,497.53,5970.36,2711.4,3258.96,144,2
3230,2025-09-12,2025,9,37,P002,Dashboard Pro,0,West,Offline,20,304.05,6081.0,2330.6,3750.4,160,5
3231,2025-09-12,2025,9,37,P003,Data Connector Plus,0,West,Offline,34,150.35,5111.9,2233.46,2878.44,306,7
3232,2025-09-12,2025,9,37,P004,AI Insights Module,1,West,Online,4,821.02,3284.08,1462.68,1821.4,56,0
3233,2025-09-13,2025,9,37,P001,Analytics Suite,0,North,Online,9,497.15,4474.35,1818.18,2656.17,99,2
3234,2025-09-13,2025,9,37,P002,Dashboard Pro,0,North,Online,12,305.13,3661.56,1587.84,2073.72,108,3
3235,2025-09-13,2025,9,37,P003,Data Connector Plus,0,North,Online,19,144.95,2754.05,1214.48,1539.57,228,3
3236,2025-09-13,2025,9,37,P004,AI Insights Module,1,North,Offline,2,783.72,1567.44,732.34,835.1,26,0
3237,2025-09-13,2025,9,37,P001,Analytics Suite,0,South,Offline,7,490.05,3430.35,1517.46,1912.89,63,1
3238,2025-09-13,2025,9,37,P002,Dashboard Pro,0,South,Online,11,292.44,3216.84,1291.73,1925.11,88,2
3239,2025-09-13,2025,9,37,P003,Data Connector Plus,0,South,Online,18,146.49,2636.82,1118.34,1518.48,198,4
3240,2025-09-13,2025,9,37,P004,AI Insights Module,1,South,Offline,2,818.22,1636.44,774.5,861.94,20,0
3241,2025-09-13,2025,9,37,P001,Analytics Suite,0,East,Offline,9,488.28,4394.52,1822.59,2571.93,108,2
3242,2025-09-13,2025,9,37,P002,Dashboard Pro,0,East,Online,12,303.46,3641.52,1518.6,2122.92,156,2
3243,2025-09-13,2025,9,37,P003,Data Connector Plus,0,East,Online,22,146.08,3213.76,1399.86,1813.9,264,4
3244,2025-09-13,2025,9,37,P004,AI Insights Module,1,East,Online,2,786.3,1572.6,741.94,830.66,26,0
3245,2025-09-13,2025,9,37,P001,Analytics Suite,0,West,Offline,7,500.2,3501.4,1534.12,1967.28,98,1
3246,2025-09-13,2025,9,37,P002,Dashboard Pro,0,West,Online,14,303.85,4253.9,1685.88,2568.02,182,2
3247,2025-09-13,2025,9,37,P003,Data Connector Plus,0,West,Partner,21,147.15,3090.15,1309.98,1780.17,168,5
3248,2025-09-13,2025,9,37,P004,AI Insights Module,1,West,Offline,2,814.88,1629.76,694.7,935.06,24,0
3249,2025-09-14,2025,9,37,P001,Analytics Suite,0,North,Offline,7,511.5,3580.5,1537.9,2042.6,91,1
3250,2025-09-14,2025,9,37,P002,Dashboard Pro,0,North,Offline,12,301.19,3614.28,1439.52,2174.76,168,2
3251,2025-09-14,2025,9,37,P003,Data Connector Plus,0,North,Online,19,150.25,2854.75,1347.67,1507.08,266,3
3252,2025-09-14,2025,9,37,P004,AI Insights Module,1,North,Online,2,805.18,1610.36,761.88,848.48,28,0
3253,2025-09-14,2025,9,37,P001,Analytics Suite,0,South,Partner,8,485.23,3881.84,1742.24,2139.6,112,1
3254,2025-09-14,2025,9,37,P002,Dashboard Pro,0,South,Online,13,295.08,3836.04,1735.76,2100.28,156,2
3255,2025-09-14,2025,9,37,P003,Data Connector Plus,0,South,Online,18,146.76,2641.68,1207.08,1434.6,216,3
3256,2025-09-14,2025,9,37,P004,AI Insights Module,1,South,Online,2,781.26,1562.52,612.38,950.14,16,0
3257,2025-09-14,2025,9,37,P001,Analytics Suite,0,East,Online,8,491.09,3928.72,1710.08,2218.64,104,2
3258,2025-09-14,2025,9,37,P002,Dashboard Pro,0,East,Partner,13,290.93,3782.09,1609.01,2173.08,104,2
3259,2025-09-14,2025,9,37,P003,Data Connector Plus,0,East,Online,21,147.13,3089.73,1462.23,1627.5,273,5
3260,2025-09-14,2025,9,37,P004,AI Insights Module,1,East,Offline,2,803.21,1606.42,722.0,884.42,20,0
3261,2025-09-14,2025,9,37,P001,Analytics Suite,0,West,Offline,8,510.55,4084.4,1593.76,2490.64,88,1
3262,2025-09-14,2025,9,37,P002,Dashboard Pro,0,West,Offline,14,306.99,4297.86,1727.88,2569.98,126,3
3263,2025-09-14,2025,9,37,P003,Data Connector Plus,0,West,Online,18,147.75,2659.5,1040.58,1618.92,162,3
3264,2025-09-14,2025,9,37,P004,AI Insights Module,1,West,Online,2,807.87,1615.74,675.78,939.96,26,0
3265,2025-09-15,2025,9,38,P001,Analytics Suite,0,North,Online,14,506.19,7086.66,3271.52,3815.14,168,2
3266,2025-09-15,2025,9,38,P002,Dashboard Pro,0,North,Partner,18,295.45,5318.1,2030.76,3287.34,252,4
3267,2025-09-15,2025,9,38,P003,Data Connector Plus,0,North,Offline,30,149.08,4472.4,1704.9,2767.5,300,6
3268,2025-09-15,2025,9,38,P004,AI Insights Module,1,North,Online,4,775.52,3102.08,1295.92,1806.16,52,0
3269,2025-09-15,2025,9,38,P001,Analytics Suite,0,South,Partner,12,502.36,6028.32,2765.76,3262.56,108,2
3270,2025-09-15,2025,9,38,P002,Dashboard Pro,0,South,Online,18,302.62,5447.16,2415.6,3031.56,198,3
3271,2025-09-15,2025,9,38,P003,Data Connector Plus,0,South,Online,34,149.87,5095.58,2072.98,3022.6,306,7
3272,2025-09-15,2025,9,38,P004,AI Insights Module,1,South,Online,4,790.32,3161.28,1380.6,1780.68,40,0
3273,2025-09-15,2025,9,38,P001,Analytics Suite,0,East,Offline,11,495.99,5455.89,2514.93,2940.96,99,2
3274,2025-09-15,2025,9,38,P002,Dashboard Pro,0,East,Partner,20,300.3,6006.0,2638.2,3367.8,180,3
3275,2025-09-15,2025,9,38,P003,Data Connector Plus,0,East,Partner,29,152.26,4415.54,1774.22,2641.32,319,5
3276,2025-09-15,2025,9,38,P004,AI Insights Module,1,East,Offline,4,811.34,3245.36,1308.72,1936.64,44,0
3277,2025-09-15,2025,9,38,P001,Analytics Suite,0,West,Offline,13,508.35,6608.55,3057.6,3550.95,117,3
3278,2025-09-15,2025,9,38,P002,Dashboard Pro,0,West,Online,20,307.14,6142.8,2381.0,3761.8,220,4
3279,2025-09-15,2025,9,38,P003,Data Connector Plus,0,West,Offline,31,144.77,4487.87,1749.02,2738.85,310,6
3280,2025-09-15,2025,9,38,P004,AI Insights Module,1,West,Offline,3,806.42,2419.26,929.88,1489.38,24,0
3281,2025-09-16,2025,9,38,P001,Analytics Suite,0,North,Partner,14,490.75,6870.5,3173.38,3697.12,112,2
3282,2025-09-16,2025,9,38,P002,Dashboard Pro,0,North,Offline,21,291.72,6126.12,2374.68,3751.44,294,5
3283,2025-09-16,2025,9,38,P003,Data Connector Plus,0,North,Online,30,152.68,4580.4,1987.2,2593.2,300,8
3284,2025-09-16,2025,9,38,P004,AI Insights Module,1,North,Partner,4,800.72,3202.88,1503.32,1699.56,40,0
3285,2025-09-16,2025,9,38,P001,Analytics Suite,0,South,Online,13,499.92,6498.96,2507.57,3991.39,156,2
3286,2025-09-16,2025,9,38,P002,Dashboard Pro,0,South,Offline,18,292.43,5263.74,2022.66,3241.08,144,3
3287,2025-09-16,2025,9,38,P003,Data Connector Plus,0,South,Partner,31,149.02,4619.62,2050.34,2569.28,341,7
3288,2025-09-16,2025,9,38,P004,AI Insights Module,1,South,Offline,4,800.0,3200.0,1420.08,1779.92,44,0
3289,2025-09-16,2025,9,38,P001,Analytics Suite,0,East,Offline,14,506.45,7090.3,3116.68,3973.62,112,3
3290,2025-09-16,2025,9,38,P002,Dashboard Pro,0,East,Online,18,301.84,5433.12,2453.04,2980.08,162,4
3291,2025-09-16,2025,9,38,P003,Data Connector Plus,0,East,Online,28,145.2,4065.6,1825.6,2240.0,280,5
3292,2025-09-16,2025,9,38,P004,AI Insights Module,1,East,Online,4,787.16,3148.64,1285.08,1863.56,32,0
3293,2025-09-16,2025,9,38,P001,Analytics Suite,0,West,Offline,13,510.38,6634.94,3095.82,3539.12,169,2
3294,2025-09-16,2025,9,38,P002,Dashboard Pro,0,West,Offline,21,298.04,6258.84,2746.38,3512.46,231,5
3295,2025-09-16,2025,9,38,P003,Data Connector Plus,0,West,Offline,31,149.67,4639.77,1837.68,2802.09,403,7
3296,2025-09-16,2025,9,38,P004,AI Insights Module,1,West,Online,3,801.38,2404.14,1015.08,1389.06,33,0
3297,2025-09-17,2025,9,38,P001,Analytics Suite,0,North,Online,13,489.06,6357.78,2637.05,3720.73,104,2
3298,2025-09-17,2025,9,38,P002,Dashboard Pro,0,North,Offline,18,296.07,5329.26,2490.3,2838.96,162,3
3299,2025-09-17,2025,9,38,P003,Data Connector Plus,0,North,Online,31,147.45,4570.95,2142.1,2428.85,279,8
3300,2025-09-17,2025,9,38,P004,AI Insights Module,1,North,Online,4,775.12,3100.48,1228.36,1872.12,52,0
3301,2025-09-17,2025,9,38,P001,Analytics Suite,0,South,Offline,14,489.15,6848.1,3021.06,3827.04,196,2
3302,2025-09-17,2025,9,38,P002,Dashboard Pro,0,South,Online,19,302.54,5748.26,2619.15,3129.11,209,5
3303,2025-09-17,2025,9,38,P003,Data Connector Plus,0,South,Offline,33,146.12,4821.96,2257.53,2564.43,297,7
3304,2025-09-17,2025,9,38,P004,AI Insights Module,1,South,Partner,4,807.3,3229.2,1296.36,1932.84,36,0
3305,2025-09-17,2025,9,38,P001,Analytics Suite,0,East,Online,14,486.52,6811.28,3189.9,3621.38,112,3
3306,2025-09-17,2025,9,38,P002,Dashboard Pro,0,East,Offline,21,303.49,6373.29,2675.19,3698.1,189,3
3307,2025-09-17,2025,9,38,P003,Data Connector Plus,0,East,Offline,30,147.25,4417.5,2108.4,2309.1,240,5
3308,2025-09-17,2025,9,38,P004,AI Insights Module,1,East,Online,4,812.96,3251.84,1468.84,1783.0,36,0
3309,2025-09-17,2025,9,38,P001,Analytics Suite,0,West,Offline,13,509.45,6622.85,2748.07,3874.78,117,2
3310,2025-09-17,2025,9,38,P002,Dashboard Pro,0,West,Online,20,303.1,6062.0,2500.8,3561.2,220,5
3311,2025-09-17,2025,9,38,P003,Data Connector Plus,0,West,Online,32,150.79,4825.28,2071.36,2753.92,352,6
3312,2025-09-17,2025,9,38,P004,AI Insights Module,1,West,Offline,3,811.25,2433.75,1066.47,1367.28,42,0
3313,2025-09-18,2025,9,38,P001,Analytics Suite,0,North,Online,14,500.14,7001.96,3230.22,3771.74,182,2
3314,2025-09-18,2025,9,38,P002,Dashboard Pro,0,North,Offline,17,292.32,4969.44,1946.5,3022.94,187,4
3315,2025-09-18,2025,9,38,P003,Data Connector Plus,0,North,Offline,32,147.68,4725.76,2199.04,2526.72,384,7
3316,2025-09-18,2025,9,38,P004,AI Insights Module,1,North,Offline,4,789.36,3157.44,1431.72,1725.72,36,0
3317,2025-09-18,2025,9,38,P001,Analytics Suite,0,South,Offline,13,505.94,6577.22,2741.83,3835.39,143,3
3318,2025-09-18,2025,9,38,P002,Dashboard Pro,0,South,Online,19,296.93,5641.67,2343.46,3298.21,266,4
3319,2025-09-18,2025,9,38,P003,Data Connector Plus,0,South,Online,28,148.54,4159.12,1827.28,2331.84,336,7
3320,2025-09-18,2025,9,38,P004,AI Insights Module,1,South,Offline,4,790.67,3162.68,1339.44,1823.24,52,0
3321,2025-09-18,2025,9,38,P001,Analytics Suite,0,East,Partner,14,506.13,7085.82,3303.16,3782.66,168,2
3322,2025-09-18,2025,9,38,P002,Dashboard Pro,0,East,Offline,18,298.55,5373.9,2269.44,3104.46,198,5
3323,2025-09-18,2025,9,38,P003,Data Connector Plus,0,East,Offline,29,151.36,4389.44,1880.65,2508.79,319,6
3324,2025-09-18,2025,9,38,P004,AI Insights Module,1,East,Online,4,803.57,3214.28,1381.52,1832.76,52,0
3325,2025-09-18,2025,9,38,P001,Analytics Suite,0,West,Online,13,509.5,6623.5,2566.72,4056.78,130,3
3326,2025-09-18,2025,9,38,P002,Dashboard Pro,0,West,Partner,21,304.42,6392.82,2691.99,3700.83,168,4
3327,2025-09-18,2025,9,38,P003,Data Connector Plus,0,West,Offline,33,149.17,4922.61,2066.79,2855.82,297,7
3328,2025-09-18,2025,9,38,P004,AI Insights Module,1,West,Online,4,780.15,3120.6,1368.16,1752.44,56,0
3329,2025-09-19,2025,9,38,P001,Analytics Suite,0,North,Offline,12,484.33,5811.96,2580.48,3231.48,156,3
3330,2025-09-19,2025,9,38,P002,Dashboard Pro,0,North,Online,21,295.89,6213.69,2912.7,3300.99,294,3
3331,2025-09-19,2025,9,38,P003,Data Connector Plus,0,North,Online,30,153.12,4593.6,1878.6,2715.0,330,7
3332,2025-09-19,2025,9,38,P004,AI Insights Module,1,North,Online,3,815.29,2445.87,1133.31,1312.56,36,0
3333,2025-09-19,2025,9,38,P001,Analytics Suite,0,South,Offline,11,490.66,5397.26,2360.27,3036.99,132,2
3334,2025-09-19,2025,9,38,P002,Dashboard Pro,0,South,Offline,20,290.77,5815.4,2683.6,3131.8,260,4
3335,2025-09-19,2025,9,38,P003,Data Connector Plus,0,South,Online,31,151.12,4684.72,2128.46,2556.26,434,5
3336,2025-09-19,2025,9,38,P004,AI Insights Module,1,South,Online,4,822.21,3288.84,1554.12,1734.72,36,0
3337,2025-09-19,2025,9,38,P001,Analytics Suite,0,East,Online,12,484.41,5812.92,2604.0,3208.92,96,3
3338,2025-09-19,2025,9,38,P002,Dashboard Pro,0,East,Offline,21,297.27,6242.67,2858.31,3384.36,294,4
3339,2025-09-19,2025,9,38,P003,Data Connector Plus,0,East,Partner,28,152.68,4275.04,1749.72,2525.32,308,6
3340,2025-09-19,2025,9,38,P004,AI Insights Module,1,East,Offline,4,784.21,3136.84,1400.6,1736.24,48,1
3341,2025-09-19,2025,9,38,P001,Analytics Suite,0,West,Online,12,497.47,5969.64,2554.92,3414.72,168,3
3342,2025-09-19,2025,9,38,P002,Dashboard Pro,0,West,Offline,17,292.15,4966.55,2323.39,2643.16,187,4
3343,2025-09-19,2025,9,38,P003,Data Connector Plus,0,West,Online,27,150.17,4054.59,1901.07,2153.52,270,5
3344,2025-09-19,2025,9,38,P004,AI Insights Module,1,West,Online,4,819.08,3276.32,1288.08,1988.24,40,0
3345,2025-09-20,2025,9,38,P001,Analytics Suite,0,North,Offline,7,498.52,3489.64,1521.03,1968.61,77,1
3346,2025-09-20,2025,9,38,P002,Dashboard Pro,0,North,Online,13,296.74,3857.62,1611.61,2246.01,104,3
3347,2025-09-20,2025,9,38,P003,Data Connector Plus,0,North,Online,18,147.42,2653.56,1124.1,1529.46,216,4
3348,2025-09-20,2025,9,38,P004,AI Insights Module,1,North,Online,2,795.43,1590.86,633.28,957.58,28,0
3349,2025-09-20,2025,9,38,P001,Analytics Suite,0,South,Offline,8,490.48,3923.84,1606.8,2317.04,104,2
3350,2025-09-20,2025,9,38,P002,Dashboard Pro,0,South,Partner,12,295.54,3546.48,1539.6,2006.88,120,2
3351,2025-09-20,2025,9,38,P003,Data Connector Plus,0,South,Offline,19,149.87,2847.53,1130.69,1716.84,190,5
3352,2025-09-20,2025,9,38,P004,AI Insights Module,1,South,Online,3,800.65,2401.95,1112.22,1289.73,33,0
3353,2025-09-20,2025,9,38,P001,Analytics Suite,0,East,Online,8,505.85,4046.8,1821.68,2225.12,72,2
3354,2025-09-20,2025,9,38,P002,Dashboard Pro,0,East,Online,13,290.09,3771.17,1681.29,2089.88,117,3
3355,2025-09-20,2025,9,38,P003,Data Connector Plus,0,East,Offline,22,145.14,3193.08,1288.98,1904.1,242,5
3356,2025-09-20,2025,9,38,P004,AI Insights Module,1,East,Offline,2,821.53,1643.06,751.28,891.78,22,0
3357,2025-09-20,2025,9,38,P001,Analytics Suite,0,West,Online,8,491.41,3931.28,1773.92,2157.36,80,1
3358,2025-09-20,2025,9,38,P002,Dashboard Pro,0,West,Offline,12,293.28,3519.36,1577.16,1942.2,108,2
3359,2025-09-20,2025,9,38,P003,Data Connector Plus,0,West,Online,21,147.32,3093.72,1277.01,1816.71,252,4
3360,2025-09-20,2025,9,38,P004,AI Insights Module,1,West,Online,2,778.22,1556.44,673.8,882.64,16,0
3361,2025-09-21,2025,9,38,P001,Analytics Suite,0,North,Online,8,501.97,4015.76,1649.36,2366.4,88,1
3362,2025-09-21,2025,9,38,P002,Dashboard Pro,0,North,Online,13,301.49,3919.37,1606.02,2313.35,117,3
3363,2025-09-21,2025,9,38,P003,Data Connector Plus,0,North,Online,21,152.16,3195.36,1466.43,1728.93,294,4
3364,2025-09-21,2025,9,38,P004,AI Insights Module,1,North,Offline,2,789.43,1578.86,672.5,906.36,24,0
3365,2025-09-21,2025,9,38,P001,Analytics Suite,0,South,Online,9,502.08,4518.72,1937.79,2580.93,81,2
3366,2025-09-21,2025,9,38,P002,Dashboard Pro,0,South,Online,12,292.27,3507.24,1639.2,1868.04,96,2
3367,2025-09-21,2025,9,38,P003,Data Connector Plus,0,South,Offline,18,151.91,2734.38,1307.16,1427.22,216,4
3368,2025-09-21,2025,9,38,P004,AI Insights Module,1,South,Offline,2,797.77,1595.54,735.88,859.66,18,0
3369,2025-09-21,2025,9,38,P001,Analytics Suite,0,East,Offline,8,489.24,3913.92,1491.04,2422.88,72,2
3370,2025-09-21,2025,9,38,P002,Dashboard Pro,0,East,Online,12,295.7,3548.4,1391.76,2156.64,108,2
3371,2025-09-21,2025,9,38,P003,Data Connector Plus,0,East,Online,19,151.97,2887.43,1307.77,1579.66,190,4
3372,2025-09-21,2025,9,38,P004,AI Insights Module,1,East,Online,3,799.57,2398.71,1118.64,1280.07,36,0
3373,2025-09-21,2025,9,38,P001,Analytics Suite,0,West,Online,8,489.66,3917.28,1683.12,2234.16,88,2
3374,2025-09-21,2025,9,38,P002,Dashboard Pro,0,West,Online,12,296.83,3561.96,1495.08,2066.88,168,3
3375,2025-09-21,2025,9,38,P003,Data Connector Plus,0,West,Offline,22,146.54,3223.88,1414.6,1809.28,198,5
3376,2025-09-21,2025,9,38,P004,AI Insights Module,1,West,Offline,3,805.19,2415.57,930.63,1484.94,30,0
3377,2025-09-22,2025,9,39,P001,Analytics Suite,0,North,Online,13,484.9,6303.7,2730.91,3572.79,104,3
3378,2025-09-22,2025,9,39,P002,Dashboard Pro,0,North,Offline,19,300.39,5707.41,2644.04,3063.37,171,4
3379,2025-09-22,2025,9,39,P003,Data Connector Plus,0,North,Online,29,145.38,4216.02,1774.8,2441.22,348,6
3380,2025-09-22,2025,9,39,P004,AI Insights Module,1,North,Online,4,783.19,3132.76,1421.04,1711.72,40,0
3381,2025-09-22,2025,9,39,P001,Analytics Suite,0,South,Partner,13,502.57,6533.41,2920.45,3612.96,182,3
3382,2025-09-22,2025,9,39,P002,Dashboard Pro,0,South,Offline,20,297.89,5957.8,2754.8,3203.0,200,5
3383,2025-09-22,2025,9,39,P003,Data Connector Plus,0,South,Online,29,150.88,4375.52,1717.96,2657.56,348,6
3384,2025-09-22,2025,9,39,P004,AI Insights Module,1,South,Online,3,803.43,2410.29,1022.22,1388.07,24,0
3385,2025-09-22,2025,9,39,P001,Analytics Suite,0,East,Partner,13,502.27,6529.51,2893.41,3636.1,182,2
3386,2025-09-22,2025,9,39,P002,Dashboard Pro,0,East,Online,18,299.52,5391.36,2537.82,2853.54,216,4
3387,2025-09-22,2025,9,39,P003,Data Connector Plus,0,East,Online,27,144.66,3905.82,1691.01,2214.81,324,7
3388,2025-09-22,2025,9,39,P004,AI Insights Module,1,East,Online,4,790.79,3163.16,1453.4,1709.76,40,0
3389,2025-09-22,2025,9,39,P001,Analytics Suite,0,West,Offline,13,510.19,6632.47,3171.74,3460.73,143,2
3390,2025-09-22,2025,9,39,P002,Dashboard Pro,0,West,Online,18,293.93,5290.74,2276.46,3014.28,216,4
3391,2025-09-22,2025,9,39,P003,Data Connector Plus,0,West,Online,33,145.55,4803.15,2117.94,2685.21,297,9
3392,2025-09-22,2025,9,39,P004,AI Insights Module,1,West,Partner,4,778.85,3115.4,1363.44,1751.96,40,1
3393,2025-09-23,2025,9,39,P001,Analytics Suite,0,North,Offline,11,507.83,5586.13,2662.44,2923.69,154,2
3394,2025-09-23,2025,9,39,P002,Dashboard Pro,0,North,Online,20,293.02,5860.4,2565.2,3295.2,220,4
3395,2025-09-23,2025,9,39,P003,Data Connector Plus,0,North,Partner,28,152.23,4262.44,1708.28,2554.16,336,7
3396,2025-09-23,2025,9,39,P004,AI Insights Module,1,North,Offline,4,805.14,3220.56,1386.32,1834.24,52,1
3397,2025-09-23,2025,9,39,P001,Analytics Suite,0,South,Offline,14,497.94,6971.16,3231.9,3739.26,196,2
3398,2025-09-23,2025,9,39,P002,Dashboard Pro,0,South,Offline,18,297.11,5347.98,2097.36,3250.62,144,3
3399,2025-09-23,2025,9,39,P003,Data Connector Plus,0,South,Partner,31,144.62,4483.22,1759.87,2723.35,372,7
3400,2025-09-23,2025,9,39,P004,AI Insights Module,1,South,Partner,4,781.47,3125.88,1225.72,1900.16,40,1
3401,2025-09-23,2025,9,39,P001,Analytics Suite,0,East,Offline,11,485.8,5343.8,2316.49,3027.31,154,2
3402,2025-09-23,2025,9,39,P002,Dashboard Pro,0,East,Online,19,292.24,5552.56,2598.25,2954.31,152,3
3403,2025-09-23,2025,9,39,P003,Data Connector Plus,0,East,Online,32,146.38,4684.16,2216.96,2467.2,320,8
3404,2025-09-23,2025,9,39,P004,AI Insights Module,1,East,Offline,4,784.89,3139.56,1480.32,1659.24,36,0
3405,2025-09-23,2025,9,39,P001,Analytics Suite,0,West,Offline,13,499.29,6490.77,2625.74,3865.03,156,2
3406,2025-09-23,2025,9,39,P002,Dashboard Pro,0,West,Online,21,291.11,6113.31,2655.87,3457.44,210,5
3407,2025-09-23,2025,9,39,P003,Data Connector Plus,0,West,Offline,34,152.05,5169.7,2291.6,2878.1,340,7
3408,2025-09-23,2025,9,39,P004,AI Insights Module,1,West,Online,4,779.15,3116.6,1440.0,1676.6,44,0
3409,2025-09-24,2025,9,39,P001,Analytics Suite,0,North,Online,13,489.6,6364.8,2483.13,3881.67,104,2
3410,2025-09-24,2025,9,39,P002,Dashboard Pro,0,North,Online,19,302.21,5741.99,2663.23,3078.76,171,5
3411,2025-09-24,2025,9,39,P003,Data Connector Plus,0,North,Online,30,146.15,4384.5,1905.0,2479.5,270,6
3412,2025-09-24,2025,9,39,P004,AI Insights Module,1,North,Online,4,793.16,3172.64,1299.2,1873.44,36,0
3413,2025-09-24,2025,9,39,P001,Analytics Suite,0,South,Online,12,491.66,5899.92,2644.92,3255.0,156,2
3414,2025-09-24,2025,9,39,P002,Dashboard Pro,0,South,Offline,21,301.21,6325.41,2804.97,3520.44,210,4
3415,2025-09-24,2025,9,39,P003,Data Connector Plus,0,South,Partner,31,151.84,4707.04,2178.68,2528.36,341,5
3416,2025-09-24,2025,9,39,P004,AI Insights Module,1,South,Online,4,781.0,3124.0,1357.96,1766.04,48,0
3417,2025-09-24,2025,9,39,P001,Analytics Suite,0,East,Online,14,484.28,6779.92,2717.82,4062.1,154,2
3418,2025-09-24,2025,9,39,P002,Dashboard Pro,0,East,Online,21,305.68,6419.28,2873.64,3545.64,210,4
3419,2025-09-24,2025,9,39,P003,Data Connector Plus,0,East,Offline,31,149.71,4641.01,1861.55,2779.46,434,5
3420,2025-09-24,2025,9,39,P004,AI Insights Module,1,East,Online,4,813.25,3253.0,1320.76,1932.24,44,1
3421,2025-09-24,2025,9,39,P001,Analytics Suite,0,West,Offline,14,509.79,7137.06,3368.54,3768.52,182,3
3422,2025-09-24,2025,9,39,P002,Dashboard Pro,0,West,Partner,18,299.66,5393.88,2324.34,3069.54,216,4
3423,2025-09-24,2025,9,39,P003,Data Connector Plus,0,West,Online,33,151.27,4991.91,2249.94,2741.97,462,8
3424,2025-09-24,2025,9,39,P004,AI Insights Module,1,West,Partner,4,800.8,3203.2,1488.16,1715.04,36,0
3425,2025-09-25,2025,9,39,P001,Analytics Suite,0,North,Offline,12,489.91,5878.92,2707.8,3171.12,132,3
3426,2025-09-25,2025,9,39,P002,Dashboard Pro,0,North,Offline,22,304.18,6691.96,3099.8,3592.16,308,4
3427,2025-09-25,2025,9,39,P003,Data Connector Plus,0,North,Online,32,151.94,4862.08,2134.72,2727.36,288,8
3428,2025-09-25,2025,9,39,P004,AI Insights Module,1,North,Online,4,799.35,3197.4,1356.72,1840.68,44,1
3429,2025-09-25,2025,9,39,P001,Analytics Suite,0,South,Online,14,490.69,6869.66,2805.6,4064.06,154,3
3430,2025-09-25,2025,9,39,P002,Dashboard Pro,0,South,Online,17,294.53,5007.01,2205.58,2801.43,136,4
3431,2025-09-25,2025,9,39,P003,Data Connector Plus,0,South,Online,27,153.04,4132.08,1833.3,2298.78,378,5
3432,2025-09-25,2025,9,39,P004,AI Insights Module,1,South,Online,3,801.15,2403.45,976.89,1426.56,30,0
3433,2025-09-25,2025,9,39,P001,Analytics Suite,0,East,Offline,11,491.87,5410.57,2522.63,2887.94,99,2
3434,2025-09-25,2025,9,39,P002,Dashboard Pro,0,East,Offline,17,290.66,4941.22,2105.79,2835.43,187,3
3435,2025-09-25,2025,9,39,P003,Data Connector Plus,0,East,Online,32,145.12,4643.84,1994.56,2649.28,416,7
3436,2025-09-25,2025,9,39,P004,AI Insights Module,1,East,Online,4,779.81,3119.24,1301.12,1818.12,40,1
3437,2025-09-25,2025,9,39,P001,Analytics Suite,0,West,Online,14,503.29,7046.06,3180.94,3865.12,154,2
3438,2025-09-25,2025,9,39,P002,Dashboard Pro,0,West,Online,21,306.6,6438.6,2796.99,3641.61,210,4
3439,2025-09-25,2025,9,39,P003,Data Connector Plus,0,West,Offline,31,151.1,4684.1,1962.61,2721.49,403,6
3440,2025-09-25,2025,9,39,P004,AI Insights Module,1,West,Online,4,794.54,3178.16,1232.52,1945.64,40,0
3441,2025-09-26,2025,9,39,P001,Analytics Suite,0,North,Online,12,488.35,5860.2,2714.64,3145.56,120,2
3442,2025-09-26,2025,9,39,P002,Dashboard Pro,0,North,Online,20,293.12,5862.4,2713.4,3149.0,240,3
3443,2025-09-26,2025,9,39,P003,Data Connector Plus,0,North,Offline,28,147.95,4142.6,1732.36,2410.24,364,5
3444,2025-09-26,2025,9,39,P004,AI Insights Module,1,North,Offline,3,801.21,2403.63,954.21,1449.42,39,0
3445,2025-09-26,2025,9,39,P001,Analytics Suite,0,South,Offline,12,485.08,5820.96,2673.24,3147.72,168,2
3446,2025-09-26,2025,9,39,P002,Dashboard Pro,0,South,Online,21,302.97,6362.37,2542.68,3819.69,210,5
3447,2025-09-26,2025,9,39,P003,Data Connector Plus,0,South,Offline,31,144.62,4483.22,1843.88,2639.34,372,5
3448,2025-09-26,2025,9,39,P004,AI Insights Module,1,South,Partner,4,781.58,3126.32,1489.92,1636.4,48,0
3449,2025-09-26,2025,9,39,P001,Analytics Suite,0,East,Online,13,502.45,6531.85,2990.78,3541.07,182,3
3450,2025-09-26,2025,9,39,P002,Dashboard Pro,0,East,Online,18,291.71,5250.78,2195.1,3055.68,252,3
3451,2025-09-26,2025,9,39,P003,Data Connector Plus,0,East,Offline,30,152.44,4573.2,1803.0,2770.2,330,5
3452,2025-09-26,2025,9,39,P004,AI Insights Module,1,East,Partner,4,787.2,3148.8,1440.08,1708.72,52,1
3453,2025-09-26,2025,9,39,P001,Analytics Suite,0,West,Online,14,513.93,7195.02,3127.74,4067.28,126,3
3454,2025-09-26,2025,9,39,P002,Dashboard Pro,0,West,Offline,17,305.0,5185.0,2097.29,3087.71,170,3
3455,2025-09-26,2025,9,39,P003,Data Connector Plus,0,West,Offline,34,151.91,5164.94,2405.16,2759.78,340,9
3456,2025-09-26,2025,9,39,P004,AI Insights Module,1,West,Online,4,792.31,3169.24,1209.2,1960.04,44,0
3457,2025-09-27,2025,9,39,P001,Analytics Suite,0,North,Offline,7,501.63,3511.41,1669.43,1841.98,63,1
3458,2025-09-27,2025,9,39,P002,Dashboard Pro,0,North,Online,13,290.34,3774.42,1744.99,2029.43,169,3
3459,2025-09-27,2025,9,39,P003,Data Connector Plus,0,North,Offline,19,146.14,2776.66,1242.41,1534.25,171,4
3460,2025-09-27,2025,9,39,P004,AI Insights Module,1,North,Online,2,790.17,1580.34,674.86,905.48,18,0
3461,2025-09-27,2025,9,39,P001,Analytics Suite,0,South,Offline,8,508.53,4068.24,1940.72,2127.52,64,1
3462,2025-09-27,2025,9,39,P002,Dashboard Pro,0,South,Offline,12,296.22,3554.64,1542.72,2011.92,144,2
3463,2025-09-27,2025,9,39,P003,Data Connector Plus,0,South,Offline,17,145.48,2473.16,1018.81,1454.35,136,4
3464,2025-09-27,2025,9,39,P004,AI Insights Module,1,South,Online,2,815.38,1630.76,707.84,922.92,22,0
3465,2025-09-27,2025,9,39,P001,Analytics Suite,0,East,Offline,9,492.58,4433.22,2076.93,2356.29,108,1
3466,2025-09-27,2025,9,39,P002,Dashboard Pro,0,East,Partner,13,304.22,3954.86,1769.56,2185.3,156,2
3467,2025-09-27,2025,9,39,P003,Data Connector Plus,0,East,Partner,19,153.46,2915.74,1261.22,1654.52,228,4
3468,2025-09-27,2025,9,39,P004,AI Insights Module,1,East,Online,2,799.54,1599.08,712.76,886.32,28,0
3469,2025-09-27,2025,9,39,P001,Analytics Suite,0,West,Online,9,487.31,4385.79,1938.42,2447.37,90,2
3470,2025-09-27,2025,9,39,P002,Dashboard Pro,0,West,Online,11,295.43,3249.73,1474.44,1775.29,132,2
3471,2025-09-27,2025,9,39,P003,Data Connector Plus,0,West,Partner,22,151.4,3330.8,1396.56,1934.24,198,6
3472,2025-09-27,2025,9,39,P004,AI Insights Module,1,West,Offline,2,814.99,1629.98,664.8,965.18,18,0
3473,2025-09-28,2025,9,39,P001,Analytics Suite,0,North,Partner,8,497.47,3979.76,1575.04,2404.72,96,1
3474,2025-09-28,2025,9,39,P002,Dashboard Pro,0,North,Online,14,297.39,4163.46,1643.74,2519.72,126,3
3475,2025-09-28,2025,9,39,P003,Data Connector Plus,0,North,Online,18,153.45,2762.1,1185.48,1576.62,234,4
3476,2025-09-28,2025,9,39,P004,AI Insights Module,1,North,Partner,2,775.73,1551.46,725.88,825.58,16,0
3477,2025-09-28,2025,9,39,P001,Analytics Suite,0,South,Offline,7,484.65,3392.55,1373.54,2019.01,77,1
3478,2025-09-28,2025,9,39,P002,Dashboard Pro,0,South,Online,13,297.27,3864.51,1705.08,2159.43,104,2
3479,2025-09-28,2025,9,39,P003,Data Connector Plus,0,South,Offline,20,151.4,3028.0,1187.4,1840.6,160,3
3480,2025-09-28,2025,9,39,P004,AI Insights Module,1,South,Partner,3,776.14,2328.42,906.3,1422.12,42,0
3481,2025-09-28,2025,9,39,P001,Analytics Suite,0,East,Online,9,488.59,4397.31,1888.38,2508.93,117,2
3482,2025-09-28,2025,9,39,P002,Dashboard Pro,0,East,Offline,13,300.47,3906.11,1709.76,2196.35,182,2
3483,2025-09-28,2025,9,39,P003,Data Connector Plus,0,East,Online,21,144.93,3043.53,1379.7,1663.83,294,4
3484,2025-09-28,2025,9,39,P004,AI Insights Module,1,East,Partner,3,820.62,2461.86,1159.47,1302.39,42,0
3485,2025-09-28,2025,9,39,P001,Analytics Suite,0,West,Online,9,495.66,4460.94,2106.18,2354.76,72,2
3486,2025-09-28,2025,9,39,P002,Dashboard Pro,0,West,Offline,14,299.27,4189.78,1774.22,2415.56,126,3
3487,2025-09-28,2025,9,39,P003,Data Connector Plus,0,West,Offline,21,146.71,3080.91,1332.03,1748.88,168,3
3488,2025-09-28,2025,9,39,P004,AI Insights Module,1,West,Offline,2,803.99,1607.98,652.7,955.28,26,0
3489,2025-09-29,2025,9,40,P001,Analytics Suite,0,North,Online,14,512.86,7180.04,2864.26,4315.78,112,2
3490,2025-09-29,2025,9,40,P002,Dashboard Pro,0,North,Online,21,290.25,6095.25,2781.03,3314.22,210,4
3491,2025-09-29,2025,9,40,P003,Data Connector Plus,0,North,Online,30,148.52,4455.6,1963.8,2491.8,360,6
3492,2025-09-29,2025,9,40,P004,AI Insights Module,1,North,Partner,4,808.78,3235.12,1372.2,1862.92,44,1
3493,2025-09-29,2025,9,40,P001,Analytics Suite,0,South,Online,11,500.51,5505.61,2489.08,3016.53,143,2
3494,2025-09-29,2025,9,40,P002,Dashboard Pro,0,South,Online,20,299.7,5994.0,2369.0,3625.0,240,3
3495,2025-09-29,2025,9,40,P003,Data Connector Plus,0,South,Partner,28,148.52,4158.56,1982.96,2175.6,280,5
3496,2025-09-29,2025,9,40,P004,AI Insights Module,1,South,Offline,4,781.78,3127.12,1465.76,1661.36,48,0
3497,2025-09-29,2025,9,40,P001,Analytics Suite,0,East,Offline,13,511.12,6644.56,3131.44,3513.12,182,3
3498,2025-09-29,2025,9,40,P002,Dashboard Pro,0,East,Partner,18,295.62,5321.16,2205.36,3115.8,162,4
3499,2025-09-29,2025,9,40,P003,Data Connector Plus,0,East,Offline,27,145.31,3923.37,1710.72,2212.65,378,5
3500,2025-09-29,2025,9,40,P004,AI Insights Module,1,East,Online,4,780.17,3120.68,1478.68,1642.0,44,0
3501,2025-09-29,2025,9,40,P001,Analytics Suite,0,West,Online,14,513.21,7184.94,2936.36,4248.58,112,3
3502,2025-09-29,2025,9,40,P002,Dashboard Pro,0,West,Online,19,305.88,5811.72,2308.88,3502.84,228,3
3503,2025-09-29,2025,9,40,P003,Data Connector Plus,0,West,Online,30,144.74,4342.2,1755.3,2586.9,360,5
3504,2025-09-29,2025,9,40,P004,AI Insights Module,1,West,Partner,3,779.33,2337.99,935.31,1402.68,27,0
3505,2025-09-30,2025,9,40,P001,Analytics Suite,0,North,Offline,13,513.68,6677.84,2771.86,3905.98,104,2
3506,2025-09-30,2025,9,40,P002,Dashboard Pro,0,North,Offline,20,294.77,5895.4,2247.0,3648.4,200,5
3507,2025-09-30,2025,9,40,P003,Data Connector Plus,0,North,Partner,30,147.44,4423.2,2075.1,2348.1,420,8
3508,2025-09-30,2025,9,40,P004,AI Insights Module,1,North,Offline,4,789.99,3159.96,1407.8,1752.16,40,1
3509,2025-09-30,2025,9,40,P001,Analytics Suite,0,South,Online,14,496.57,6951.98,2850.26,4101.72,182,3
3510,2025-09-30,2025,9,40,P002,Dashboard Pro,0,South,Online,17,301.19,5120.23,2132.99,2987.24,136,4
3511,2025-09-30,2025,9,40,P003,Data Connector Plus,0,South,Partner,33,153.32,5059.56,2171.4,2888.16,330,6
3512,2025-09-30,2025,9,40,P004,AI Insights Module,1,South,Offline,4,801.8,3207.2,1539.2,1668.0,44,0
3513,2025-09-30,2025,9,40,P001,Analytics Suite,0,East,Online,12,493.55,5922.6,2325.36,3597.24,156,2
3514,2025-09-30,2025,9,40,P002,Dashboard Pro,0,East,Partner,21,297.1,6239.1,2615.34,3623.76,252,4
3515,2025-09-30,2025,9,40,P003,Data Connector Plus,0,East,Partner,33,152.89,5045.37,2119.26,2926.11,462,6
3516,2025-09-30,2025,9,40,P004,AI Insights Module,1,East,Partner,4,822.18,3288.72,1538.88,1749.84,48,1
3517,2025-09-30,2025,9,40,P001,Analytics Suite,0,West,Offline,12,500.37,6004.44,2443.56,3560.88,168,2
3518,2025-09-30,2025,9,40,P002,Dashboard Pro,0,West,Offline,19,304.92,5793.48,2236.3,3557.18,228,3
3519,2025-09-30,2025,9,40,P003,Data Connector Plus,0,West,Partner,27,148.22,4001.94,1725.03,2276.91,378,6
3520,2025-09-30,2025,9,40,P004,AI Insights Module,1,West,Online,4,789.48,3157.92,1298.92,1859.0,36,0
3521,2025-10-01,2025,10,40,P001,Analytics Suite,0,North,Offline,9,451.64,4064.76,1851.03,2213.73,117,2
3522,2025-10-01,2025,10,40,P002,Dashboard Pro,0,North,Online,16,272.24,4355.84,1843.68,2512.16,208,3
3523,2025-10-01,2025,10,40,P003,Data Connector Plus,0,North,Online,24,137.38,3297.12,1512.0,1785.12,288,4
3524,2025-10-01,2025,10,40,P004,AI Insights Module,1,North,Offline,3,751.58,2254.74,1041.33,1213.41,39,0
3525,2025-10-01,2025,10,40,P001,Analytics Suite,0,South,Offline,8,469.92,3759.36,1634.08,2125.28,72,1
3526,2025-10-01,2025,10,40,P002,Dashboard Pro,0,South,Partner,13,273.88,3560.44,1436.11,2124.33,143,2
3527,2025-10-01,2025,10,40,P003,Data Connector Plus,0,South,Offline,23,140.97,3242.31,1395.18,1847.13,322,4
3528,2025-10-01,2025,10,40,P004,AI Insights Module,1,South,Offline,2,743.82,1487.64,645.16,842.48,22,0
3529,2025-10-01,2025,10,40,P001,Analytics Suite,0,East,Online,9,474.27,4268.43,1664.01,2604.42,126,1
3530,2025-10-01,2025,10,40,P002,Dashboard Pro,0,East,Offline,13,271.25,3526.25,1449.63,2076.62,130,3
3531,2025-10-01,2025,10,40,P003,Data Connector Plus,0,East,Online,21,141.08,2962.68,1134.42,1828.26,294,5
3532,2025-10-01,2025,10,40,P004,AI Insights Module,1,East,Partner,2,748.03,1496.06,569.12,926.94,22,0
3533,2025-10-01,2025,10,40,P001,Analytics Suite,0,West,Offline,7,452.95,3170.65,1365.07,1805.58,98,1
3534,2025-10-01,2025,10,40,P002,Dashboard Pro,0,West,Partner,10,272.45,2724.5,1063.9,1660.6,90,2
3535,2025-10-01,2025,10,40,P003,Data Connector Plus,0,West,Partner,19,139.59,2652.21,1029.04,1623.17,152,4
3536,2025-10-01,2025,10,40,P004,AI Insights Module,1,West,Online,2,721.37,1442.74,665.58,777.16,22,0
3537,2025-10-02,2025,10,40,P001,Analytics Suite,0,North,Online,10,463.97,4639.7,1979.6,2660.1,140,2
3538,2025-10-02,2025,10,40,P002,Dashboard Pro,0,North,Online,14,282.75,3958.5,1804.18,2154.32,182,3
3539,2025-10-02,2025,10,40,P003,Data Connector Plus,0,North,Online,21,142.62,2995.02,1322.79,1672.23,273,5
3540,2025-10-02,2025,10,40,P004,AI Insights Module,1,North,Online,2,743.4,1486.8,607.34,879.46,26,0
3541,2025-10-02,2025,10,40,P001,Analytics Suite,0,South,Partner,9,464.74,4182.66,1852.38,2330.28,72,1
3542,2025-10-02,2025,10,40,P002,Dashboard Pro,0,South,Online,16,275.41,4406.56,1985.6,2420.96,144,2
3543,2025-10-02,2025,10,40,P003,Data Connector Plus,0,South,Offline,25,139.05,3476.25,1475.25,2001.0,350,6
3544,2025-10-02,2025,10,40,P004,AI Insights Module,1,South,Offline,3,755.53,2266.59,1023.39,1243.2,24,0
3545,2025-10-02,2025,10,40,P001,Analytics Suite,0,East,Online,10,453.09,4530.9,1953.7,2577.2,130,2
3546,2025-10-02,2025,10,40,P002,Dashboard Pro,0,East,Online,14,283.66,3971.24,1777.86,2193.38,126,3
3547,2025-10-02,2025,10,40,P003,Data Connector Plus,0,East,Online,23,142.63,3280.49,1500.75,1779.74,253,5
3548,2025-10-02,2025,10,40,P004,AI Insights Module,1,East,Online,3,758.12,2274.36,991.53,1282.83,33,0
3549,2025-10-02,2025,10,40,P001,Analytics Suite,0,West,Online,8,455.22,3641.76,1629.2,2012.56,64,2
3550,2025-10-02,2025,10,40,P002,Dashboard Pro,0,West,Partner,11,275.6,3031.6,1161.6,1870.0,132,2
3551,2025-10-02,2025,10,40,P003,Data Connector Plus,0,West,Online,16,141.63,2266.08,891.68,1374.4,224,4
3552,2025-10-02,2025,10,40,P004,AI Insights Module,1,West,Offline,2,728.01,1456.02,638.48,817.54,22,0
3553,2025-10-03,2025,10,40,P001,Analytics Suite,0,North,Online,9,468.77,4218.93,1960.47,2258.46,90,1
3554,2025-10-03,2025,10,40,P002,Dashboard Pro,0,North,Offline,15,270.06,4050.9,1815.9,2235.0,195,2
3555,2025-10-03,2025,10,40,P003,Data Connector Plus,0,North,Offline,23,135.4,3114.2,1400.47,1713.73,230,6
3556,2025-10-03,2025,10,40,P004,AI Insights Module,1,North,Online,3,724.77,2174.31,1008.6,1165.71,24,0
3557,2025-10-03,2025,10,40,P001,Analytics Suite,0,South,Online,10,460.96,4609.6,1851.9,2757.7,80,2
3558,2025-10-03,2025,10,40,P002,Dashboard Pro,0,South,Offline,16,285.66,4570.56,1854.72,2715.84,224,4
3559,2025-10-03,2025,10,40,P003,Data Connector Plus,0,South,Offline,21,136.17,2859.57,1263.99,1595.58,168,5
3560,2025-10-03,2025,10,40,P004,AI Insights Module,1,South,Partner,3,733.64,2200.92,850.86,1350.06,36,0
3561,2025-10-03,2025,10,40,P001,Analytics Suite,0,East,Online,9,453.13,4078.17,1879.83,2198.34,126,2
3562,2025-10-03,2025,10,40,P002,Dashboard Pro,0,East,Online,14,273.54,3829.56,1804.32,2025.24,140,3
3563,2025-10-03,2025,10,40,P003,Data Connector Plus,0,East,Offline,24,140.76,3378.24,1519.68,1858.56,264,5
3564,2025-10-03,2025,10,40,P004,AI Insights Module,1,East,Partner,3,731.08,2193.24,1022.61,1170.63,36,0
3565,2025-10-03,2025,10,40,P001,Analytics Suite,0,West,Online,7,452.75,3169.25,1241.87,1927.38,98,1
3566,2025-10-03,2025,10,40,P002,Dashboard Pro,0,West,Offline,12,276.75,3321.0,1424.88,1896.12,108,3
3567,2025-10-03,2025,10,40,P003,Data Connector Plus,0,West,Partner,18,137.94,2482.92,1060.74,1422.18,180,4
3568,2025-10-03,2025,10,40,P004,AI Insights Module,1,West,Partner,2,754.88,1509.76,656.14,853.62,18,0
3569,2025-10-04,2025,10,40,P001,Analytics Suite,0,North,Offline,6,463.87,2783.22,1122.78,1660.44,54,1
3570,2025-10-04,2025,10,40,P002,Dashboard Pro,0,North,Online,9,278.18,2503.62,990.09,1513.53,90,2
3571,2025-10-04,2025,10,40,P003,Data Connector Plus,0,North,Offline,15,140.75,2111.25,836.25,1275.0,165,3
3572,2025-10-04,2025,10,40,P004,AI Insights Module,1,North,Online,1,733.96,733.96,333.08,400.88,14,0
3573,2025-10-04,2025,10,40,P001,Analytics Suite,0,South,Online,6,461.92,2771.52,1063.32,1708.2,54,1
3574,2025-10-04,2025,10,40,P002,Dashboard Pro,0,South,Online,8,277.41,2219.28,946.24,1273.04,96,1
3575,2025-10-04,2025,10,40,P003,Data Connector Plus,0,South,Offline,16,140.69,2251.04,1024.8,1226.24,208,3
3576,2025-10-04,2025,10,40,P004,AI Insights Module,1,South,Offline,2,730.43,1460.86,698.1,762.76,20,0
3577,2025-10-04,2025,10,40,P001,Analytics Suite,0,East,Online,6,474.89,2849.34,1322.22,1527.12,48,1
3578,2025-10-04,2025,10,40,P002,Dashboard Pro,0,East,Online,9,277.39,2496.51,989.1,1507.41,72,1
3579,2025-10-04,2025,10,40,P003,Data Connector Plus,0,East,Offline,14,140.66,1969.24,941.5,1027.74,154,3
3580,2025-10-04,2025,10,40,P004,AI Insights Module,1,East,Online,1,743.79,743.79,316.01,427.78,10,0
3581,2025-10-04,2025,10,40,P001,Analytics Suite,0,West,Partner,4,462.55,1850.2,741.36,1108.84,52,0
3582,2025-10-04,2025,10,40,P002,Dashboard Pro,0,West,Online,6,283.66,1701.96,682.2,1019.76,60,1
3583,2025-10-04,2025,10,40,P003,Data Connector Plus,0,West,Offline,12,138.37,1660.44,731.16,929.28,120,2
3584,2025-10-04,2025,10,40,P004,AI Insights Module,1,West,Offline,1,752.97,752.97,290.05,462.92,12,0
3585,2025-10-05,2025,10,40,P001,Analytics Suite,0,North,Offline,6,472.35,2834.1,1358.58,1475.52,72,1
3586,2025-10-05,2025,10,40,P002,Dashboard Pro,0,North,Online,8,270.69,2165.52,991.28,1174.24,80,1
3587,2025-10-05,2025,10,40,P003,Data Connector Plus,0,North,Offline,14,134.62,1884.68,830.06,1054.62,196,2
3588,2025-10-05,2025,10,40,P004,AI Insights Module,1,North,Online,1,739.42,739.42,325.06,414.36,10,0
3589,2025-10-05,2025,10,40,P001,Analytics Suite,0,South,Online,7,471.77,3302.39,1471.61,1830.78,91,1
3590,2025-10-05,2025,10,40,P002,Dashboard Pro,0,South,Offline,9,282.02,2538.18,1091.34,1446.84,99,1
3591,2025-10-05,2025,10,40,P003,Data Connector Plus,0,South,Online,14,138.04,1932.56,901.04,1031.52,182,2
3592,2025-10-05,2025,10,40,P004,AI Insights Module,1,South,Partner,2,732.36,1464.72,587.36,877.36,22,0
3593,2025-10-05,2025,10,40,P001,Analytics Suite,0,East,Online,6,462.83,2776.98,1251.36,1525.62,48,1
3594,2025-10-05,2025,10,40,P002,Dashboard Pro,0,East,Online,9,277.77,2499.93,1158.93,1341.0,72,2
3595,2025-10-05,2025,10,40,P003,Data Connector Plus,0,East,Offline,15,138.49,2077.35,811.5,1265.85,165,2
3596,2025-10-05,2025,10,40,P004,AI Insights Module,1,East,Partner,2,727.81,1455.62,569.74,885.88,20,0
3597,2025-10-05,2025,10,40,P001,Analytics Suite,0,West,Online,5,466.22,2331.1,926.8,1404.3,50,0
3598,2025-10-05,2025,10,40,P002,Dashboard Pro,0,West,Online,7,279.38,1955.66,900.9,1054.76,98,1
3599,2025-10-05,2025,10,40,P003,Data Connector Plus,0,West,Partner,12,140.62,1687.44,775.32,912.12,144,2
3600,2025-10-05,2025,10,40,P004,AI Insights Module,1,West,Online,1,760.48,760.48,309.41,451.07,11,0
3601,2025-10-06,2025,10,41,P001,Analytics Suite,0,North,Partner,8,465.36,3722.88,1587.68,2135.2,88,2
3602,2025-10-06,2025,10,41,P002,Dashboard Pro,0,North,Partner,13,273.33,3553.29,1678.56,1874.73,143,2
3603,2025-10-06,2025,10,41,P003,Data Connector Plus,0,North,Offline,24,141.8,3403.2,1392.24,2010.96,192,4
3604,2025-10-06,2025,10,41,P004,AI Insights Module,1,North,Online,3,758.01,2274.03,949.8,1324.23,30,0
3605,2025-10-06,2025,10,41,P001,Analytics Suite,0,South,Online,8,472.66,3781.28,1732.8,2048.48,80,1
3606,2025-10-06,2025,10,41,P002,Dashboard Pro,0,South,Offline,13,278.99,3626.87,1389.96,2236.91,156,2
3607,2025-10-06,2025,10,41,P003,Data Connector Plus,0,South,Online,25,136.58,3414.5,1507.75,1906.75,250,6
3608,2025-10-06,2025,10,41,P004,AI Insights Module,1,South,Offline,3,735.27,2205.81,1001.04,1204.77,27,0
3609,2025-10-06,2025,10,41,P001,Analytics Suite,0,East,Offline,9,454.55,4090.95,1775.88,2315.07,81,1
3610,2025-10-06,2025,10,41,P002,Dashboard Pro,0,East,Online,16,271.69,4347.04,1935.36,2411.68,160,3
3611,2025-10-06,2025,10,41,P003,Data Connector Plus,0,East,Online,24,141.21,3389.04,1433.76,1955.28,336,5
3612,2025-10-06,2025,10,41,P004,AI Insights Module,1,East,Online,3,735.54,2206.62,875.19,1331.43,42,0
3613,2025-10-06,2025,10,41,P001,Analytics Suite,0,West,Online,7,455.87,3191.09,1451.59,1739.5,84,1
3614,2025-10-06,2025,10,41,P002,Dashboard Pro,0,West,Online,10,281.79,2817.9,1193.3,1624.6,120,2
3615,2025-10-06,2025,10,41,P003,Data Connector Plus,0,West,Online,17,138.53,2355.01,1094.29,1260.72,187,3
3616,2025-10-06,2025,10,41,P004,AI Insights Module,1,West,Offline,2,721.23,1442.46,629.64,812.82,16,0
3617,2025-10-07,2025,10,41,P001,Analytics Suite,0,North,Online,9,451.44,4062.96,1911.24,2151.72,72,2
3618,2025-10-07,2025,10,41,P002,Dashboard Pro,0,North,Online,16,284.45,4551.2,1856.64,2694.56,128,3
3619,2025-10-07,2025,10,41,P003,Data Connector Plus,0,North,Online,25,139.27,3481.75,1444.5,2037.25,225,4
3620,2025-10-07,2025,10,41,P004,AI Insights Module,1,North,Online,3,721.07,2163.21,836.55,1326.66,30,0
3621,2025-10-07,2025,10,41,P001,Analytics Suite,0,South,Online,9,468.3,4214.7,2011.86,2202.84,126,1
3622,2025-10-07,2025,10,41,P002,Dashboard Pro,0,South,Online,16,273.5,4376.0,2011.36,2364.64,160,3
3623,2025-10-07,2025,10,41,P003,Data Connector Plus,0,South,Offline,20,141.52,2830.4,1232.4,1598.0,280,4
3624,2025-10-07,2025,10,41,P004,AI Insights Module,1,South,Online,3,730.06,2190.18,886.05,1304.13,42,0
3625,2025-10-07,2025,10,41,P001,Analytics Suite,0,East,Partner,9,457.01,4113.09,1738.53,2374.56,108,1
3626,2025-10-07,2025,10,41,P002,Dashboard Pro,0,East,Offline,14,275.51,3857.14,1851.36,2005.78,168,2
3627,2025-10-07,2025,10,41,P003,Data Connector Plus,0,East,Online,20,142.44,2848.8,1108.4,1740.4,200,5
3628,2025-10-07,2025,10,41,P004,AI Insights Module,1,East,Offline,2,755.56,1511.12,621.54,889.58,22,0
3629,2025-10-07,2025,10,41,P001,Analytics Suite,0,West,Online,7,453.88,3177.16,1284.43,1892.73,63,1
3630,2025-10-07,2025,10,41,P002,Dashboard Pro,0,West,Online,10,277.76,2777.6,1132.7,1644.9,100,1
3631,2025-10-07,2025,10,41,P003,Data Connector Plus,0,West,Offline,15,135.93,2038.95,905.55,1133.4,150,3
3632,2025-10-07,2025,10,41,P004,AI Insights Module,1,West,Partner,2,736.02,1472.04,645.64,826.4,16,0
3633,2025-10-08,2025,10,41,P001,Analytics Suite,0,North,Online,9,469.72,4227.48,1704.6,2522.88,90,1
3634,2025-10-08,2025,10,41,P002,Dashboard Pro,0,North,Online,16,283.99,4543.84,1795.36,2748.48,160,4
3635,2025-10-08,2025,10,41,P003,Data Connector Plus,0,North,Online,23,137.73,3167.79,1426.0,1741.79,207,6
3636,2025-10-08,2025,10,41,P004,AI Insights Module,1,North,Offline,3,740.78,2222.34,845.49,1376.85,24,0
3637,2025-10-08,2025,10,41,P001,Analytics Suite,0,South,Partner,10,474.63,4746.3,2218.7,2527.6,100,2
3638,2025-10-08,2025,10,41,P002,Dashboard Pro,0,South,Online,13,281.49,3659.37,1474.85,2184.52,169,2
3639,2025-10-08,2025,10,41,P003,Data Connector Plus,0,South,Online,20,135.2,2704.0,1065.2,1638.8,280,4
3640,2025-10-08,2025,10,41,P004,AI Insights Module,1,South,Partner,2,731.38,1462.76,680.38,782.38,24,0
3641,2025-10-08,2025,10,41,P001,Analytics Suite,0,East,Online,10,467.9,4679.0,2233.7,2445.3,120,2
3642,2025-10-08,2025,10,41,P002,Dashboard Pro,0,East,Online,15,284.08,4261.2,1833.0,2428.2,120,3
3643,2025-10-08,2025,10,41,P003,Data Connector Plus,0,East,Offline,24,139.64,3351.36,1585.68,1765.68,312,6
3644,2025-10-08,2025,10,41,P004,AI Insights Module,1,East,Partner,3,753.59,2260.77,1033.56,1227.21,30,0
3645,2025-10-08,2025,10,41,P001,Analytics Suite,0,West,Online,6,463.87,2783.22,1112.82,1670.4,72,1
3646,2025-10-08,2025,10,41,P002,Dashboard Pro,0,West,Online,10,272.57,2725.7,1153.0,1572.7,120,1
3647,2025-10-08,2025,10,41,P003,Data Connector Plus,0,West,Online,19,142.25,2702.75,1220.75,1482.0,209,4
3648,2025-10-08,2025,10,41,P004,AI Insights Module,1,West,Partner,2,733.04,1466.08,650.44,815.64,20,0
3649,2025-10-09,2025,10,41,P001,Analytics Suite,0,North,Online,9,464.83,4183.47,1816.29,2367.18,117,2
3650,2025-10-09,2025,10,41,P002,Dashboard Pro,0,North,Offline,14,277.02,3878.28,1630.58,2247.7,126,2
3651,2025-10-09,2025,10,41,P003,Data Connector Plus,0,North,Offline,24,136.63,3279.12,1437.84,1841.28,312,4
3652,2025-10-09,2025,10,41,P004,AI Insights Module,1,North,Offline,3,730.44,2191.32,902.58,1288.74,42,0
3653,2025-10-09,2025,10,41,P001,Analytics Suite,0,South,Offline,10,461.06,4610.6,1836.7,2773.9,90,2
3654,2025-10-09,2025,10,41,P002,Dashboard Pro,0,South,Online,15,278.63,4179.45,1865.55,2313.9,210,3
3655,2025-10-09,2025,10,41,P003,Data Connector Plus,0,South,Online,21,141.75,2976.75,1295.7,1681.05,189,4
3656,2025-10-09,2025,10,41,P004,AI Insights Module,1,South,Offline,3,760.05,2280.15,1060.53,1219.62,24,0
3657,2025-10-09,2025,10,41,P001,Analytics Suite,0,East,Online,9,475.82,4282.38,1872.9,2409.48,108,2
3658,2025-10-09,2025,10,41,P002,Dashboard Pro,0,East,Offline,15,279.83,4197.45,1666.5,2530.95,165,3
3659,2025-10-09,2025,10,41,P003,Data Connector Plus,0,East,Online,20,137.82,2756.4,1293.2,1463.2,280,5
3660,2025-10-09,2025,10,41,P004,AI Insights Module,1,East,Online,2,746.67,1493.34,577.44,915.9,18,0
3661,2025-10-09,2025,10,41,P001,Analytics Suite,0,West,Online,7,450.67,3154.69,1214.5,1940.19,56,1
3662,2025-10-09,2025,10,41,P002,Dashboard Pro,0,West,Offline,11,273.83,3012.13,1331.11,1681.02,132,2
3663,2025-10-09,2025,10,41,P003,Data Connector Plus,0,West,Online,17,138.27,2350.59,945.37,1405.22,204,4
3664,2025-10-09,2025,10,41,P004,AI Insights Module,1,West,Online,2,739.5,1479.0,583.26,895.74,24,0
3665,2025-10-10,2025,10,41,P001,Analytics Suite,0,North,Online,8,461.28,3690.24,1678.48,2011.76,104,2
3666,2025-10-10,2025,10,41,P002,Dashboard Pro,0,North,Partner,13,286.01,3718.13,1517.49,2200.64,143,3
3667,2025-10-10,2025,10,41,P003,Data Connector Plus,0,North,Online,24,137.36,3296.64,1327.92,1968.72,240,4
3668,2025-10-10,2025,10,41,P004,AI Insights Module,1,North,Offline,3,724.8,2174.4,858.15,1316.25,39,0
3669,2025-10-10,2025,10,41,P001,Analytics Suite,0,South,Partner,8,477.52,3820.16,1608.4,2211.76,112,1
3670,2025-10-10,2025,10,41,P002,Dashboard Pro,0,South,Online,16,280.03,4480.48,2134.88,2345.6,128,3
3671,2025-10-10,2025,10,41,P003,Data Connector Plus,0,South,Online,25,140.36,3509.0,1649.25,1859.75,250,5
3672,2025-10-10,2025,10,41,P004,AI Insights Module,1,South,Online,3,729.54,2188.62,975.78,1212.84,33,0
3673,2025-10-10,2025,10,41,P001,Analytics Suite,0,East,Partner,9,476.63,4289.67,1643.67,2646.0,126,2
3674,2025-10-10,2025,10,41,P002,Dashboard Pro,0,East,Online,13,273.92,3560.96,1700.27,1860.69,156,3
3675,2025-10-10,2025,10,41,P003,Data Connector Plus,0,East,Online,25,141.14,3528.5,1460.75,2067.75,350,5
3676,2025-10-10,2025,10,41,P004,AI Insights Module,1,East,Partner,3,765.27,2295.81,1014.69,1281.12,33,0
3677,2025-10-10,2025,10,41,P001,Analytics Suite,0,West,Online,7,469.56,3286.92,1343.37,1943.55,63,1
3678,2025-10-10,2025,10,41,P002,Dashboard Pro,0,West,Online,10,282.6,2826.0,1121.4,1704.6,110,2
3679,2025-10-10,2025,10,41,P003,Data Connector Plus,0,West,Online,17,137.2,2332.4,976.99,1355.41,238,3
3680,2025-10-10,2025,10,41,P004,AI Insights Module,1,West,Online,2,765.25,1530.5,626.5,904.0,28,0
3681,2025-10-11,2025,10,41,P001,Analytics Suite,0,North,Offline,6,460.69,2764.14,1204.98,1559.16,66,1
3682,2025-10-11,2025,10,41,P002,Dashboard Pro,0,North,Offline,10,272.61,2726.1,1228.4,1497.7,130,1
3683,2025-10-11,2025,10,41,P003,Data Connector Plus,0,North,Offline,13,142.37,1850.81,795.99,1054.82,117,2
3684,2025-10-11,2025,10,41,P004,AI Insights Module,1,North,Partner,2,742.25,1484.5,577.68,906.82,18,0
3685,2025-10-11,2025,10,41,P001,Analytics Suite,0,South,Offline,5,471.87,2359.35,1084.85,1274.5,70,1
3686,2025-10-11,2025,10,41,P002,Dashboard Pro,0,South,Online,8,278.63,2229.04,858.16,1370.88,88,1
3687,2025-10-11,2025,10,41,P003,Data Connector Plus,0,South,Online,15,137.83,2067.45,879.9,1187.55,135,4
3688,2025-10-11,2025,10,41,P004,AI Insights Module,1,South,Online,2,733.07,1466.14,663.84,802.3,22,0
3689,2025-10-11,2025,10,41,P001,Analytics Suite,0,East,Partner,6,473.63,2841.78,1329.54,1512.24,60,1
3690,2025-10-11,2025,10,41,P002,Dashboard Pro,0,East,Offline,9,277.53,2497.77,1137.78,1359.99,99,1
3691,2025-10-11,2025,10,41,P003,Data Connector Plus,0,East,Offline,16,141.91,2270.56,1012.48,1258.08,160,4
3692,2025-10-11,2025,10,41,P004,AI Insights Module,1,East,Offline,1,737.4,737.4,322.34,415.06,12,0
3693,2025-10-11,2025,10,41,P001,Analytics Suite,0,West,Offline,4,463.38,1853.52,860.6,992.92,48,0
3694,2025-10-11,2025,10,41,P002,Dashboard Pro,0,West,Offline,7,275.31,1927.17,894.46,1032.71,91,1
3695,2025-10-11,2025,10,41,P003,Data Connector Plus,0,West,Online,10,142.53,1425.3,667.4,757.9,140,1
3696,2025-10-11,2025,10,41,P004,AI Insights Module,1,West,Online,1,730.94,730.94,344.63,386.31,10,0
3697,2025-10-12,2025,10,41,P001,Analytics Suite,0,North,Offline,6,450.9,2705.4,1208.22,1497.18,66,1
3698,2025-10-12,2025,10,41,P002,Dashboard Pro,0,North,Partner,9,281.42,2532.78,1101.24,1431.54,72,1
3699,2025-10-12,2025,10,41,P003,Data Connector Plus,0,North,Partner,15,137.91,2068.65,974.55,1094.1,165,3
3700,2025-10-12,2025,10,41,P004,AI Insights Module,1,North,Offline,2,748.17,1496.34,644.64,851.7,22,0
3701,2025-10-12,2025,10,41,P001,Analytics Suite,0,South,Online,6,464.14,2784.84,1283.34,1501.5,72,1
3702,2025-10-12,2025,10,41,P002,Dashboard Pro,0,South,Online,9,273.15,2458.35,1101.24,1357.11,90,1
3703,2025-10-12,2025,10,41,P003,Data Connector Plus,0,South,Partner,14,139.55,1953.7,836.5,1117.2,196,3
3704,2025-10-12,2025,10,41,P004,AI Insights Module,1,South,Partner,2,734.82,1469.64,683.12,786.52,20,0
3705,2025-10-12,2025,10,41,P001,Analytics Suite,0,East,Online,6,466.05,2796.3,1256.76,1539.54,48,1
3706,2025-10-12,2025,10,41,P002,Dashboard Pro,0,East,Offline,9,279.09,2511.81,973.98,1537.83,126,2
3707,2025-10-12,2025,10,41,P003,Data Connector Plus,0,East,Online,15,138.09,2071.35,825.75,1245.6,135,2
3708,2025-10-12,2025,10,41,P004,AI Insights Module,1,East,Offline,1,754.8,754.8,354.48,400.32,13,0
3709,2025-10-12,2025,10,41,P001,Analytics Suite,0,West,Online,4,472.69,1890.76,876.76,1014.0,56,1
3710,2025-10-12,2025,10,41,P002,Dashboard Pro,0,West,Offline,6,286.33,1717.98,737.1,980.88,54,1
3711,2025-10-12,2025,10,41,P003,Data Connector Plus,0,West,Partner,11,137.1,1508.1,689.59,818.51,99,2
3712,2025-10-12,2025,10,41,P004,AI Insights Module,1,West,Partner,1,753.66,753.66,318.26,435.4,12,0
3713,2025-10-13,2025,10,42,P001,Analytics Suite,0,North,Offline,10,454.93,4549.3,1742.5,2806.8,90,2
3714,2025-10-13,2025,10,42,P002,Dashboard Pro,0,North,Offline,15,281.19,4217.85,1887.3,2330.55,120,3
3715,2025-10-13,2025,10,42,P003,Data Connector Plus,0,North,Offline,22,140.13,3082.86,1177.44,1905.42,286,4
3716,2025-10-13,2025,10,42,P004,AI Insights Module,1,North,Online,3,748.0,2244.0,1075.74,1168.26,24,0
3717,2025-10-13,2025,10,42,P001,Analytics Suite,0,South,Offline,8,459.61,3676.88,1397.92,2278.96,72,1
3718,2025-10-13,2025,10,42,P002,Dashboard Pro,0,South,Partner,15,272.44,4086.6,1782.3,2304.3,135,3
3719,2025-10-13,2025,10,42,P003,Data Connector Plus,0,South,Online,24,139.89,3357.36,1509.84,1847.52,192,6
3720,2025-10-13,2025,10,42,P004,AI Insights Module,1,South,Online,3,757.43,2272.29,985.89,1286.4,39,0
3721,2025-10-13,2025,10,42,P001,Analytics Suite,0,East,Online,9,475.97,4283.73,2036.43,2247.3,99,1
3722,2025-10-13,2025,10,42,P002,Dashboard Pro,0,East,Partner,13,271.63,3531.19,1546.61,1984.58,156,3
3723,2025-10-13,2025,10,42,P003,Data Connector Plus,0,East,Online,25,134.84,3371.0,1366.25,2004.75,350,6
3724,2025-10-13,2025,10,42,P004,AI Insights Module,1,East,Partner,3,750.12,2250.36,970.14,1280.22,39,0
3725,2025-10-13,2025,10,42,P001,Analytics Suite,0,West,Online,7,462.64,3238.48,1248.24,1990.24,77,1
3726,2025-10-13,2025,10,42,P002,Dashboard Pro,0,West,Online,10,280.25,2802.5,1122.0,1680.5,80,2
3727,2025-10-13,2025,10,42,P003,Data Connector Plus,0,West,Partner,18,138.72,2496.96,965.16,1531.8,252,3
3728,2025-10-13,2025,10,42,P004,AI Insights Module,1,West,Partner,2,728.16,1456.32,578.72,877.6,24,0
3729,2025-10-14,2025,10,42,P001,Analytics Suite,0,North,Offline,9,458.48,4126.32,1958.58,2167.74,126,2
3730,2025-10-14,2025,10,42,P002,Dashboard Pro,0,North,Offline,13,272.19,3538.47,1686.36,1852.11,156,3
3731,2025-10-14,2025,10,42,P003,Data Connector Plus,0,North,Offline,21,139.79,2935.59,1137.57,1798.02,168,4
3732,2025-10-14,2025,10,42,P004,AI Insights Module,1,North,Online,3,747.19,2241.57,1050.09,1191.48,36,0
3733,2025-10-14,2025,10,42,P001,Analytics Suite,0,South,Online,8,472.42,3779.36,1442.0,2337.36,72,1
3734,2025-10-14,2025,10,42,P002,Dashboard Pro,0,South,Offline,13,270.01,3510.13,1353.82,2156.31,143,3
3735,2025-10-14,2025,10,42,P003,Data Connector Plus,0,South,Online,21,142.09,2983.89,1217.58,1766.31,210,4
3736,2025-10-14,2025,10,42,P004,AI Insights Module,1,South,Offline,3,737.79,2213.37,897.09,1316.28,39,0
3737,2025-10-14,2025,10,42,P001,Analytics Suite,0,East,Partner,10,474.51,4745.1,1887.9,2857.2,80,2
3738,2025-10-14,2025,10,42,P002,Dashboard Pro,0,East,Offline,14,280.77,3930.78,1557.5,2373.28,140,3
3739,2025-10-14,2025,10,42,P003,Data Connector Plus,0,East,Offline,21,139.37,2926.77,1392.3,1534.47,189,4
3740,2025-10-14,2025,10,42,P004,AI Insights Module,1,East,Partner,3,728.92,2186.76,929.67,1257.09,36,0
3741,2025-10-14,2025,10,42,P001,Analytics Suite,0,West,Offline,8,451.79,3614.32,1648.48,1965.84,104,1
3742,2025-10-14,2025,10,42,P002,Dashboard Pro,0,West,Online,12,274.63,3295.56,1530.6,1764.96,108,3
3743,2025-10-14,2025,10,42,P003,Data Connector Plus,0,West,Online,17,137.34,2334.78,986.34,1348.44,238,3
3744,2025-10-14,2025,10,42,P004,AI Insights Module,1,West,Online,2,744.53,1489.06,681.82,807.24,20,0
3745,2025-10-15,2025,10,42,P001,Analytics Suite,0,North,Online,8,456.92,3655.36,1488.48,2166.88,104,2
3746,2025-10-15,2025,10,42,P002,Dashboard Pro,0,North,Online,14,272.18,3810.52,1665.16,2145.36,182,3
3747,2025-10-15,2025,10,42,P003,Data Connector Plus,0,North,Partner,21,137.48,2887.08,1215.69,1671.39,231,5
3748,2025-10-15,2025,10,42,P004,AI Insights Module,1,North,Online,3,731.07,2193.21,1010.37,1182.84,33,0
3749,2025-10-15,2025,10,42,P001,Analytics Suite,0,South,Online,10,464.88,4648.8,1826.7,2822.1,80,2
3750,2025-10-15,2025,10,42,P002,Dashboard Pro,0,South,Partner,14,277.81,3889.34,1829.94,2059.4,182,2
3751,2025-10-15,2025,10,42,P003,Data Connector Plus,0,South,Offline,20,136.55,2731.0,1088.2,1642.8,220,5
3752,2025-10-15,2025,10,42,P004,AI Insights Module,1,South,Online,3,726.52,2179.56,844.08,1335.48,33,0
3753,2025-10-15,2025,10,42,P001,Analytics Suite,0,East,Online,10,466.39,4663.9,1948.1,2715.8,100,2
3754,2025-10-15,2025,10,42,P002,Dashboard Pro,0,East,Offline,16,285.54,4568.64,2004.64,2564.0,144,4
3755,2025-10-15,2025,10,42,P003,Data Connector Plus,0,East,Online,24,140.52,3372.48,1535.04,1837.44,240,6
3756,2025-10-15,2025,10,42,P004,AI Insights Module,1,East,Offline,3,738.6,2215.8,951.78,1264.02,39,0
3757,2025-10-15,2025,10,42,P001,Analytics Suite,0,West,Online,7,471.89,3303.23,1336.86,1966.37,56,1
3758,2025-10-15,2025,10,42,P002,Dashboard Pro,0,West,Offline,10,285.54,2855.4,1317.2,1538.2,120,1
3759,2025-10-15,2025,10,42,P003,Data Connector Plus,0,West,Online,16,138.8,2220.8,976.96,1243.84,224,3
3760,2025-10-15,2025,10,42,P004,AI Insights Module,1,West,Online,2,721.22,1442.44,589.9,852.54,16,0
3761,2025-10-16,2025,10,42,P001,Analytics Suite,0,North,Partner,10,469.59,4695.9,2178.9,2517.0,90,2
3762,2025-10-16,2025,10,42,P002,Dashboard Pro,0,North,Online,16,285.69,4571.04,2039.36,2531.68,208,4
3763,2025-10-16,2025,10,42,P003,Data Connector Plus,0,North,Offline,25,140.49,3512.25,1440.25,2072.0,225,4
3764,2025-10-16,2025,10,42,P004,AI Insights Module,1,North,Online,3,746.41,2239.23,1039.8,1199.43,39,0
3765,2025-10-16,2025,10,42,P001,Analytics Suite,0,South,Online,8,467.21,3737.68,1731.6,2006.08,80,1
3766,2025-10-16,2025,10,42,P002,Dashboard Pro,0,South,Partner,13,282.84,3676.92,1506.44,2170.48,117,2
3767,2025-10-16,2025,10,42,P003,Data Connector Plus,0,South,Online,23,140.31,3227.13,1285.24,1941.89,276,4
3768,2025-10-16,2025,10,42,P004,AI Insights Module,1,South,Offline,3,746.2,2238.6,946.5,1292.1,33,0
3769,2025-10-16,2025,10,42,P001,Analytics Suite,0,East,Offline,8,476.41,3811.28,1600.96,2210.32,96,2
3770,2025-10-16,2025,10,42,P002,Dashboard Pro,0,East,Offline,15,286.02,4290.3,1644.9,2645.4,210,4
3771,2025-10-16,2025,10,42,P003,Data Connector Plus,0,East,Partner,22,138.85,3054.7,1305.48,1749.22,176,4
3772,2025-10-16,2025,10,42,P004,AI Insights Module,1,East,Offline,3,720.9,2162.7,843.57,1319.13,33,0
3773,2025-10-16,2025,10,42,P001,Analytics Suite,0,West,Online,7,477.38,3341.66,1487.57,1854.09,98,1
3774,2025-10-16,2025,10,42,P002,Dashboard Pro,0,West,Offline,12,274.57,3294.84,1333.68,1961.16,120,3
3775,2025-10-16,2025,10,42,P003,Data Connector Plus,0,West,Online,17,135.41,2301.97,1096.67,1205.3,153,4
3776,2025-10-16,2025,10,42,P004,AI Insights Module,1,West,Partner,2,748.36,1496.72,570.66,926.06,16,0
3777,2025-10-17,2025,10,42,P001,Analytics Suite,0,North,Online,9,468.03,4212.27,1626.84,2585.43,90,1
3778,2025-10-17,2025,10,42,P002,Dashboard Pro,0,North,Online,15,282.44,4236.6,1672.05,2564.55,120,3
3779,2025-10-17,2025,10,42,P003,Data Connector Plus,0,North,Offline,23,141.36,3251.28,1427.61,1823.67,184,5
3780,2025-10-17,2025,10,42,P004,AI Insights Module,1,North,Online,3,741.27,2223.81,885.93,1337.88,39,0
3781,2025-10-17,2025,10,42,P001,Analytics Suite,0,South,Online,11,457.81,5035.91,2220.35,2815.56,132,2
3782,2025-10-17,2025,10,42,P002,Dashboard Pro,0,South,Offline,14,270.16,3782.24,1594.6,2187.64,168,2
3783,2025-10-17,2025,10,42,P003,Data Connector Plus,0,South,Partner,21,142.61,2994.81,1345.26,1649.55,168,4
3784,2025-10-17,2025,10,42,P004,AI Insights Module,1,South,Offline,3,755.44,2266.32,967.98,1298.34,42,0
3785,2025-10-17,2025,10,42,P001,Analytics Suite,0,East,Offline,10,465.67,4656.7,1811.4,2845.3,100,2
3786,2025-10-17,2025,10,42,P002,Dashboard Pro,0,East,Offline,16,272.51,4360.16,1691.04,2669.12,160,3
3787,2025-10-17,2025,10,42,P003,Data Connector Plus,0,East,Offline,21,136.54,2867.34,1249.71,1617.63,168,4
3788,2025-10-17,2025,10,42,P004,AI Insights Module,1,East,Offline,2,736.22,1472.44,667.98,804.46,26,0
3789,2025-10-17,2025,10,42,P001,Analytics Suite,0,West,Online,8,462.73,3701.84,1635.92,2065.92,112,1
3790,2025-10-17,2025,10,42,P002,Dashboard Pro,0,West,Partner,10,280.85,2808.5,1248.8,1559.7,80,2
3791,2025-10-17,2025,10,42,P003,Data Connector Plus,0,West,Online,15,136.78,2051.7,943.95,1107.75,210,3
3792,2025-10-17,2025,10,42,P004,AI Insights Module,1,West,Online,2,734.68,1469.36,704.48,764.88,16,0
3793,2025-10-18,2025,10,42,P001,Analytics Suite,0,North,Online,7,469.97,3289.79,1514.73,1775.06,56,1
3794,2025-10-18,2025,10,42,P002,Dashboard Pro,0,North,Offline,8,276.11,2208.88,1046.96,1161.92,112,2
3795,2025-10-18,2025,10,42,P003,Data Connector Plus,0,North,Offline,13,137.5,1787.5,750.62,1036.88,156,3
3796,2025-10-18,2025,10,42,P004,AI Insights Module,1,North,Online,2,751.69,1503.38,651.6,851.78,22,0
3797,2025-10-18,2025,10,42,P001,Analytics Suite,0,South,Offline,6,454.53,2727.18,1301.1,1426.08,48,1
3798,2025-10-18,2025,10,42,P002,Dashboard Pro,0,South,Online,10,281.56,2815.6,1273.3,1542.3,90,2
3799,2025-10-18,2025,10,42,P003,Data Connector Plus,0,South,Partner,14,136.08,1905.12,911.68,993.44,168,2
3800,2025-10-18,2025,10,42,P004,AI Insights Module,1,South,Offline,2,743.21,1486.42,678.12,808.3,16,0
3801,2025-10-18,2025,10,42,P001,Analytics Suite,0,East,Partner,6,464.23,2785.38,1192.98,1592.4,72,1
3802,2025-10-18,2025,10,42,P002,Dashboard Pro,0,East,Offline,9,270.41,2433.69,1070.73,1362.96,72,2
3803,2025-10-18,2025,10,42,P003,Data Connector Plus,0,East,Offline,15,140.42,2106.3,982.8,1123.5,150,2
3804,2025-10-18,2025,10,42,P004,AI Insights Module,1,East,Online,1,758.95,758.95,317.13,441.82,11,0
3805,2025-10-18,2025,10,42,P001,Analytics Suite,0,West,Online,5,465.56,2327.8,922.5,1405.3,50,1
3806,2025-10-18,2025,10,42,P002,Dashboard Pro,0,West,Online,6,271.72,1630.32,624.78,1005.54,66,1
3807,2025-10-18,2025,10,42,P003,Data Connector Plus,0,West,Online,12,140.0,1680.0,691.08,988.92,96,2
3808,2025-10-18,2025,10,42,P004,AI Insights Module,1,West,Online,1,721.09,721.09,300.22,420.87,10,0
3809,2025-10-19,2025,10,42,P001,Analytics Suite,0,North,Offline,6,469.59,2817.54,1220.52,1597.02,84,1
3810,2025-10-19,2025,10,42,P002,Dashboard Pro,0,North,Partner,10,285.05,2850.5,1209.7,1640.8,80,1
3811,2025-10-19,2025,10,42,P003,Data Connector Plus,0,North,Offline,14,135.02,1890.28,856.1,1034.18,140,3
3812,2025-10-19,2025,10,42,P004,AI Insights Module,1,North,Offline,2,756.12,1512.24,594.66,917.58,22,0
3813,2025-10-19,2025,10,42,P001,Analytics Suite,0,South,Offline,6,469.73,2818.38,1173.36,1645.02,48,1
3814,2025-10-19,2025,10,42,P002,Dashboard Pro,0,South,Offline,8,276.14,2209.12,843.12,1366.0,80,1
3815,2025-10-19,2025,10,42,P003,Data Connector Plus,0,South,Online,16,141.96,2271.36,980.48,1290.88,176,2
3816,2025-10-19,2025,10,42,P004,AI Insights Module,1,South,Online,2,723.09,1446.18,606.78,839.4,22,0
3817,2025-10-19,2025,10,42,P001,Analytics Suite,0,East,Offline,5,451.37,2256.85,877.4,1379.45,65,1
3818,2025-10-19,2025,10,42,P002,Dashboard Pro,0,East,Offline,9,269.86,2428.74,925.56,1503.18,72,1
3819,2025-10-19,2025,10,42,P003,Data Connector Plus,0,East,Online,13,135.4,1760.2,799.24,960.96,182,3
3820,2025-10-19,2025,10,42,P004,AI Insights Module,1,East,Offline,1,726.81,726.81,287.68,439.13,10,0
3821,2025-10-19,2025,10,42,P001,Analytics Suite,0,West,Online,5,471.23,2356.15,1036.1,1320.05,65,1
3822,2025-10-19,2025,10,42,P002,Dashboard Pro,0,West,Online,6,280.56,1683.36,646.68,1036.68,66,1
3823,2025-10-19,2025,10,42,P003,Data Connector Plus,0,West,Partner,11,134.77,1482.47,615.01,867.46,121,2
3824,2025-10-19,2025,10,42,P004,AI Insights Module,1,West,Online,1,733.94,733.94,298.96,434.98,14,0
3825,2025-10-20,2025,10,43,P001,Analytics Suite,0,North,Online,10,451.37,4513.7,2149.7,2364.0,120,2
3826,2025-10-20,2025,10,43,P002,Dashboard Pro,0,North,Offline,13,275.22,3577.86,1559.09,2018.77,104,3
3827,2025-10-20,2025,10,43,P003,Data Connector Plus,0,North,Online,20,138.97,2779.4,1153.6,1625.8,260,4
3828,2025-10-20,2025,10,43,P004,AI Insights Module,1,North,Offline,3,758.46,2275.38,1087.71,1187.67,33,0
3829,2025-10-20,2025,10,43,P001,Analytics Suite,0,South,Online,9,472.26,4250.34,1824.84,2425.5,72,2
3830,2025-10-20,2025,10,43,P002,Dashboard Pro,0,South,Online,14,276.53,3871.42,1629.18,2242.24,196,3
3831,2025-10-20,2025,10,43,P003,Data Connector Plus,0,South,Online,24,136.99,3287.76,1252.8,2034.96,264,5
3832,2025-10-20,2025,10,43,P004,AI Insights Module,1,South,Partner,3,754.56,2263.68,863.82,1399.86,33,0
3833,2025-10-20,2025,10,43,P001,Analytics Suite,0,East,Offline,10,451.9,4519.0,1749.3,2769.7,80,2
3834,2025-10-20,2025,10,43,P002,Dashboard Pro,0,East,Online,15,270.86,4062.9,1801.8,2261.1,195,2
3835,2025-10-20,2025,10,43,P003,Data Connector Plus,0,East,Online,22,135.19,2974.18,1286.78,1687.4,220,5
3836,2025-10-20,2025,10,43,P004,AI Insights Module,1,East,Online,3,728.77,2186.31,884.43,1301.88,27,0
3837,2025-10-20,2025,10,43,P001,Analytics Suite,0,West,Offline,7,457.54,3202.78,1451.45,1751.33,70,1
3838,2025-10-20,2025,10,43,P002,Dashboard Pro,0,West,Offline,10,283.27,2832.7,1241.7,1591.0,110,2
3839,2025-10-20,2025,10,43,P003,Data Connector Plus,0,West,Offline,17,139.17,2365.89,1051.11,1314.78,238,3
3840,2025-10-20,2025,10,43,P004,AI Insights Module,1,West,Partner,2,738.52,1477.04,686.48,790.56,20,0
3841,2025-10-21,2025,10,43,P001,Analytics Suite,0,North,Partner,9,459.34,4134.06,1668.15,2465.91,108,2
3842,2025-10-21,2025,10,43,P002,Dashboard Pro,0,North,Offline,15,277.98,4169.7,1776.3,2393.4,180,3
3843,2025-10-21,2025,10,43,P003,Data Connector Plus,0,North,Online,20,140.12,2802.4,1337.0,1465.4,180,5
3844,2025-10-21,2025,10,43,P004,AI Insights Module,1,North,Offline,3,758.57,2275.71,988.14,1287.57,24,0
3845,2025-10-21,2025,10,43,P001,Analytics Suite,0,South,Offline,8,468.03,3744.24,1432.4,2311.84,72,1
3846,2025-10-21,2025,10,43,P002,Dashboard Pro,0,South,Partner,14,273.35,3826.9,1718.36,2108.54,126,3
3847,2025-10-21,2025,10,43,P003,Data Connector Plus,0,South,Online,22,140.95,3100.9,1487.86,1613.04,264,4
3848,2025-10-21,2025,10,43,P004,AI Insights Module,1,South,Offline,3,729.07,2187.21,901.59,1285.62,27,0
3849,2025-10-21,2025,10,43,P001,Analytics Suite,0,East,Partner,10,476.18,4761.8,1988.6,2773.2,110,2
3850,2025-10-21,2025,10,43,P002,Dashboard Pro,0,East,Online,15,274.04,4110.6,1817.7,2292.9,135,3
3851,2025-10-21,2025,10,43,P003,Data Connector Plus,0,East,Online,21,138.86,2916.06,1121.82,1794.24,189,4
3852,2025-10-21,2025,10,43,P004,AI Insights Module,1,East,Online,3,746.42,2239.26,865.53,1373.73,24,0
3853,2025-10-21,2025,10,43,P001,Analytics Suite,0,West,Online,7,472.38,3306.66,1302.28,2004.38,70,1
3854,2025-10-21,2025,10,43,P002,Dashboard Pro,0,West,Online,11,270.91,2980.01,1397.44,1582.57,99,1
3855,2025-10-21,2025,10,43,P003,Data Connector Plus,0,West,Online,18,137.17,2469.06,1019.34,1449.72,144,3
3856,2025-10-21,2025,10,43,P004,AI Insights Module,1,West,Online,2,760.76,1521.52,627.42,894.1,22,0
3857,2025-10-22,2025,10,43,P001,Analytics Suite,0,North,Offline,10,452.08,4520.8,1774.1,2746.7,90,1
3858,2025-10-22,2025,10,43,P002,Dashboard Pro,0,North,Partner,15,282.89,4243.35,1898.25,2345.1,135,2
3859,2025-10-22,2025,10,43,P003,Data Connector Plus,0,North,Offline,24,142.67,3424.08,1614.0,1810.08,216,5
3860,2025-10-22,2025,10,43,P004,AI Insights Module,1,North,Partner,3,730.51,2191.53,1027.11,1164.42,33,0
3861,2025-10-22,2025,10,43,P001,Analytics Suite,0,South,Online,10,476.74,4767.4,2159.7,2607.7,100,1
3862,2025-10-22,2025,10,43,P002,Dashboard Pro,0,South,Offline,15,269.79,4046.85,1634.1,2412.75,120,3
3863,2025-10-22,2025,10,43,P003,Data Connector Plus,0,South,Offline,22,137.02,3014.44,1237.28,1777.16,308,5
3864,2025-10-22,2025,10,43,P004,AI Insights Module,1,South,Offline,2,757.52,1515.04,682.98,832.06,28,0
3865,2025-10-22,2025,10,43,P001,Analytics Suite,0,East,Online,8,463.96,3711.68,1732.8,1978.88,104,1
3866,2025-10-22,2025,10,43,P002,Dashboard Pro,0,East,Online,15,278.18,4172.7,1643.1,2529.6,165,3
3867,2025-10-22,2025,10,43,P003,Data Connector Plus,0,East,Partner,20,142.11,2842.2,1319.6,1522.6,160,4
3868,2025-10-22,2025,10,43,P004,AI Insights Module,1,East,Offline,3,756.66,2269.98,1006.59,1263.39,30,0
3869,2025-10-22,2025,10,43,P001,Analytics Suite,0,West,Offline,8,474.74,3797.92,1720.08,2077.84,88,1
3870,2025-10-22,2025,10,43,P002,Dashboard Pro,0,West,Online,11,274.98,3024.78,1212.64,1812.14,132,2
3871,2025-10-22,2025,10,43,P003,Data Connector Plus,0,West,Offline,16,139.29,2228.64,954.88,1273.76,208,3
3872,2025-10-22,2025,10,43,P004,AI Insights Module,1,West,Partner,2,733.16,1466.32,568.54,897.78,28,0
3873,2025-10-23,2025,10,43,P001,Analytics Suite,0,North,Offline,10,462.04,4620.4,2166.4,2454.0,120,2
3874,2025-10-23,2025,10,43,P002,Dashboard Pro,0,North,Offline,13,274.43,3567.59,1429.74,2137.85,169,3
3875,2025-10-23,2025,10,43,P003,Data Connector Plus,0,North,Online,24,138.04,3312.96,1505.76,1807.2,216,6
3876,2025-10-23,2025,10,43,P004,AI Insights Module,1,North,Online,3,737.76,2213.28,1000.08,1213.2,27,0
3877,2025-10-23,2025,10,43,P001,Analytics Suite,0,South,Offline,10,465.01,4650.1,2170.2,2479.9,130,1
3878,2025-10-23,2025,10,43,P002,Dashboard Pro,0,South,Online,15,279.11,4186.65,1597.8,2588.85,150,3
3879,2025-10-23,2025,10,43,P003,Data Connector Plus,0,South,Offline,21,138.16,2901.36,1142.4,1758.96,189,4
3880,2025-10-23,2025,10,43,P004,AI Insights Module,1,South,Partner,3,744.45,2233.35,915.72,1317.63,33,0
3881,2025-10-23,2025,10,43,P001,Analytics Suite,0,East,Online,10,454.65,4546.5,2067.1,2479.4,110,2
3882,2025-10-23,2025,10,43,P002,Dashboard Pro,0,East,Offline,13,278.29,3617.77,1703.65,1914.12,117,2
3883,2025-10-23,2025,10,43,P003,Data Connector Plus,0,East,Offline,22,139.76,3074.72,1269.84,1804.88,176,5
3884,2025-10-23,2025,10,43,P004,AI Insights Module,1,East,Offline,3,723.78,2171.34,976.56,1194.78,33,0
3885,2025-10-23,2025,10,43,P001,Analytics Suite,0,West,Online,7,470.29,3292.03,1382.92,1909.11,70,1
3886,2025-10-23,2025,10,43,P002,Dashboard Pro,0,West,Partner,12,279.73,3356.76,1407.0,1949.76,120,3
3887,2025-10-23,2025,10,43,P003,Data Connector Plus,0,West,Online,17,137.97,2345.49,1024.42,1321.07,170,4
3888,2025-10-23,2025,10,43,P004,AI Insights Module,1,West,Online,2,751.02,1502.04,699.4,802.64,16,0
3889,2025-10-24,2025,10,43,P001,Analytics Suite,0,North,Offline,9,455.75,4101.75,1902.96,2198.79,72,1
3890,2025-10-24,2025,10,43,P002,Dashboard Pro,0,North,Online,16,276.69,4427.04,1685.6,2741.44,144,3
3891,2025-10-24,2025,10,43,P003,Data Connector Plus,0,North,Online,22,137.06,3015.32,1268.3,1747.02,264,4
3892,2025-10-24,2025,10,43,P004,AI Insights Module,1,North,Partner,3,762.1,2286.3,943.74,1342.56,30,0
3893,2025-10-24,2025,10,43,P001,Analytics Suite,0,South,Partner,10,459.95,4599.5,1865.0,2734.5,90,2
3894,2025-10-24,2025,10,43,P002,Dashboard Pro,0,South,Offline,13,270.6,3517.8,1520.09,1997.71,130,3
3895,2025-10-24,2025,10,43,P003,Data Connector Plus,0,South,Online,24,141.53,3396.72,1412.16,1984.56,192,5
3896,2025-10-24,2025,10,43,P004,AI Insights Module,1,South,Online,3,735.27,2205.81,1028.25,1177.56,30,0
3897,2025-10-24,2025,10,43,P001,Analytics Suite,0,East,Online,10,466.54,4665.4,1775.2,2890.2,100,2
3898,2025-10-24,2025,10,43,P002,Dashboard Pro,0,East,Online,15,273.09,4096.35,1965.45,2130.9,180,2
3899,2025-10-24,2025,10,43,P003,Data Connector Plus,0,East,Offline,24,141.37,3392.88,1303.44,2089.44,336,4
3900,2025-10-24,2025,10,43,P004,AI Insights Module,1,East,Online,2,731.71,1463.42,599.76,863.66,24,0
3901,2025-10-24,2025,10,43,P001,Analytics Suite,0,West,Offline,7,456.06,3192.42,1268.47,1923.95,56,1
3902,2025-10-24,2025,10,43,P002,Dashboard Pro,0,West,Offline,11,270.54,2975.94,1197.35,1778.59,132,3
3903,2025-10-24,2025,10,43,P003,Data Connector Plus,0,West,Online,19,136.72,2597.68,1160.71,1436.97,190,3
3904,2025-10-24,2025,10,43,P004,AI Insights Module,1,West,Offline,2,749.22,1498.44,658.78,839.66,22,0
3905,2025-10-25,2025,10,43,P001,Analytics Suite,0,North,Partner,7,475.08,3325.56,1543.29,1782.27,63,1
3906,2025-10-25,2025,10,43,P002,Dashboard Pro,0,North,Online,8,274.21,2193.68,967.28,1226.4,88,1
3907,2025-10-25,2025,10,43,P003,Data Connector Plus,0,North,Online,14,142.02,1988.28,905.38,1082.9,140,3
3908,2025-10-25,2025,10,43,P004,AI Insights Module,1,North,Offline,2,734.12,1468.24,642.06,826.18,16,0
3909,2025-10-25,2025,10,43,P001,Analytics Suite,0,South,Online,6,456.35,2738.1,1283.7,1454.4,48,1
3910,2025-10-25,2025,10,43,P002,Dashboard Pro,0,South,Online,9,278.88,2509.92,954.0,1555.92,99,2
3911,2025-10-25,2025,10,43,P003,Data Connector Plus,0,South,Partner,14,135.64,1898.96,729.96,1169.0,196,2
3912,2025-10-25,2025,10,43,P004,AI Insights Module,1,South,Offline,1,761.41,761.41,299.99,461.42,14,0
3913,2025-10-25,2025,10,43,P001,Analytics Suite,0,East,Online,6,474.4,2846.4,1170.48,1675.92,84,1
3914,2025-10-25,2025,10,43,P002,Dashboard Pro,0,East,Offline,8,282.14,2257.12,922.16,1334.96,88,1
3915,2025-10-25,2025,10,43,P003,Data Connector Plus,0,East,Partner,14,137.45,1924.3,790.58,1133.72,182,3
3916,2025-10-25,2025,10,43,P004,AI Insights Module,1,East,Partner,2,732.7,1465.4,662.6,802.8,24,0
3917,2025-10-25,2025,10,43,P001,Analytics Suite,0,West,Online,4,471.16,1884.64,776.48,1108.16,48,0
3918,2025-10-25,2025,10,43,P002,Dashboard Pro,0,West,Offline,8,281.35,2250.8,879.2,1371.6,80,1
3919,2025-10-25,2025,10,43,P003,Data Connector Plus,0,West,Online,10,140.79,1407.9,539.4,868.5,110,2
3920,2025-10-25,2025,10,43,P004,AI Insights Module,1,West,Offline,1,737.57,737.57,292.5,445.07,10,0
3921,2025-10-26,2025,10,43,P001,Analytics Suite,0,North,Online,6,475.99,2855.94,1365.78,1490.16,84,1
3922,2025-10-26,2025,10,43,P002,Dashboard Pro,0,North,Partner,8,276.45,2211.6,985.76,1225.84,72,1
3923,2025-10-26,2025,10,43,P003,Data Connector Plus,0,North,Partner,15,137.5,2062.5,974.25,1088.25,180,3
3924,2025-10-26,2025,10,43,P004,AI Insights Module,1,North,Online,1,744.89,744.89,293.98,450.91,14,0
3925,2025-10-26,2025,10,43,P001,Analytics Suite,0,South,Online,6,459.61,2757.66,1199.22,1558.44,72,1
3926,2025-10-26,2025,10,43,P002,Dashboard Pro,0,South,Online,10,285.21,2852.1,1290.6,1561.5,110,2
3927,2025-10-26,2025,10,43,P003,Data Connector Plus,0,South,Offline,14,138.16,1934.24,740.18,1194.06,168,2
3928,2025-10-26,2025,10,43,P004,AI Insights Module,1,South,Offline,1,741.8,741.8,284.55,457.25,10,0
3929,2025-10-26,2025,10,43,P001,Analytics Suite,0,East,Offline,6,462.08,2772.48,1275.18,1497.3,84,1
3930,2025-10-26,2025,10,43,P002,Dashboard Pro,0,East,Partner,9,270.66,2435.94,1122.93,1313.01,90,2
3931,2025-10-26,2025,10,43,P003,Data Connector Plus,0,East,Online,15,140.26,2103.9,893.1,1210.8,210,3
3932,2025-10-26,2025,10,43,P004,AI Insights Module,1,East,Online,2,747.23,1494.46,699.18,795.28,28,0
3933,2025-10-26,2025,10,43,P001,Analytics Suite,0,West,Online,5,451.26,2256.3,961.8,1294.5,45,0
3934,2025-10-26,2025,10,43,P002,Dashboard Pro,0,West,Offline,7,275.07,1925.49,843.57,1081.92,84,1
3935,2025-10-26,2025,10,43,P003,Data Connector Plus,0,West,Offline,13,140.75,1829.75,769.47,1060.28,117,3
3936,2025-10-26,2025,10,43,P004,AI Insights Module,1,West,Online,1,745.32,745.32,322.36,422.96,10,0
3937,2025-10-27,2025,10,44,P001,Analytics Suite,0,North,Online,10,469.23,4692.3,1894.7,2797.6,90,2
3938,2025-10-27,2025,10,44,P002,Dashboard Pro,0,North,Offline,13,271.64,3531.32,1554.67,1976.65,169,3
3939,2025-10-27,2025,10,44,P003,Data Connector Plus,0,North,Partner,22,135.15,2973.3,1159.62,1813.68,264,6
3940,2025-10-27,2025,10,44,P004,AI Insights Module,1,North,Offline,3,744.85,2234.55,995.64,1238.91,42,0
3941,2025-10-27,2025,10,44,P001,Analytics Suite,0,South,Offline,9,453.87,4084.83,1890.27,2194.56,117,1
3942,2025-10-27,2025,10,44,P002,Dashboard Pro,0,South,Partner,14,281.66,3943.24,1512.84,2430.4,168,2
3943,2025-10-27,2025,10,44,P003,Data Connector Plus,0,South,Offline,22,135.51,2981.22,1308.56,1672.66,198,4
3944,2025-10-27,2025,10,44,P004,AI Insights Module,1,South,Online,3,760.61,2281.83,983.79,1298.04,39,0
3945,2025-10-27,2025,10,44,P001,Analytics Suite,0,East,Partner,9,458.61,4127.49,1668.6,2458.89,72,1
3946,2025-10-27,2025,10,44,P002,Dashboard Pro,0,East,Offline,14,275.2,3852.8,1796.34,2056.46,154,3
3947,2025-10-27,2025,10,44,P003,Data Connector Plus,0,East,Online,24,142.7,3424.8,1537.92,1886.88,240,4
3948,2025-10-27,2025,10,44,P004,AI Insights Module,1,East,Online,3,731.31,2193.93,1017.96,1175.97,27,0
3949,2025-10-27,2025,10,44,P001,Analytics Suite,0,West,Online,8,452.94,3623.52,1392.4,2231.12,104,2
3950,2025-10-27,2025,10,44,P002,Dashboard Pro,0,West,Online,11,281.01,3091.11,1373.57,1717.54,99,2
3951,2025-10-27,2025,10,44,P003,Data Connector Plus,0,West,Offline,18,140.03,2520.54,1026.9,1493.64,216,4
3952,2025-10-27,2025,10,44,P004,AI Insights Module,1,West,Partner,2,734.65,1469.3,589.08,880.22,24,0
3953,2025-10-28,2025,10,44,P001,Analytics Suite,0,North,Offline,9,458.74,4128.66,1837.8,2290.86,72,2
3954,2025-10-28,2025,10,44,P002,Dashboard Pro,0,North,Partner,15,285.35,4280.25,1764.6,2515.65,210,2
3955,2025-10-28,2025,10,44,P003,Data Connector Plus,0,North,Online,22,142.65,3138.3,1428.02,1710.28,286,5
3956,2025-10-28,2025,10,44,P004,AI Insights Module,1,North,Offline,3,747.61,2242.83,995.55,1247.28,36,0
3957,2025-10-28,2025,10,44,P001,Analytics Suite,0,South,Online,9,462.58,4163.22,1678.68,2484.54,81,2
3958,2025-10-28,2025,10,44,P002,Dashboard Pro,0,South,Online,15,280.2,4203.0,1719.9,2483.1,180,3
3959,2025-10-28,2025,10,44,P003,Data Connector Plus,0,South,Online,22,141.15,3105.3,1487.42,1617.88,308,5
3960,2025-10-28,2025,10,44,P004,AI Insights Module,1,South,Partner,3,758.95,2276.85,870.12,1406.73,42,0
3961,2025-10-28,2025,10,44,P001,Analytics Suite,0,East,Online,10,467.22,4672.2,2008.4,2663.8,140,2
3962,2025-10-28,2025,10,44,P002,Dashboard Pro,0,East,Partner,16,275.65,4410.4,1875.68,2534.72,160,4
3963,2025-10-28,2025,10,44,P003,Data Connector Plus,0,East,Online,23,140.26,3225.98,1301.11,1924.87,253,5
3964,2025-10-28,2025,10,44,P004,AI Insights Module,1,East,Online,3,755.29,2265.87,892.02,1373.85,24,0
3965,2025-10-28,2025,10,44,P001,Analytics Suite,0,West,Offline,7,460.4,3222.8,1431.71,1791.09,70,1
3966,2025-10-28,2025,10,44,P002,Dashboard Pro,0,West,Online,10,272.65,2726.5,1306.7,1419.8,140,2
3967,2025-10-28,2025,10,44,P003,Data Connector Plus,0,West,Online,18,139.62,2513.16,1101.6,1411.56,162,4
3968,2025-10-28,2025,10,44,P004,AI Insights Module,1,West,Online,2,741.58,1483.16,681.46,801.7,20,0
3969,2025-10-29,2025,10,44,P001,Analytics Suite,0,North,Offline,10,460.97,4609.7,2094.2,2515.5,100,2
3970,2025-10-29,2025,10,44,P002,Dashboard Pro,0,North,Partner,14,280.58,3928.12,1597.82,2330.3,154,3
3971,2025-10-29,2025,10,44,P003,Data Connector Plus,0,North,Online,25,135.37,3384.25,1400.0,1984.25,200,6
3972,2025-10-29,2025,10,44,P004,AI Insights Module,1,North,Offline,3,724.21,2172.63,948.24,1224.39,33,0
3973,2025-10-29,2025,10,44,P001,Analytics Suite,0,South,Partner,10,458.13,4581.3,2101.8,2479.5,90,2
3974,2025-10-29,2025,10,44,P002,Dashboard Pro,0,South,Offline,13,277.73,3610.49,1626.56,1983.93,104,2
3975,2025-10-29,2025,10,44,P003,Data Connector Plus,0,South,Offline,23,140.18,3224.14,1233.49,1990.65,230,6
3976,2025-10-29,2025,10,44,P004,AI Insights Module,1,South,Online,3,752.83,2258.49,923.4,1335.09,33,0
3977,2025-10-29,2025,10,44,P001,Analytics Suite,0,East,Partner,9,455.75,4101.75,1620.81,2480.94,126,2
3978,2025-10-29,2025,10,44,P002,Dashboard Pro,0,East,Offline,15,285.9,4288.5,1941.0,2347.5,180,3
3979,2025-10-29,2025,10,44,P003,Data Connector Plus,0,East,Offline,24,135.97,3263.28,1375.68,1887.6,216,5
3980,2025-10-29,2025,10,44,P004,AI Insights Module,1,East,Partner,2,754.05,1508.1,638.76,869.34,22,0
3981,2025-10-29,2025,10,44,P001,Analytics Suite,0,West,Online,7,458.88,3212.16,1309.91,1902.25,63,1
3982,2025-10-29,2025,10,44,P002,Dashboard Pro,0,West,Offline,12,271.97,3263.64,1283.76,1979.88,108,2
3983,2025-10-29,2025,10,44,P003,Data Connector Plus,0,West,Online,16,139.52,2232.32,1049.12,1183.2,128,3
3984,2025-10-29,2025,10,44,P004,AI Insights Module,1,West,Online,2,739.65,1479.3,634.36,844.94,22,0
3985,2025-10-30,2025,10,44,P001,Analytics Suite,0,North,Online,8,463.36,3706.88,1530.0,2176.88,64,1
3986,2025-10-30,2025,10,44,P002,Dashboard Pro,0,North,Online,13,276.46,3593.98,1587.43,2006.55,104,2
3987,2025-10-30,2025,10,44,P003,Data Connector Plus,0,North,Online,24,137.33,3295.92,1382.88,1913.04,336,5
3988,2025-10-30,2025,10,44,P004,AI Insights Module,1,North,Offline,3,727.02,2181.06,840.27,1340.79,42,0
3989,2025-10-30,2025,10,44,P001,Analytics Suite,0,South,Online,9,471.08,4239.72,1851.75,2387.97,72,2
3990,2025-10-30,2025,10,44,P002,Dashboard Pro,0,South,Online,14,284.82,3987.48,1767.92,2219.56,168,3
3991,2025-10-30,2025,10,44,P003,Data Connector Plus,0,South,Offline,24,139.73,3353.52,1400.4,1953.12,264,6
3992,2025-10-30,2025,10,44,P004,AI Insights Module,1,South,Online,3,734.09,2202.27,1041.09,1161.18,27,0
3993,2025-10-30,2025,10,44,P001,Analytics Suite,0,East,Online,10,465.39,4653.9,2114.2,2539.7,90,2
3994,2025-10-30,2025,10,44,P002,Dashboard Pro,0,East,Online,13,281.77,3663.01,1746.68,1916.33,182,3
3995,2025-10-30,2025,10,44,P003,Data Connector Plus,0,East,Offline,25,136.54,3413.5,1345.25,2068.25,275,5
3996,2025-10-30,2025,10,44,P004,AI Insights Module,1,East,Online,3,746.31,2238.93,904.8,1334.13,42,0
3997,2025-10-30,2025,10,44,P001,Analytics Suite,0,West,Online,7,460.21,3221.47,1448.3,1773.17,91,1
3998,2025-10-30,2025,10,44,P002,Dashboard Pro,0,West,Online,11,279.41,3073.51,1196.47,1877.04,110,2
3999,2025-10-30,2025,10,44,P003,Data Connector Plus,0,West,Online,19,138.22,2626.18,1214.29,1411.89,228,3
4000,2025-10-30,2025,10,44,P004,AI Insights Module,1,West,Online,2,751.46,1502.92,619.54,883.38,24,0
4001,2025-10-31,2025,10,44,P001,Analytics Suite,0,North,Online,9,462.27,4160.43,1602.54,2557.89,81,2
4002,2025-10-31,2025,10,44,P002,Dashboard Pro,0,North,Online,14,270.59,3788.26,1642.62,2145.64,182,3
4003,2025-10-31,2025,10,44,P003,Data Connector Plus,0,North,Online,20,136.13,2722.6,1290.0,1432.6,160,4
4004,2025-10-31,2025,10,44,P004,AI Insights Module,1,North,Online,3,744.62,2233.86,1060.02,1173.84,24,0
4005,2025-10-31,2025,10,44,P001,Analytics Suite,0,South,Online,10,452.31,4523.1,1997.0,2526.1,80,2
4006,2025-10-31,2025,10,44,P002,Dashboard Pro,0,South,Online,14,276.79,3875.06,1648.5,2226.56,196,2
4007,2025-10-31,2025,10,44,P003,Data Connector Plus,0,South,Online,23,139.83,3216.09,1359.76,1856.33,322,5
4008,2025-10-31,2025,10,44,P004,AI Insights Module,1,South,Offline,3,762.0,2286.0,1084.05,1201.95,30,0
4009,2025-10-31,2025,10,44,P001,Analytics Suite,0,East,Online,10,450.49,4504.9,1799.8,2705.1,90,1
4010,2025-10-31,2025,10,44,P002,Dashboard Pro,0,East,Partner,14,284.31,3980.34,1887.62,2092.72,182,3
4011,2025-10-31,2025,10,44,P003,Data Connector Plus,0,East,Partner,20,137.13,2742.6,1121.2,1621.4,180,3
4012,2025-10-31,2025,10,44,P004,AI Insights Module,1,East,Online,3,727.62,2182.86,837.48,1345.38,33,0
4013,2025-10-31,2025,10,44,P001,Analytics Suite,0,West,Online,7,470.71,3294.97,1283.52,2011.45,56,1
4014,2025-10-31,2025,10,44,P002,Dashboard Pro,0,West,Offline,11,273.9,3012.9,1187.23,1825.67,132,2
4015,2025-10-31,2025,10,44,P003,Data Connector Plus,0,West,Partner,16,134.72,2155.52,1006.4,1149.12,144,3
4016,2025-10-31,2025,10,44,P004,AI Insights Module,1,West,Online,2,728.63,1457.26,649.22,808.04,18,0
4017,2025-11-01,2025,11,44,P001,Analytics Suite,0,North,Online,9,502.41,4521.69,1769.76,2751.93,72,1
4018,2025-11-01,2025,11,44,P002,Dashboard Pro,0,North,Offline,13,293.78,3819.14,1538.29,2280.85,117,2
4019,2025-11-01,2025,11,44,P003,Data Connector Plus,0,North,Partner,19,147.92,2810.48,1128.41,1682.07,266,3
4020,2025-11-01,2025,11,44,P004,AI Insights Module,1,North,Partner,3,791.12,2373.36,969.12,1404.24,39,0
4021,2025-11-01,2025,11,44,P001,Analytics Suite,0,South,Online,8,499.02,3992.16,1636.0,2356.16,112,1
4022,2025-11-01,2025,11,44,P002,Dashboard Pro,0,South,Offline,14,293.14,4103.96,1735.72,2368.24,154,2
4023,2025-11-01,2025,11,44,P003,Data Connector Plus,0,South,Offline,22,151.05,3323.1,1345.08,1978.02,220,5
4024,2025-11-01,2025,11,44,P004,AI Insights Module,1,South,Partner,3,797.73,2393.19,967.44,1425.75,42,0
4025,2025-11-01,2025,11,44,P001,Analytics Suite,0,East,Online,9,502.75,4524.75,2095.11,2429.64,99,1
4026,2025-11-01,2025,11,44,P002,Dashboard Pro,0,East,Offline,14,291.68,4083.52,1952.72,2130.8,154,3
4027,2025-11-01,2025,11,44,P003,Data Connector Plus,0,East,Online,22,149.56,3290.32,1501.72,1788.6,242,4
4028,2025-11-01,2025,11,44,P004,AI Insights Module,1,East,Partner,2,812.78,1625.56,627.56,998.0,24,0
4029,2025-11-01,2025,11,44,P001,Analytics Suite,0,West,Offline,8,487.18,3897.44,1566.48,2330.96,80,1
4030,2025-11-01,2025,11,44,P002,Dashboard Pro,0,West,Online,13,296.68,3856.84,1765.4,2091.44,143,3
4031,2025-11-01,2025,11,44,P003,Data Connector Plus,0,West,Offline,23,148.05,3405.15,1373.33,2031.82,299,4
4032,2025-11-01,2025,11,44,P004,AI Insights Module,1,West,Partner,3,808.08,2424.24,1105.92,1318.32,27,0
4033,2025-11-02,2025,11,44,P001,Analytics Suite,0,North,Offline,9,510.62,4595.58,1879.38,2716.2,81,2
4034,2025-11-02,2025,11,44,P002,Dashboard Pro,0,North,Offline,14,307.79,4309.06,1702.4,2606.66,168,2
4035,2025-11-02,2025,11,44,P003,Data Connector Plus,0,North,Offline,20,145.93,2918.6,1312.8,1605.8,260,4
4036,2025-11-02,2025,11,44,P004,AI Insights Module,1,North,Partner,2,805.01,1610.02,655.52,954.5,20,0
4037,2025-11-02,2025,11,44,P001,Analytics Suite,0,South,Offline,8,500.45,4003.6,1620.0,2383.6,88,1
4038,2025-11-02,2025,11,44,P002,Dashboard Pro,0,South,Offline,13,291.85,3794.05,1554.02,2240.03,117,2
4039,2025-11-02,2025,11,44,P003,Data Connector Plus,0,South,Offline,21,150.04,3150.84,1369.41,1781.43,294,5
4040,2025-11-02,2025,11,44,P004,AI Insights Module,1,South,Online,2,792.02,1584.04,615.14,968.9,24,0
4041,2025-11-02,2025,11,44,P001,Analytics Suite,0,East,Offline,9,503.66,4532.94,1735.74,2797.2,72,1
4042,2025-11-02,2025,11,44,P002,Dashboard Pro,0,East,Online,14,298.53,4179.42,1876.98,2302.44,154,3
4043,2025-11-02,2025,11,44,P003,Data Connector Plus,0,East,Online,22,152.96,3365.12,1421.2,1943.92,264,5
4044,2025-11-02,2025,11,44,P004,AI Insights Module,1,East,Offline,3,809.14,2427.42,1016.25,1411.17,27,0
4045,2025-11-02,2025,11,44,P001,Analytics Suite,0,West,Online,8,487.98,3903.84,1638.96,2264.88,80,1
4046,2025-11-02,2025,11,44,P002,Dashboard Pro,0,West,Offline,14,304.08,4257.12,1755.32,2501.8,126,2
4047,2025-11-02,2025,11,44,P003,Data Connector Plus,0,West,Offline,19,149.7,2844.3,1191.3,1653.0,171,4
4048,2025-11-02,2025,11,44,P004,AI Insights Module,1,West,Partner,2,794.47,1588.94,698.8,890.14,18,0
4049,2025-11-03,2025,11,45,P001,Analytics Suite,0,North,Offline,14,501.55,7021.7,3299.66,3722.04,182,2
4050,2025-11-03,2025,11,45,P002,Dashboard Pro,0,North,Offline,20,300.3,6006.0,2330.2,3675.8,260,4
4051,2025-11-03,2025,11,45,P003,Data Connector Plus,0,North,Partner,29,148.23,4298.67,1759.14,2539.53,377,6
4052,2025-11-03,2025,11,45,P004,AI Insights Module,1,North,Offline,4,796.67,3186.68,1428.24,1758.44,44,0
4053,2025-11-03,2025,11,45,P001,Analytics Suite,0,South,Online,12,490.64,5887.68,2800.2,3087.48,96,2
4054,2025-11-03,2025,11,45,P002,Dashboard Pro,0,South,Online,19,303.9,5774.1,2642.33,3131.77,209,3
4055,2025-11-03,2025,11,45,P003,Data Connector Plus,0,South,Online,32,151.07,4834.24,1876.16,2958.08,448,6
4056,2025-11-03,2025,11,45,P004,AI Insights Module,1,South,Offline,4,788.06,3152.24,1330.0,1822.24,52,0
4057,2025-11-03,2025,11,45,P001,Analytics Suite,0,East,Online,14,512.68,7177.52,2799.58,4377.94,196,2
4058,2025-11-03,2025,11,45,P002,Dashboard Pro,0,East,Online,21,304.33,6390.93,2468.13,3922.8,273,3
4059,2025-11-03,2025,11,45,P003,Data Connector Plus,0,East,Online,31,149.9,4646.9,2187.98,2458.92,310,5
4060,2025-11-03,2025,11,45,P004,AI Insights Module,1,East,Offline,4,821.79,3287.16,1443.16,1844.0,52,0
4061,2025-11-03,2025,11,45,P001,Analytics Suite,0,West,Online,14,485.45,6796.3,3189.9,3606.4,126,2
4062,2025-11-03,2025,11,45,P002,Dashboard Pro,0,West,Online,20,304.93,6098.6,2882.0,3216.6,220,4
4063,2025-11-03,2025,11,45,P003,Data Connector Plus,0,West,Partner,32,144.82,4634.24,2040.0,2594.24,384,6
4064,2025-11-03,2025,11,45,P004,AI Insights Module,1,West,Offline,4,820.8,3283.2,1412.4,1870.8,40,1
4065,2025-11-04,2025,11,45,P001,Analytics Suite,0,North,Partner,13,500.6,6507.8,2609.36,3898.44,104,2
4066,2025-11-04,2025,11,45,P002,Dashboard Pro,0,North,Offline,20,302.5,6050.0,2357.2,3692.8,260,5
4067,2025-11-04,2025,11,45,P003,Data Connector Plus,0,North,Partner,35,145.42,5089.7,1963.85,3125.85,385,7
4068,2025-11-04,2025,11,45,P004,AI Insights Module,1,North,Partner,4,816.03,3264.12,1402.12,1862.0,56,0
4069,2025-11-04,2025,11,45,P001,Analytics Suite,0,South,Offline,12,505.15,6061.8,2865.0,3196.8,120,3
4070,2025-11-04,2025,11,45,P002,Dashboard Pro,0,South,Offline,23,295.47,6795.81,2585.43,4210.38,322,6
4071,2025-11-04,2025,11,45,P003,Data Connector Plus,0,South,Online,32,151.71,4854.72,1902.72,2952.0,256,8
4072,2025-11-04,2025,11,45,P004,AI Insights Module,1,South,Online,4,805.33,3221.32,1524.92,1696.4,44,0
4073,2025-11-04,2025,11,45,P001,Analytics Suite,0,East,Offline,15,490.41,7356.15,3170.55,4185.6,210,3
4074,2025-11-04,2025,11,45,P002,Dashboard Pro,0,East,Offline,19,297.72,5656.68,2462.97,3193.71,171,5
4075,2025-11-04,2025,11,45,P003,Data Connector Plus,0,East,Online,28,150.23,4206.44,1875.16,2331.28,224,6
4076,2025-11-04,2025,11,45,P004,AI Insights Module,1,East,Online,4,822.91,3291.64,1300.76,1990.88,52,0
4077,2025-11-04,2025,11,45,P001,Analytics Suite,0,West,Online,15,486.31,7294.65,2930.85,4363.8,150,2
4078,2025-11-04,2025,11,45,P002,Dashboard Pro,0,West,Offline,21,297.8,6253.8,2417.94,3835.86,231,4
4079,2025-11-04,2025,11,45,P003,Data Connector Plus,0,West,Partner,34,147.54,5016.36,2286.16,2730.2,306,7
4080,2025-11-04,2025,11,45,P004,AI Insights Module,1,West,Online,4,778.63,3114.52,1271.64,1842.88,40,1
4081,2025-11-05,2025,11,45,P001,Analytics Suite,0,North,Offline,12,505.22,6062.64,2731.08,3331.56,144,2
4082,2025-11-05,2025,11,45,P002,Dashboard Pro,0,North,Offline,20,306.35,6127.0,2501.2,3625.8,240,4
4083,2025-11-05,2025,11,45,P003,Data Connector Plus,0,North,Online,35,146.5,5127.5,2002.7,3124.8,350,9
4084,2025-11-05,2025,11,45,P004,AI Insights Module,1,North,Offline,4,791.36,3165.44,1493.16,1672.28,52,0
4085,2025-11-05,2025,11,45,P001,Analytics Suite,0,South,Partner,13,499.15,6488.95,3108.56,3380.39,182,2
4086,2025-11-05,2025,11,45,P002,Dashboard Pro,0,South,Online,21,298.2,6262.2,2855.79,3406.41,189,4
4087,2025-11-05,2025,11,45,P003,Data Connector Plus,0,South,Partner,31,146.85,4552.35,1740.03,2812.32,341,5
4088,2025-11-05,2025,11,45,P004,AI Insights Module,1,South,Partner,4,822.92,3291.68,1526.96,1764.72,32,0
4089,2025-11-05,2025,11,45,P001,Analytics Suite,0,East,Partner,14,499.28,6989.92,3258.08,3731.84,154,2
4090,2025-11-05,2025,11,45,P002,Dashboard Pro,0,East,Offline,22,299.21,6582.62,3078.68,3503.94,176,3
4091,2025-11-05,2025,11,45,P003,Data Connector Plus,0,East,Online,33,151.8,5009.4,1933.14,3076.26,396,6
4092,2025-11-05,2025,11,45,P004,AI Insights Module,1,East,Offline,5,811.45,4057.25,1598.85,2458.4,60,1
4093,2025-11-05,2025,11,45,P001,Analytics Suite,0,West,Online,12,499.04,5988.48,2796.72,3191.76,120,2
4094,2025-11-05,2025,11,45,P002,Dashboard Pro,0,West,Online,18,292.59,5266.62,2294.1,2972.52,162,3
4095,2025-11-05,2025,11,45,P003,Data Connector Plus,0,West,Partner,32,148.74,4759.68,1900.48,2859.2,384,8
4096,2025-11-05,2025,11,45,P004,AI Insights Module,1,West,Online,4,789.28,3157.12,1212.04,1945.08,32,1
4097,2025-11-06,2025,11,45,P001,Analytics Suite,0,North,Online,13,502.15,6527.95,3061.5,3466.45,130,2
4098,2025-11-06,2025,11,45,P002,Dashboard Pro,0,North,Offline,18,294.45,5300.1,2466.18,2833.92,252,4
4099,2025-11-06,2025,11,45,P003,Data Connector Plus,0,North,Partner,29,153.18,4442.22,1761.17,2681.05,261,7
4100,2025-11-06,2025,11,45,P004,AI Insights Module,1,North,Online,4,819.3,3277.2,1340.12,1937.08,44,0
4101,2025-11-06,2025,11,45,P001,Analytics Suite,0,South,Offline,15,494.79,7421.85,3264.75,4157.1,120,3
4102,2025-11-06,2025,11,45,P002,Dashboard Pro,0,South,Offline,19,292.32,5554.08,2150.99,3403.09,266,5
4103,2025-11-06,2025,11,45,P003,Data Connector Plus,0,South,Partner,29,147.1,4265.9,1724.63,2541.27,290,5
4104,2025-11-06,2025,11,45,P004,AI Insights Module,1,South,Offline,4,811.42,3245.68,1480.32,1765.36,48,0
4105,2025-11-06,2025,11,45,P001,Analytics Suite,0,East,Offline,14,492.65,6897.1,2934.12,3962.98,196,3
4106,2025-11-06,2025,11,45,P002,Dashboard Pro,0,East,Online,21,299.91,6298.11,2714.46,3583.65,273,4
4107,2025-11-06,2025,11,45,P003,Data Connector Plus,0,East,Online,33,144.73,4776.09,2052.6,2723.49,330,8
4108,2025-11-06,2025,11,45,P004,AI Insights Module,1,East,Offline,4,821.44,3285.76,1401.28,1884.48,36,0
4109,2025-11-06,2025,11,45,P001,Analytics Suite,0,West,Online,12,488.4,5860.8,2590.8,3270.0,156,3
4110,2025-11-06,2025,11,45,P002,Dashboard Pro,0,West,Partner,20,306.74,6134.8,2773.2,3361.6,280,4
4111,2025-11-06,2025,11,45,P003,Data Connector Plus,0,West,Offline,28,151.81,4250.68,2004.24,2246.44,280,7
4112,2025-11-06,2025,11,45,P004,AI Insights Module,1,West,Offline,4,789.7,3158.8,1440.28,1718.52,48,0
4113,2025-11-07,2025,11,45,P001,Analytics Suite,0,North,Online,15,484.05,7260.75,3170.4,4090.35,165,2
4114,2025-11-07,2025,11,45,P002,Dashboard Pro,0,North,Offline,19,306.07,5815.33,2525.67,3289.66,266,3
4115,2025-11-07,2025,11,45,P003,Data Connector Plus,0,North,Online,28,144.96,4058.88,1639.96,2418.92,308,6
4116,2025-11-07,2025,11,45,P004,AI Insights Module,1,North,Online,4,796.32,3185.28,1311.8,1873.48,44,0
4117,2025-11-07,2025,11,45,P001,Analytics Suite,0,South,Offline,12,490.7,5888.4,2413.56,3474.84,96,3
4118,2025-11-07,2025,11,45,P002,Dashboard Pro,0,South,Offline,18,296.45,5336.1,2177.28,3158.82,216,4
4119,2025-11-07,2025,11,45,P003,Data Connector Plus,0,South,Offline,31,150.02,4650.62,1952.07,2698.55,434,6
4120,2025-11-07,2025,11,45,P004,AI Insights Module,1,South,Partner,4,815.17,3260.68,1344.4,1916.28,36,1
4121,2025-11-07,2025,11,45,P001,Analytics Suite,0,East,Online,12,492.47,5909.64,2328.84,3580.8,156,2
4122,2025-11-07,2025,11,45,P002,Dashboard Pro,0,East,Offline,19,299.22,5685.18,2205.9,3479.28,190,4
4123,2025-11-07,2025,11,45,P003,Data Connector Plus,0,East,Online,30,150.97,4529.1,1901.4,2627.7,420,5
4124,2025-11-07,2025,11,45,P004,AI Insights Module,1,East,Online,4,790.15,3160.6,1494.4,1666.2,48,0
4125,2025-11-07,2025,11,45,P001,Analytics Suite,0,West,Online,14,500.89,7012.46,2859.36,4153.1,126,3
4126,2025-11-07,2025,11,45,P002,Dashboard Pro,0,West,Online,18,307.91,5542.38,2186.1,3356.28,234,4
4127,2025-11-07,2025,11,45,P003,Data Connector Plus,0,West,Online,33,147.13,4855.29,2256.87,2598.42,297,7
4128,2025-11-07,2025,11,45,P004,AI Insights Module,1,West,Offline,4,813.88,3255.52,1252.12,2003.4,36,0
4129,2025-11-08,2025,11,45,P001,Analytics Suite,0,North,Online,9,502.15,4519.35,1996.29,2523.06,117,1
4130,2025-11-08,2025,11,45,P002,Dashboard Pro,0,North,Partner,12,298.74,3584.88,1412.04,2172.84,144,2
4131,2025-11-08,2025,11,45,P003,Data Connector Plus,0,North,Offline,19,148.17,2815.23,1119.48,1695.75,266,3
4132,2025-11-08,2025,11,45,P004,AI Insights Module,1,North,Partner,3,803.33,2409.99,1061.4,1348.59,33,0
4133,2025-11-08,2025,11,45,P001,Analytics Suite,0,South,Online,10,484.18,4841.8,2236.6,2605.2,90,2
4134,2025-11-08,2025,11,45,P002,Dashboard Pro,0,South,Online,14,292.2,4090.8,1759.1,2331.7,126,2
4135,2025-11-08,2025,11,45,P003,Data Connector Plus,0,South,Online,22,151.87,3341.14,1284.8,2056.34,198,4
4136,2025-11-08,2025,11,45,P004,AI Insights Module,1,South,Online,3,780.12,2340.36,938.88,1401.48,27,0
4137,2025-11-08,2025,11,45,P001,Analytics Suite,0,East,Offline,8,498.62,3988.96,1538.96,2450.0,64,1
4138,2025-11-08,2025,11,45,P002,Dashboard Pro,0,East,Offline,14,301.66,4223.24,1666.56,2556.68,154,3
4139,2025-11-08,2025,11,45,P003,Data Connector Plus,0,East,Online,20,150.95,3019.0,1166.6,1852.4,220,5
4140,2025-11-08,2025,11,45,P004,AI Insights Module,1,East,Online,2,803.78,1607.56,704.0,903.56,22,0
4141,2025-11-08,2025,11,45,P001,Analytics Suite,0,West,Online,9,490.82,4417.38,1830.6,2586.78,126,2
4142,2025-11-08,2025,11,45,P002,Dashboard Pro,0,West,Online,12,303.36,3640.32,1620.24,2020.08,132,2
4143,2025-11-08,2025,11,45,P003,Data Connector Plus,0,West,Online,23,149.31,3434.13,1434.28,1999.85,230,5
4144,2025-11-08,2025,11,45,P004,AI Insights Module,1,West,Online,2,786.78,1573.56,616.56,957.0,26,0
4145,2025-11-09,2025,11,45,P001,Analytics Suite,0,North,Offline,9,489.89,4409.01,2081.07,2327.94,72,2
4146,2025-11-09,2025,11,45,P002,Dashboard Pro,0,North,Offline,14,297.71,4167.94,1725.5,2442.44,154,3
4147,2025-11-09,2025,11,45,P003,Data Connector Plus,0,North,Offline,21,150.32,3156.72,1239.0,1917.72,168,5
4148,2025-11-09,2025,11,45,P004,AI Insights Module,1,North,Offline,2,779.18,1558.36,666.48,891.88,20,0
4149,2025-11-09,2025,11,45,P001,Analytics Suite,0,South,Offline,9,507.9,4571.1,1797.39,2773.71,81,1
4150,2025-11-09,2025,11,45,P002,Dashboard Pro,0,South,Offline,12,298.61,3583.32,1370.28,2213.04,132,2
4151,2025-11-09,2025,11,45,P003,Data Connector Plus,0,South,Online,20,148.35,2967.0,1172.4,1794.6,180,4
4152,2025-11-09,2025,11,45,P004,AI Insights Module,1,South,Online,2,792.08,1584.16,623.86,960.3,28,0
4153,2025-11-09,2025,11,45,P001,Analytics Suite,0,East,Offline,9,492.55,4432.95,1782.36,2650.59,99,2
4154,2025-11-09,2025,11,45,P002,Dashboard Pro,0,East,Offline,12,305.2,3662.4,1399.56,2262.84,108,2
4155,2025-11-09,2025,11,45,P003,Data Connector Plus,0,East,Online,22,148.58,3268.76,1428.46,1840.3,198,5
4156,2025-11-09,2025,11,45,P004,AI Insights Module,1,East,Online,3,782.15,2346.45,908.82,1437.63,39,0
4157,2025-11-09,2025,11,45,P001,Analytics Suite,0,West,Offline,8,501.98,4015.84,1678.64,2337.2,112,1
4158,2025-11-09,2025,11,45,P002,Dashboard Pro,0,West,Partner,12,298.62,3583.44,1454.16,2129.28,156,2
4159,2025-11-09,2025,11,45,P003,Data Connector Plus,0,West,Offline,21,151.69,3185.49,1392.09,1793.4,210,5
4160,2025-11-09,2025,11,45,P004,AI Insights Module,1,West,Offline,2,785.11,1570.22,611.48,958.74,16,0
4161,2025-11-10,2025,11,46,P001,Analytics Suite,0,North,Online,14,484.94,6789.16,2690.94,4098.22,140,3
4162,2025-11-10,2025,11,46,P002,Dashboard Pro,0,North,Partner,19,297.76,5657.44,2642.9,3014.54,171,4
4163,2025-11-10,2025,11,46,P003,Data Connector Plus,0,North,Partner,34,148.89,5062.26,2401.08,2661.18,340,6
4164,2025-11-10,2025,11,46,P004,AI Insights Module,1,North,Partner,4,786.96,3147.84,1407.92,1739.92,40,0
4165,2025-11-10,2025,11,46,P001,Analytics Suite,0,South,Partner,14,502.4,7033.6,3044.86,3988.74,140,3
4166,2025-11-10,2025,11,46,P002,Dashboard Pro,0,South,Online,21,292.9,6150.9,2692.62,3458.28,294,5
4167,2025-11-10,2025,11,46,P003,Data Connector Plus,0,South,Online,34,144.72,4920.48,2024.7,2895.78,306,9
4168,2025-11-10,2025,11,46,P004,AI Insights Module,1,South,Online,4,821.57,3286.28,1424.2,1862.08,44,0
4169,2025-11-10,2025,11,46,P001,Analytics Suite,0,East,Online,12,508.53,6102.36,2786.28,3316.08,132,3
4170,2025-11-10,2025,11,46,P002,Dashboard Pro,0,East,Online,22,302.78,6661.16,3023.9,3637.26,198,5
4171,2025-11-10,2025,11,46,P003,Data Connector Plus,0,East,Online,33,149.75,4941.75,2311.32,2630.43,429,8
4172,2025-11-10,2025,11,46,P004,AI Insights Module,1,East,Online,4,802.62,3210.48,1471.24,1739.24,56,0
4173,2025-11-10,2025,11,46,P001,Analytics Suite,0,West,Online,12,488.44,5861.28,2497.8,3363.48,132,3
4174,2025-11-10,2025,11,46,P002,Dashboard Pro,0,West,Offline,21,305.36,6412.56,2440.83,3971.73,273,5
4175,2025-11-10,2025,11,46,P003,Data Connector Plus,0,West,Offline,35,150.99,5284.65,2205.7,3078.95,315,9
4176,2025-11-10,2025,11,46,P004,AI Insights Module,1,West,Offline,4,806.45,3225.8,1300.04,1925.76,36,0
4177,2025-11-11,2025,11,46,P001,Analytics Suite,0,North,Offline,12,492.79,5913.48,2807.04,3106.44,168,3
4178,2025-11-11,2025,11,46,P002,Dashboard Pro,0,North,Offline,18,294.39,5299.02,2480.4,2818.62,234,4
4179,2025-11-11,2025,11,46,P003,Data Connector Plus,0,North,Online,35,150.78,5277.3,2384.2,2893.1,280,7
4180,2025-11-11,2025,11,46,P004,AI Insights Module,1,North,Online,4,810.02,3240.08,1363.12,1876.96,36,0
4181,2025-11-11,2025,11,46,P001,Analytics Suite,0,South,Partner,12,509.86,6118.32,2585.76,3532.56,144,2
4182,2025-11-11,2025,11,46,P002,Dashboard Pro,0,South,Offline,18,292.51,5265.18,2015.1,3250.08,162,4
4183,2025-11-11,2025,11,46,P003,Data Connector Plus,0,South,Offline,28,152.47,4269.16,1837.08,2432.08,280,5
4184,2025-11-11,2025,11,46,P004,AI Insights Module,1,South,Partner,4,787.16,3148.64,1260.56,1888.08,48,1
4185,2025-11-11,2025,11,46,P001,Analytics Suite,0,East,Offline,12,509.45,6113.4,2337.12,3776.28,132,3
4186,2025-11-11,2025,11,46,P002,Dashboard Pro,0,East,Offline,19,307.56,5843.64,2511.99,3331.65,209,4
4187,2025-11-11,2025,11,46,P003,Data Connector Plus,0,East,Online,28,146.38,4098.64,1819.72,2278.92,280,5
4188,2025-11-11,2025,11,46,P004,AI Insights Module,1,East,Partner,5,817.73,4088.65,1608.1,2480.55,60,1
4189,2025-11-11,2025,11,46,P001,Analytics Suite,0,West,Offline,13,496.58,6455.54,2486.64,3968.9,182,3
4190,2025-11-11,2025,11,46,P002,Dashboard Pro,0,West,Offline,18,301.18,5421.24,2552.4,2868.84,144,4
4191,2025-11-11,2025,11,46,P003,Data Connector Plus,0,West,Partner,31,151.9,4708.9,1789.94,2918.96,434,5
4192,2025-11-11,2025,11,46,P004,AI Insights Module,1,West,Offline,4,793.8,3175.2,1492.24,1682.96,56,1
4193,2025-11-12,2025,11,46,P001,Analytics Suite,0,North,Offline,15,503.26,7548.9,3032.25,4516.65,120,3
4194,2025-11-12,2025,11,46,P002,Dashboard Pro,0,North,Offline,20,301.49,6029.8,2463.6,3566.2,160,4
4195,2025-11-12,2025,11,46,P003,Data Connector Plus,0,North,Online,28,145.08,4062.24,1708.56,2353.68,280,7
4196,2025-11-12,2025,11,46,P004,AI Insights Module,1,North,Offline,4,807.97,3231.88,1396.96,1834.92,36,0
4197,2025-11-12,2025,11,46,P001,Analytics Suite,0,South,Offline,13,503.36,6543.68,2695.81,3847.87,143,2
4198,2025-11-12,2025,11,46,P002,Dashboard Pro,0,South,Online,19,301.23,5723.37,2470.38,3252.99,209,4
4199,2025-11-12,2025,11,46,P003,Data Connector Plus,0,South,Partner,30,145.51,4365.3,1898.4,2466.9,330,5
4200,2025-11-12,2025,11,46,P004,AI Insights Module,1,South,Online,5,804.19,4020.95,1845.75,2175.2,55,1
4201,2025-11-12,2025,11,46,P001,Analytics Suite,0,East,Offline,13,502.18,6528.34,2939.95,3588.39,169,2
4202,2025-11-12,2025,11,46,P002,Dashboard Pro,0,East,Online,18,291.71,5250.78,2218.14,3032.64,198,4
4203,2025-11-12,2025,11,46,P003,Data Connector Plus,0,East,Offline,35,145.54,5093.9,2356.9,2737.0,385,7
4204,2025-11-12,2025,11,46,P004,AI Insights Module,1,East,Offline,4,810.31,3241.24,1296.24,1945.0,52,0
4205,2025-11-12,2025,11,46,P001,Analytics Suite,0,West,Online,13,485.28,6308.64,2607.28,3701.36,104,3
4206,2025-11-12,2025,11,46,P002,Dashboard Pro,0,West,Online,19,293.43,5575.17,2155.93,3419.24,228,4
4207,2025-11-12,2025,11,46,P003,Data Connector Plus,0,West,Offline,30,150.84,4525.2,1884.6,2640.6,270,6
4208,2025-11-12,2025,11,46,P004,AI Insights Module,1,West,Offline,4,806.49,3225.96,1278.48,1947.48,48,0
4209,2025-11-13,2025,11,46,P001,Analytics Suite,0,North,Offline,13,488.28,6347.64,2856.75,3490.89,182,2
4210,2025-11-13,2025,11,46,P002,Dashboard Pro,0,North,Offline,18,302.25,5440.5,2572.74,2867.76,180,4
4211,2025-11-13,2025,11,46,P003,Data Connector Plus,0,North,Online,32,152.3,4873.6,2230.4,2643.2,448,5
4212,2025-11-13,2025,11,46,P004,AI Insights Module,1,North,Online,4,791.38,3165.52,1349.16,1816.36,56,0
4213,2025-11-13,2025,11,46,P001,Analytics Suite,0,South,Offline,13,501.77,6523.01,2645.11,3877.9,117,2
4214,2025-11-13,2025,11,46,P002,Dashboard Pro,0,South,Online,20,303.28,6065.6,2381.2,3684.4,200,4
4215,2025-11-13,2025,11,46,P003,Data Connector Plus,0,South,Partner,35,148.34,5191.9,2390.15,2801.75,280,7
4216,2025-11-13,2025,11,46,P004,AI Insights Module,1,South,Offline,4,818.91,3275.64,1547.36,1728.28,48,0
4217,2025-11-13,2025,11,46,P001,Analytics Suite,0,East,Offline,14,484.27,6779.78,2728.04,4051.74,196,3
4218,2025-11-13,2025,11,46,P002,Dashboard Pro,0,East,Offline,22,307.08,6755.76,2875.18,3880.58,242,5
4219,2025-11-13,2025,11,46,P003,Data Connector Plus,0,East,Offline,34,145.61,4950.74,1950.58,3000.16,340,6
4220,2025-11-13,2025,11,46,P004,AI Insights Module,1,East,Partner,4,806.31,3225.24,1225.96,1999.28,36,0
4221,2025-11-13,2025,11,46,P001,Analytics Suite,0,West,Online,12,511.2,6134.4,2838.6,3295.8,96,3
4222,2025-11-13,2025,11,46,P002,Dashboard Pro,0,West,Offline,19,293.5,5576.5,2239.91,3336.59,209,4
4223,2025-11-13,2025,11,46,P003,Data Connector Plus,0,West,Offline,28,151.14,4231.92,1900.92,2331.0,392,6
4224,2025-11-13,2025,11,46,P004,AI Insights Module,1,West,Offline,4,811.34,3245.36,1464.24,1781.12,56,0
4225,2025-11-14,2025,11,46,P001,Analytics Suite,0,North,Offline,12,501.38,6016.56,2512.68,3503.88,96,3
4226,2025-11-14,2025,11,46,P002,Dashboard Pro,0,North,Online,20,303.88,6077.6,2556.6,3521.0,220,3
4227,2025-11-14,2025,11,46,P003,Data Connector Plus,0,North,Offline,33,150.62,4970.46,1985.61,2984.85,297,8
4228,2025-11-14,2025,11,46,P004,AI Insights Module,1,North,Online,4,804.51,3218.04,1524.12,1693.92,36,1
4229,2025-11-14,2025,11,46,P001,Analytics Suite,0,South,Online,15,513.56,7703.4,3208.05,4495.35,195,3
4230,2025-11-14,2025,11,46,P002,Dashboard Pro,0,South,Online,21,307.2,6451.2,2508.45,3942.75,294,3
4231,2025-11-14,2025,11,46,P003,Data Connector Plus,0,South,Offline,30,153.33,4599.9,1757.7,2842.2,330,7
4232,2025-11-14,2025,11,46,P004,AI Insights Module,1,South,Online,4,786.69,3146.76,1301.04,1845.72,32,1
4233,2025-11-14,2025,11,46,P001,Analytics Suite,0,East,Partner,14,486.5,6811.0,3095.82,3715.18,112,2
4234,2025-11-14,2025,11,46,P002,Dashboard Pro,0,East,Partner,18,302.75,5449.5,2075.58,3373.92,198,4
4235,2025-11-14,2025,11,46,P003,Data Connector Plus,0,East,Offline,29,147.65,4281.85,1913.71,2368.14,261,7
4236,2025-11-14,2025,11,46,P004,AI Insights Module,1,East,Partner,5,803.69,4018.45,1608.7,2409.75,70,1
4237,2025-11-14,2025,11,46,P001,Analytics Suite,0,West,Online,13,505.4,6570.2,2890.94,3679.26,104,2
4238,2025-11-14,2025,11,46,P002,Dashboard Pro,0,West,Online,21,298.5,6268.5,2622.9,3645.6,210,5
4239,2025-11-14,2025,11,46,P003,Data Connector Plus,0,West,Partner,33,152.79,5042.07,2345.97,2696.1,363,8
4240,2025-11-14,2025,11,46,P004,AI Insights Module,1,West,Partner,4,782.5,3130.0,1484.36,1645.64,32,1
4241,2025-11-15,2025,11,46,P001,Analytics Suite,0,North,Online,9,508.5,4576.5,1806.03,2770.47,90,2
4242,2025-11-15,2025,11,46,P002,Dashboard Pro,0,North,Online,12,299.69,3596.28,1690.8,1905.48,144,3
4243,2025-11-15,2025,11,46,P003,Data Connector Plus,0,North,Online,20,145.68,2913.6,1117.2,1796.4,280,5
4244,2025-11-15,2025,11,46,P004,AI Insights Module,1,North,Offline,3,781.8,2345.4,902.88,1442.52,39,0
4245,2025-11-15,2025,11,46,P001,Analytics Suite,0,South,Online,9,507.68,4569.12,1747.26,2821.86,108,2
4246,2025-11-15,2025,11,46,P002,Dashboard Pro,0,South,Offline,12,304.81,3657.72,1536.48,2121.24,96,2
4247,2025-11-15,2025,11,46,P003,Data Connector Plus,0,South,Offline,22,152.39,3352.58,1605.34,1747.24,198,4
4248,2025-11-15,2025,11,46,P004,AI Insights Module,1,South,Online,2,806.45,1612.9,727.86,885.04,24,0
4249,2025-11-15,2025,11,46,P001,Analytics Suite,0,East,Partner,8,484.42,3875.36,1752.56,2122.8,64,1
4250,2025-11-15,2025,11,46,P002,Dashboard Pro,0,East,Online,13,300.71,3909.23,1658.8,2250.43,156,2
4251,2025-11-15,2025,11,46,P003,Data Connector Plus,0,East,Partner,18,152.94,2752.92,1312.38,1440.54,216,3
4252,2025-11-15,2025,11,46,P004,AI Insights Module,1,East,Online,3,820.49,2461.47,951.24,1510.23,30,0
4253,2025-11-15,2025,11,46,P001,Analytics Suite,0,West,Offline,9,506.66,4559.94,2016.27,2543.67,72,1
4254,2025-11-15,2025,11,46,P002,Dashboard Pro,0,West,Offline,14,302.7,4237.8,1790.32,2447.48,154,2
4255,2025-11-15,2025,11,46,P003,Data Connector Plus,0,West,Partner,20,146.05,2921.0,1259.4,1661.6,160,5
4256,2025-11-15,2025,11,46,P004,AI Insights Module,1,West,Offline,2,781.6,1563.2,604.46,958.74,24,0
4257,2025-11-16,2025,11,46,P001,Analytics Suite,0,North,Offline,9,501.16,4510.44,2156.58,2353.86,117,2
4258,2025-11-16,2025,11,46,P002,Dashboard Pro,0,North,Partner,14,305.67,4279.38,1657.74,2621.64,126,3
4259,2025-11-16,2025,11,46,P003,Data Connector Plus,0,North,Online,23,144.85,3331.55,1581.48,1750.07,276,5
4260,2025-11-16,2025,11,46,P004,AI Insights Module,1,North,Offline,3,775.43,2326.29,1100.31,1225.98,33,0
4261,2025-11-16,2025,11,46,P001,Analytics Suite,0,South,Online,9,492.72,4434.48,1944.27,2490.21,108,1
4262,2025-11-16,2025,11,46,P002,Dashboard Pro,0,South,Offline,12,302.0,3624.0,1739.04,1884.96,132,3
4263,2025-11-16,2025,11,46,P003,Data Connector Plus,0,South,Offline,20,144.79,2895.8,1335.6,1560.2,220,4
4264,2025-11-16,2025,11,46,P004,AI Insights Module,1,South,Offline,3,779.74,2339.22,1092.36,1246.86,33,0
4265,2025-11-16,2025,11,46,P001,Analytics Suite,0,East,Online,9,508.3,4574.7,1936.26,2638.44,81,2
4266,2025-11-16,2025,11,46,P002,Dashboard Pro,0,East,Online,13,296.44,3853.72,1617.2,2236.52,169,3
4267,2025-11-16,2025,11,46,P003,Data Connector Plus,0,East,Online,21,148.64,3121.44,1235.85,1885.59,252,4
4268,2025-11-16,2025,11,46,P004,AI Insights Module,1,East,Offline,2,799.71,1599.42,698.92,900.5,16,0
4269,2025-11-16,2025,11,46,P001,Analytics Suite,0,West,Partner,8,495.92,3967.36,1636.48,2330.88,112,1
4270,2025-11-16,2025,11,46,P002,Dashboard Pro,0,West,Partner,14,300.83,4211.62,2007.88,2203.74,168,2
4271,2025-11-16,2025,11,46,P003,Data Connector Plus,0,West,Offline,19,149.75,2845.25,1233.48,1611.77,228,3
4272,2025-11-16,2025,11,46,P004,AI Insights Module,1,West,Offline,2,797.88,1595.76,657.88,937.88,22,0
4273,2025-11-17,2025,11,47,P001,Analytics Suite,0,North,Offline,13,492.9,6407.7,3019.38,3388.32,117,2
4274,2025-11-17,2025,11,47,P002,Dashboard Pro,0,North,Online,21,290.47,6099.87,2878.26,3221.61,168,5
4275,2025-11-17,2025,11,47,P003,Data Connector Plus,0,North,Online,30,151.44,4543.2,1902.6,2640.6,420,6
4276,2025-11-17,2025,11,47,P004,AI Insights Module,1,North,Partner,4,802.44,3209.76,1409.16,1800.6,36,1
4277,2025-11-17,2025,11,47,P001,Analytics Suite,0,South,Offline,13,495.9,6446.7,2793.31,3653.39,156,2
4278,2025-11-17,2025,11,47,P002,Dashboard Pro,0,South,Offline,18,307.56,5536.08,2134.8,3401.28,144,4
4279,2025-11-17,2025,11,47,P003,Data Connector Plus,0,South,Offline,34,144.57,4915.38,2000.56,2914.82,340,8
4280,2025-11-17,2025,11,47,P004,AI Insights Module,1,South,Offline,4,820.47,3281.88,1361.84,1920.04,44,0
4281,2025-11-17,2025,11,47,P001,Analytics Suite,0,East,Online,12,491.0,5892.0,2586.36,3305.64,108,2
4282,2025-11-17,2025,11,47,P002,Dashboard Pro,0,East,Online,18,305.77,5503.86,2126.52,3377.34,144,4
4283,2025-11-17,2025,11,47,P003,Data Connector Plus,0,East,Online,34,144.85,4924.9,2242.98,2681.92,408,6
4284,2025-11-17,2025,11,47,P004,AI Insights Module,1,East,Online,4,803.83,3215.32,1273.92,1941.4,36,1
4285,2025-11-17,2025,11,47,P001,Analytics Suite,0,West,Online,13,490.34,6374.42,2432.3,3942.12,156,2
4286,2025-11-17,2025,11,47,P002,Dashboard Pro,0,West,Offline,18,304.07,5473.26,2090.7,3382.56,162,3
4287,2025-11-17,2025,11,47,P003,Data Connector Plus,0,West,Online,30,146.07,4382.1,1850.7,2531.4,390,6
4288,2025-11-17,2025,11,47,P004,AI Insights Module,1,West,Online,4,796.66,3186.64,1445.08,1741.56,56,0
4289,2025-11-18,2025,11,47,P001,Analytics Suite,0,North,Offline,12,508.25,6099.0,2738.64,3360.36,168,3
4290,2025-11-18,2025,11,47,P002,Dashboard Pro,0,North,Partner,22,295.5,6501.0,2709.3,3791.7,264,4
4291,2025-11-18,2025,11,47,P003,Data Connector Plus,0,North,Online,34,148.96,5064.64,2199.46,2865.18,374,7
4292,2025-11-18,2025,11,47,P004,AI Insights Module,1,North,Online,4,806.0,3224.0,1295.68,1928.32,40,0
4293,2025-11-18,2025,11,47,P001,Analytics Suite,0,South,Offline,12,495.43,5945.16,2838.96,3106.2,144,2
4294,2025-11-18,2025,11,47,P002,Dashboard Pro,0,South,Offline,20,306.67,6133.4,2789.2,3344.2,260,4
4295,2025-11-18,2025,11,47,P003,Data Connector Plus,0,South,Offline,29,147.18,4268.22,1904.14,2364.08,261,7
4296,2025-11-18,2025,11,47,P004,AI Insights Module,1,South,Offline,4,820.32,3281.28,1383.56,1897.72,56,0
4297,2025-11-18,2025,11,47,P001,Analytics Suite,0,East,Online,13,495.76,6444.88,2603.9,3840.98,130,2
4298,2025-11-18,2025,11,47,P002,Dashboard Pro,0,East,Online,21,298.3,6264.3,2383.29,3881.01,231,4
4299,2025-11-18,2025,11,47,P003,Data Connector Plus,0,East,Offline,33,146.71,4841.43,2037.42,2804.01,429,8
4300,2025-11-18,2025,11,47,P004,AI Insights Module,1,East,Offline,4,806.52,3226.08,1304.56,1921.52,40,1
4301,2025-11-18,2025,11,47,P001,Analytics Suite,0,West,Online,13,501.91,6524.83,2500.16,4024.67,156,2
4302,2025-11-18,2025,11,47,P002,Dashboard Pro,0,West,Offline,21,295.51,6205.71,2975.28,3230.43,210,3
4303,2025-11-18,2025,11,47,P003,Data Connector Plus,0,West,Offline,29,146.94,4261.26,1969.97,2291.29,377,5
4304,2025-11-18,2025,11,47,P004,AI Insights Module,1,West,Partner,4,783.29,3133.16,1428.24,1704.92,48,0
4305,2025-11-19,2025,11,47,P001,Analytics Suite,0,North,Partner,14,497.41,6963.74,3277.82,3685.92,154,3
4306,2025-11-19,2025,11,47,P002,Dashboard Pro,0,North,Offline,21,294.87,6192.27,2766.12,3426.15,210,5
4307,2025-11-19,2025,11,47,P003,Data Connector Plus,0,North,Online,28,149.56,4187.68,1648.92,2538.76,308,6
4308,2025-11-19,2025,11,47,P004,AI Insights Module,1,North,Offline,4,792.02,3168.08,1424.76,1743.32,52,0
4309,2025-11-19,2025,11,47,P001,Analytics Suite,0,South,Online,15,484.72,7270.8,2831.4,4439.4,180,3
4310,2025-11-19,2025,11,47,P002,Dashboard Pro,0,South,Partner,19,291.19,5532.61,2248.84,3283.77,228,4
4311,2025-11-19,2025,11,47,P003,Data Connector Plus,0,South,Online,33,146.61,4838.13,2138.73,2699.4,363,8
4312,2025-11-19,2025,11,47,P004,AI Insights Module,1,South,Offline,4,778.8,3115.2,1218.56,1896.64,32,0
4313,2025-11-19,2025,11,47,P001,Analytics Suite,0,East,Partner,13,484.9,6303.7,2648.23,3655.47,117,2
4314,2025-11-19,2025,11,47,P002,Dashboard Pro,0,East,Offline,20,294.77,5895.4,2638.6,3256.8,280,5
4315,2025-11-19,2025,11,47,P003,Data Connector Plus,0,East,Offline,34,147.6,5018.4,2089.3,2929.1,408,6
4316,2025-11-19,2025,11,47,P004,AI Insights Module,1,East,Online,4,809.3,3237.2,1340.92,1896.28,40,0
4317,2025-11-19,2025,11,47,P001,Analytics Suite,0,West,Online,14,496.95,6957.3,3216.92,3740.38,168,3
4318,2025-11-19,2025,11,47,P002,Dashboard Pro,0,West,Online,21,295.85,6212.85,2921.31,3291.54,273,4
4319,2025-11-19,2025,11,47,P003,Data Connector Plus,0,West,Offline,34,147.33,5009.22,2130.78,2878.44,442,6
4320,2025-11-19,2025,11,47,P004,AI Insights Module,1,West,Online,4,781.54,3126.16,1221.6,1904.56,56,0
4321,2025-11-20,2025,11,47,P001,Analytics Suite,0,North,Online,12,491.52,5898.24,2324.16,3574.08,168,2
4322,2025-11-20,2025,11,47,P002,Dashboard Pro,0,North,Partner,19,298.56,5672.64,2565.19,3107.45,247,5
4323,2025-11-20,2025,11,47,P003,Data Connector Plus,0,North,Partner,29,148.33,4301.57,1958.66,2342.91,261,5
4324,2025-11-20,2025,11,47,P004,AI Insights Module,1,North,Partner,4,780.71,3122.84,1324.72,1798.12,52,0
4325,2025-11-20,2025,11,47,P001,Analytics Suite,0,South,Offline,14,511.96,7167.44,2783.76,4383.68,126,3
4326,2025-11-20,2025,11,47,P002,Dashboard Pro,0,South,Online,19,304.2,5779.8,2541.82,3237.98,228,5
4327,2025-11-20,2025,11,47,P003,Data Connector Plus,0,South,Online,31,148.95,4617.45,1769.48,2847.97,310,6
4328,2025-11-20,2025,11,47,P004,AI Insights Module,1,South,Online,4,803.32,3213.28,1261.24,1952.04,56,0
4329,2025-11-20,2025,11,47,P001,Analytics Suite,0,East,Offline,14,497.22,6961.08,3304.84,3656.24,112,3
4330,2025-11-20,2025,11,47,P002,Dashboard Pro,0,East,Offline,19,304.05,5776.95,2726.5,3050.45,228,4
4331,2025-11-20,2025,11,47,P003,Data Connector Plus,0,East,Partner,28,149.02,4172.56,1860.04,2312.52,224,6
4332,2025-11-20,2025,11,47,P004,AI Insights Module,1,East,Offline,4,792.73,3170.92,1299.36,1871.56,44,0
4333,2025-11-20,2025,11,47,P001,Analytics Suite,0,West,Offline,14,500.59,7008.26,2738.12,4270.14,126,2
4334,2025-11-20,2025,11,47,P002,Dashboard Pro,0,West,Offline,20,303.79,6075.8,2421.0,3654.8,220,4
4335,2025-11-20,2025,11,47,P003,Data Connector Plus,0,West,Offline,29,147.49,4277.21,1747.25,2529.96,377,5
4336,2025-11-20,2025,11,47,P004,AI Insights Module,1,West,Offline,5,800.02,4000.1,1639.7,2360.4,65,1
4337,2025-11-21,2025,11,47,P001,Analytics Suite,0,North,Offline,14,490.77,6870.78,3081.96,3788.82,112,3
4338,2025-11-21,2025,11,47,P002,Dashboard Pro,0,North,Offline,21,300.53,6311.13,2803.71,3507.42,273,4
4339,2025-11-21,2025,11,47,P003,Data Connector Plus,0,North,Online,31,150.64,4669.84,2211.85,2457.99,403,7
4340,2025-11-21,2025,11,47,P004,AI Insights Module,1,North,Online,4,812.53,3250.12,1530.72,1719.4,32,0
4341,2025-11-21,2025,11,47,P001,Analytics Suite,0,South,Offline,12,487.37,5848.44,2581.68,3266.76,156,3
4342,2025-11-21,2025,11,47,P002,Dashboard Pro,0,South,Offline,21,298.81,6275.01,2482.83,3792.18,189,5
4343,2025-11-21,2025,11,47,P003,Data Connector Plus,0,South,Online,30,149.6,4488.0,1904.1,2583.9,300,7
4344,2025-11-21,2025,11,47,P004,AI Insights Module,1,South,Offline,4,798.24,3192.96,1257.04,1935.92,40,0
4345,2025-11-21,2025,11,47,P001,Analytics Suite,0,East,Offline,13,484.06,6292.78,2926.43,3366.35,130,3
4346,2025-11-21,2025,11,47,P002,Dashboard Pro,0,East,Partner,22,291.48,6412.56,2599.74,3812.82,176,4
4347,2025-11-21,2025,11,47,P003,Data Connector Plus,0,East,Online,28,153.36,4294.08,1909.32,2384.76,392,7
4348,2025-11-21,2025,11,47,P004,AI Insights Module,1,East,Offline,4,801.9,3207.6,1503.4,1704.2,32,1
4349,2025-11-21,2025,11,47,P001,Analytics Suite,0,West,Online,13,494.4,6427.2,2645.63,3781.57,156,2
4350,2025-11-21,2025,11,47,P002,Dashboard Pro,0,West,Offline,21,290.88,6108.48,2487.45,3621.03,168,5
4351,2025-11-21,2025,11,47,P003,Data Connector Plus,0,West,Online,33,146.37,4830.21,2057.22,2772.99,429,7
4352,2025-11-21,2025,11,47,P004,AI Insights Module,1,West,Offline,4,800.75,3203.0,1469.8,1733.2,36,0
4353,2025-11-22,2025,11,47,P001,Analytics Suite,0,North,Online,8,486.29,3890.32,1737.04,2153.28,96,1
4354,2025-11-22,2025,11,47,P002,Dashboard Pro,0,North,Online,12,305.66,3667.92,1483.56,2184.36,108,2
4355,2025-11-22,2025,11,47,P003,Data Connector Plus,0,North,Online,18,147.31,2651.58,1069.92,1581.66,144,4
4356,2025-11-22,2025,11,47,P004,AI Insights Module,1,North,Online,2,813.19,1626.38,707.5,918.88,28,0
4357,2025-11-22,2025,11,47,P001,Analytics Suite,0,South,Offline,9,510.42,4593.78,1801.44,2792.34,108,2
4358,2025-11-22,2025,11,47,P002,Dashboard Pro,0,South,Online,13,297.48,3867.24,1688.18,2179.06,156,3
4359,2025-11-22,2025,11,47,P003,Data Connector Plus,0,South,Offline,18,152.92,2752.56,1249.2,1503.36,162,4
4360,2025-11-22,2025,11,47,P004,AI Insights Module,1,South,Offline,2,799.49,1598.98,685.34,913.64,26,0
4361,2025-11-22,2025,11,47,P001,Analytics Suite,0,East,Online,7,484.72,3393.04,1526.42,1866.62,70,1
4362,2025-11-22,2025,11,47,P002,Dashboard Pro,0,East,Online,12,298.53,3582.36,1516.68,2065.68,96,2
4363,2025-11-22,2025,11,47,P003,Data Connector Plus,0,East,Offline,20,151.63,3032.6,1314.0,1718.6,260,4
4364,2025-11-22,2025,11,47,P004,AI Insights Module,1,East,Online,2,785.42,1570.84,609.64,961.2,20,0
4365,2025-11-22,2025,11,47,P001,Analytics Suite,0,West,Offline,9,506.59,4559.31,2025.54,2533.77,126,1
4366,2025-11-22,2025,11,47,P002,Dashboard Pro,0,West,Offline,14,297.57,4165.98,1747.76,2418.22,168,2
4367,2025-11-22,2025,11,47,P003,Data Connector Plus,0,West,Offline,22,149.89,3297.58,1278.86,2018.72,242,4
4368,2025-11-22,2025,11,47,P004,AI Insights Module,1,West,Offline,3,813.9,2441.7,1050.18,1391.52,39,0
4369,2025-11-23,2025,11,47,P001,Analytics Suite,0,North,Offline,8,496.77,3974.16,1552.56,2421.6,88,2
4370,2025-11-23,2025,11,47,P002,Dashboard Pro,0,North,Offline,14,296.88,4156.32,1670.34,2485.98,168,2
4371,2025-11-23,2025,11,47,P003,Data Connector Plus,0,North,Online,20,146.38,2927.6,1360.2,1567.4,240,4
4372,2025-11-23,2025,11,47,P004,AI Insights Module,1,North,Online,3,814.49,2443.47,962.67,1480.8,39,0
4373,2025-11-23,2025,11,47,P001,Analytics Suite,0,South,Online,9,506.83,4561.47,2171.88,2389.59,99,1
4374,2025-11-23,2025,11,47,P002,Dashboard Pro,0,South,Online,14,305.92,4282.88,1715.14,2567.74,154,2
4375,2025-11-23,2025,11,47,P003,Data Connector Plus,0,South,Online,19,150.61,2861.59,1206.5,1655.09,209,3
4376,2025-11-23,2025,11,47,P004,AI Insights Module,1,South,Online,2,805.05,1610.1,659.42,950.68,18,0
4377,2025-11-23,2025,11,47,P001,Analytics Suite,0,East,Offline,9,513.68,4623.12,2166.93,2456.19,81,1
4378,2025-11-23,2025,11,47,P002,Dashboard Pro,0,East,Online,13,305.13,3966.69,1721.07,2245.62,143,3
4379,2025-11-23,2025,11,47,P003,Data Connector Plus,0,East,Partner,21,152.6,3204.6,1338.75,1865.85,189,4
4380,2025-11-23,2025,11,47,P004,AI Insights Module,1,East,Online,3,775.17,2325.51,996.81,1328.7,27,0
4381,2025-11-23,2025,11,47,P001,Analytics Suite,0,West,Online,9,496.05,4464.45,1731.69,2732.76,126,1
4382,2025-11-23,2025,11,47,P002,Dashboard Pro,0,West,Online,14,303.43,4248.02,2033.92,2214.1,182,3
4383,2025-11-23,2025,11,47,P003,Data Connector Plus,0,West,Partner,21,146.03,3066.63,1266.51,1800.12,231,4
4384,2025-11-23,2025,11,47,P004,AI Insights Module,1,West,Online,2,818.55,1637.1,775.44,861.66,26,0
4385,2025-11-24,2025,11,48,P001,Analytics Suite,0,North,Online,12,500.29,6003.48,2375.52,3627.96,144,2
4386,2025-11-24,2025,11,48,P002,Dashboard Pro,0,North,Offline,20,290.4,5808.0,2611.6,3196.4,220,5
4387,2025-11-24,2025,11,48,P003,Data Connector Plus,0,North,Partner,35,150.36,5262.6,2175.95,3086.65,385,7
4388,2025-11-24,2025,11,48,P004,AI Insights Module,1,North,Offline,4,812.91,3251.64,1317.56,1934.08,52,0
4389,2025-11-24,2025,11,48,P001,Analytics Suite,0,South,Offline,15,501.44,7521.6,2901.0,4620.6,180,2
4390,2025-11-24,2025,11,48,P002,Dashboard Pro,0,South,Online,22,291.94,6422.68,2791.58,3631.1,220,4
4391,2025-11-24,2025,11,48,P003,Data Connector Plus,0,South,Offline,30,148.26,4447.8,1936.2,2511.6,240,7
4392,2025-11-24,2025,11,48,P004,AI Insights Module,1,South,Partner,4,820.12,3280.48,1271.84,2008.64,44,0
4393,2025-11-24,2025,11,48,P001,Analytics Suite,0,East,Partner,14,509.6,7134.4,3001.04,4133.36,140,2
4394,2025-11-24,2025,11,48,P002,Dashboard Pro,0,East,Online,23,293.62,6753.26,2877.53,3875.73,276,6
4395,2025-11-24,2025,11,48,P003,Data Connector Plus,0,East,Online,34,148.54,5050.36,2299.42,2750.94,476,6
4396,2025-11-24,2025,11,48,P004,AI Insights Module,1,East,Online,4,804.22,3216.88,1385.56,1831.32,48,0
4397,2025-11-24,2025,11,48,P001,Analytics Suite,0,West,Partner,14,490.36,6865.04,3013.78,3851.26,182,3
4398,2025-11-24,2025,11,48,P002,Dashboard Pro,0,West,Partner,21,297.06,6238.26,2805.81,3432.45,189,4
4399,2025-11-24,2025,11,48,P003,Data Connector Plus,0,West,Offline,29,151.89,4404.81,2110.33,2294.48,319,6
4400,2025-11-24,2025,11,48,P004,AI Insights Module,1,West,Online,4,808.38,3233.52,1488.2,1745.32,36,0
4401,2025-11-25,2025,11,48,P001,Analytics Suite,0,North,Offline,13,487.64,6339.32,2706.99,3632.33,104,3
4402,2025-11-25,2025,11,48,P002,Dashboard Pro,0,North,Offline,19,300.41,5707.79,2346.12,3361.67,152,4
4403,2025-11-25,2025,11,48,P003,Data Connector Plus,0,North,Online,28,148.79,4166.12,1895.6,2270.52,280,6
4404,2025-11-25,2025,11,48,P004,AI Insights Module,1,North,Online,4,799.17,3196.68,1503.64,1693.04,44,1
4405,2025-11-25,2025,11,48,P001,Analytics Suite,0,South,Offline,12,501.93,6023.16,2789.28,3233.88,168,2
4406,2025-11-25,2025,11,48,P002,Dashboard Pro,0,South,Online,22,307.96,6775.12,2678.94,4096.18,286,5
4407,2025-11-25,2025,11,48,P003,Data Connector Plus,0,South,Online,34,152.5,5185.0,2111.4,3073.6,476,8
4408,2025-11-25,2025,11,48,P004,AI Insights Module,1,South,Offline,4,783.86,3135.44,1388.8,1746.64,32,1
4409,2025-11-25,2025,11,48,P001,Analytics Suite,0,East,Offline,15,508.92,7633.8,3222.15,4411.65,210,2
4410,2025-11-25,2025,11,48,P002,Dashboard Pro,0,East,Partner,22,304.72,6703.84,2673.44,4030.4,286,5
4411,2025-11-25,2025,11,48,P003,Data Connector Plus,0,East,Online,29,149.38,4332.02,1759.43,2572.59,348,5
4412,2025-11-25,2025,11,48,P004,AI Insights Module,1,East,Offline,4,809.71,3238.84,1306.48,1932.36,40,0
4413,2025-11-25,2025,11,48,P001,Analytics Suite,0,West,Online,12,485.61,5827.32,2681.16,3146.16,168,2
4414,2025-11-25,2025,11,48,P002,Dashboard Pro,0,West,Offline,20,303.25,6065.0,2332.6,3732.4,240,4
4415,2025-11-25,2025,11,48,P003,Data Connector Plus,0,West,Partner,33,147.26,4859.58,2108.37,2751.21,396,6
4416,2025-11-25,2025,11,48,P004,AI Insights Module,1,West,Offline,4,810.0,3240.0,1429.24,1810.76,52,1
4417,2025-11-26,2025,11,48,P001,Analytics Suite,0,North,Offline,14,497.83,6969.62,2877.56,4092.06,126,3
4418,2025-11-26,2025,11,48,P002,Dashboard Pro,0,North,Offline,22,297.54,6545.88,3061.74,3484.14,176,4
4419,2025-11-26,2025,11,48,P003,Data Connector Plus,0,North,Offline,33,146.25,4826.25,2064.81,2761.44,264,6
4420,2025-11-26,2025,11,48,P004,AI Insights Module,1,North,Online,4,785.88,3143.52,1416.56,1726.96,32,0
4421,2025-11-26,2025,11,48,P001,Analytics Suite,0,South,Online,12,489.17,5870.04,2785.44,3084.6,168,2
4422,2025-11-26,2025,11,48,P002,Dashboard Pro,0,South,Offline,21,305.81,6422.01,2961.0,3461.01,189,3
4423,2025-11-26,2025,11,48,P003,Data Connector Plus,0,South,Offline,33,146.73,4842.09,1991.55,2850.54,363,8
4424,2025-11-26,2025,11,48,P004,AI Insights Module,1,South,Offline,4,801.12,3204.48,1310.68,1893.8,40,0
4425,2025-11-26,2025,11,48,P001,Analytics Suite,0,East,Partner,14,500.58,7008.12,3132.22,3875.9,126,3
4426,2025-11-26,2025,11,48,P002,Dashboard Pro,0,East,Offline,18,295.04,5310.72,2213.46,3097.26,252,4
4427,2025-11-26,2025,11,48,P003,Data Connector Plus,0,East,Offline,30,148.21,4446.3,1742.1,2704.2,240,7
4428,2025-11-26,2025,11,48,P004,AI Insights Module,1,East,Online,4,778.15,3112.6,1185.28,1927.32,40,1
4429,2025-11-26,2025,11,48,P001,Analytics Suite,0,West,Online,13,493.28,6412.64,2782.52,3630.12,156,3
4430,2025-11-26,2025,11,48,P002,Dashboard Pro,0,West,Online,22,298.42,6565.24,2912.58,3652.66,308,4
4431,2025-11-26,2025,11,48,P003,Data Connector Plus,0,West,Offline,30,145.36,4360.8,1878.9,2481.9,240,7
4432,2025-11-26,2025,11,48,P004,AI Insights Module,1,West,Partner,4,778.68,3114.72,1205.6,1909.12,56,0
4433,2025-11-27,2025,11,48,P001,Analytics Suite,0,North,Online,13,493.6,6416.8,2809.17,3607.63,169,3
4434,2025-11-27,2025,11,48,P002,Dashboard Pro,0,North,Online,18,307.2,5529.6,2494.44,3035.16,198,4
4435,2025-11-27,2025,11,48,P003,Data Connector Plus,0,North,Offline,33,153.46,5064.18,2009.37,3054.81,462,7
4436,2025-11-27,2025,11,48,P004,AI Insights Module,1,North,Offline,4,793.43,3173.72,1470.96,1702.76,32,0
4437,2025-11-27,2025,11,48,P001,Analytics Suite,0,South,Offline,13,506.62,6586.06,3053.18,3532.88,104,3
4438,2025-11-27,2025,11,48,P002,Dashboard Pro,0,South,Online,22,295.51,6501.22,3028.74,3472.48,286,4
4439,2025-11-27,2025,11,48,P003,Data Connector Plus,0,South,Offline,31,150.55,4667.05,1899.68,2767.37,279,6
4440,2025-11-27,2025,11,48,P004,AI Insights Module,1,South,Offline,4,807.37,3229.48,1534.72,1694.76,36,0
4441,2025-11-27,2025,11,48,P001,Analytics Suite,0,East,Partner,13,487.1,6332.3,2647.71,3684.59,156,3
4442,2025-11-27,2025,11,48,P002,Dashboard Pro,0,East,Offline,19,290.7,5523.3,2298.81,3224.49,266,3
4443,2025-11-27,2025,11,48,P003,Data Connector Plus,0,East,Online,30,151.03,4530.9,2149.8,2381.1,360,7
4444,2025-11-27,2025,11,48,P004,AI Insights Module,1,East,Online,4,796.59,3186.36,1476.2,1710.16,56,0
4445,2025-11-27,2025,11,48,P001,Analytics Suite,0,West,Partner,13,513.19,6671.47,3137.81,3533.66,169,3
4446,2025-11-27,2025,11,48,P002,Dashboard Pro,0,West,Online,21,296.73,6231.33,2893.59,3337.74,231,5
4447,2025-11-27,2025,11,48,P003,Data Connector Plus,0,West,Partner,30,148.35,4450.5,2118.6,2331.9,420,6
4448,2025-11-27,2025,11,48,P004,AI Insights Module,1,West,Offline,4,803.84,3215.36,1352.0,1863.36,44,0
4449,2025-11-28,2025,11,48,P001,Analytics Suite,0,North,Offline,13,508.06,6604.78,2534.61,4070.17,104,3
4450,2025-11-28,2025,11,48,P002,Dashboard Pro,0,North,Offline,21,294.94,6193.74,2485.14,3708.6,231,4
4451,2025-11-28,2025,11,48,P003,Data Connector Plus,0,North,Offline,30,151.05,4531.5,1893.0,2638.5,390,8
4452,2025-11-28,2025,11,48,P004,AI Insights Module,1,North,Offline,4,803.27,3213.08,1367.8,1845.28,40,0
4453,2025-11-28,2025,11,48,P001,Analytics Suite,0,South,Partner,12,505.0,6060.0,2831.4,3228.6,96,3
4454,2025-11-28,2025,11,48,P002,Dashboard Pro,0,South,Partner,20,290.95,5819.0,2467.4,3351.6,240,3
4455,2025-11-28,2025,11,48,P003,Data Connector Plus,0,South,Offline,28,151.31,4236.68,1947.12,2289.56,280,7
4456,2025-11-28,2025,11,48,P004,AI Insights Module,1,South,Online,5,796.51,3982.55,1843.65,2138.9,55,1
4457,2025-11-28,2025,11,48,P001,Analytics Suite,0,East,Online,14,484.03,6776.42,3068.38,3708.04,168,3
4458,2025-11-28,2025,11,48,P002,Dashboard Pro,0,East,Offline,18,291.75,5251.5,2132.46,3119.04,180,4
4459,2025-11-28,2025,11,48,P003,Data Connector Plus,0,East,Offline,33,146.36,4829.88,2130.15,2699.73,330,8
4460,2025-11-28,2025,11,48,P004,AI Insights Module,1,East,Online,4,799.82,3199.28,1319.44,1879.84,40,1
4461,2025-11-28,2025,11,48,P001,Analytics Suite,0,West,Online,14,507.43,7104.02,3109.12,3994.9,182,3
4462,2025-11-28,2025,11,48,P002,Dashboard Pro,0,West,Online,20,295.61,5912.2,2689.6,3222.6,260,4
4463,2025-11-28,2025,11,48,P003,Data Connector Plus,0,West,Online,29,149.55,4336.95,1952.86,2384.09,406,6
4464,2025-11-28,2025,11,48,P004,AI Insights Module,1,West,Online,5,813.46,4067.3,1889.05,2178.25,40,1
4465,2025-11-29,2025,11,48,P001,Analytics Suite,0,North,Online,10,504.46,5044.6,2356.5,2688.1,100,2
4466,2025-11-29,2025,11,48,P002,Dashboard Pro,0,North,Online,13,293.12,3810.56,1562.6,2247.96,182,3
4467,2025-11-29,2025,11,48,P003,Data Connector Plus,0,North,Offline,18,148.21,2667.78,1186.38,1481.4,216,4
4468,2025-11-29,2025,11,48,P004,AI Insights Module,1,North,Offline,3,794.55,2383.65,1065.78,1317.87,24,0
4469,2025-11-29,2025,11,48,P001,Analytics Suite,0,South,Offline,8,490.64,3925.12,1500.08,2425.04,64,1
4470,2025-11-29,2025,11,48,P002,Dashboard Pro,0,South,Offline,14,297.91,4170.74,1723.96,2446.78,168,3
4471,2025-11-29,2025,11,48,P003,Data Connector Plus,0,South,Offline,21,146.39,3074.19,1451.31,1622.88,273,5
4472,2025-11-29,2025,11,48,P004,AI Insights Module,1,South,Offline,2,816.65,1633.3,677.86,955.44,22,0
4473,2025-11-29,2025,11,48,P001,Analytics Suite,0,East,Online,8,510.72,4085.76,1612.48,2473.28,88,2
4474,2025-11-29,2025,11,48,P002,Dashboard Pro,0,East,Online,14,293.9,4114.6,1650.46,2464.14,140,3
4475,2025-11-29,2025,11,48,P003,Data Connector Plus,0,East,Online,20,151.51,3030.2,1369.2,1661.0,260,4
4476,2025-11-29,2025,11,48,P004,AI Insights Module,1,East,Online,3,807.35,2422.05,1010.19,1411.86,27,0
4477,2025-11-29,2025,11,48,P001,Analytics Suite,0,West,Offline,8,505.41,4043.28,1717.76,2325.52,64,1
4478,2025-11-29,2025,11,48,P002,Dashboard Pro,0,West,Online,12,298.04,3576.48,1523.88,2052.6,120,3
4479,2025-11-29,2025,11,48,P003,Data Connector Plus,0,West,Online,19,148.23,2816.37,1335.89,1480.48,171,4
4480,2025-11-29,2025,11,48,P004,AI Insights Module,1,West,Offline,2,777.0,1554.0,732.68,821.32,24,0
4481,2025-11-30,2025,11,48,P001,Analytics Suite,0,North,Offline,9,491.96,4427.64,2062.71,2364.93,126,2
4482,2025-11-30,2025,11,48,P002,Dashboard Pro,0,North,Partner,14,301.69,4223.66,1817.2,2406.46,196,2
4483,2025-11-30,2025,11,48,P003,Data Connector Plus,0,North,Offline,21,152.12,3194.52,1465.38,1729.14,231,5
4484,2025-11-30,2025,11,48,P004,AI Insights Module,1,North,Offline,3,821.16,2463.48,1032.03,1431.45,33,0
4485,2025-11-30,2025,11,48,P001,Analytics Suite,0,South,Partner,8,484.78,3878.24,1845.36,2032.88,64,1
4486,2025-11-30,2025,11,48,P002,Dashboard Pro,0,South,Offline,13,291.47,3789.11,1515.54,2273.57,130,2
4487,2025-11-30,2025,11,48,P003,Data Connector Plus,0,South,Online,20,148.74,2974.8,1192.2,1782.6,280,4
4488,2025-11-30,2025,11,48,P004,AI Insights Module,1,South,Offline,2,776.58,1553.16,722.4,830.76,24,0
4489,2025-11-30,2025,11,48,P001,Analytics Suite,0,East,Online,9,495.19,4456.71,1760.4,2696.31,108,2
4490,2025-11-30,2025,11,48,P002,Dashboard Pro,0,East,Offline,14,296.19,4146.66,1714.02,2432.64,196,3
4491,2025-11-30,2025,11,48,P003,Data Connector Plus,0,East,Online,20,147.59,2951.8,1377.0,1574.8,180,3
4492,2025-11-30,2025,11,48,P004,AI Insights Module,1,East,Offline,2,822.2,1644.4,750.28,894.12,26,0
4493,2025-11-30,2025,11,48,P001,Analytics Suite,0,West,Partner,7,497.99,3485.93,1581.51,1904.42,84,1
4494,2025-11-30,2025,11,48,P002,Dashboard Pro,0,West,Offline,14,304.65,4265.1,1904.7,2360.4,196,3
4495,2025-11-30,2025,11,48,P003,Data Connector Plus,0,West,Offline,18,149.89,2698.02,1178.46,1519.56,216,4
4496,2025-11-30,2025,11,48,P004,AI Insights Module,1,West,Online,3,822.66,2467.98,1106.37,1361.61,24,0
4497,2025-12-01,2025,12,49,P001,Analytics Suite,0,North,Offline,13,512.82,6666.66,2801.24,3865.42,130,2
4498,2025-12-01,2025,12,49,P002,Dashboard Pro,0,North,Offline,22,298.47,6566.34,2830.52,3735.82,176,5
4499,2025-12-01,2025,12,49,P003,Data Connector Plus,0,North,Online,32,148.88,4764.16,2030.4,2733.76,416,7
4500,2025-12-01,2025,12,49,P004,AI Insights Module,1,North,Offline,4,806.23,3224.92,1402.04,1822.88,44,0
4501,2025-12-01,2025,12,49,P001,Analytics Suite,0,South,Offline,14,506.2,7086.8,2979.34,4107.46,140,3
4502,2025-12-01,2025,12,49,P002,Dashboard Pro,0,South,Offline,22,290.33,6387.26,2603.7,3783.56,176,4
4503,2025-12-01,2025,12,49,P003,Data Connector Plus,0,South,Offline,31,146.6,4544.6,2046.93,2497.67,372,7
4504,2025-12-01,2025,12,49,P004,AI Insights Module,1,South,Online,5,816.04,4080.2,1746.8,2333.4,70,1
4505,2025-12-01,2025,12,49,P001,Analytics Suite,0,East,Online,14,489.26,6849.64,2640.4,4209.24,140,2
4506,2025-12-01,2025,12,49,P002,Dashboard Pro,0,East,Online,23,299.57,6890.11,2952.05,3938.06,230,5
4507,2025-12-01,2025,12,49,P003,Data Connector Plus,0,East,Offline,31,149.46,4633.26,1970.98,2662.28,310,7
4508,2025-12-01,2025,12,49,P004,AI Insights Module,1,East,Online,4,787.55,3150.2,1457.8,1692.4,40,0
4509,2025-12-01,2025,12,49,P001,Analytics Suite,0,West,Online,13,491.89,6394.57,2988.7,3405.87,169,2
4510,2025-12-01,2025,12,49,P002,Dashboard Pro,0,West,Offline,22,304.08,6689.76,3102.88,3586.88,198,6
4511,2025-12-01,2025,12,49,P003,Data Connector Plus,0,West,Offline,33,151.21,4989.93,2098.8,2891.13,462,6
4512,2025-12-01,2025,12,49,P004,AI Insights Module,1,West,Online,5,798.85,3994.25,1553.85,2440.4,45,1
4513,2025-12-02,2025,12,49,P001,Analytics Suite,0,North,Online,13,499.16,6489.08,2696.46,3792.62,117,2
4514,2025-12-02,2025,12,49,P002,Dashboard Pro,0,North,Online,20,306.98,6139.6,2661.2,3478.4,200,3
4515,2025-12-02,2025,12,49,P003,Data Connector Plus,0,North,Offline,31,150.09,4652.79,1937.81,2714.98,372,6
4516,2025-12-02,2025,12,49,P004,AI Insights Module,1,North,Online,4,801.42,3205.68,1476.76,1728.92,48,0
4517,2025-12-02,2025,12,49,P001,Analytics Suite,0,South,Partner,14,493.12,6903.68,3295.46,3608.22,196,3
4518,2025-12-02,2025,12,49,P002,Dashboard Pro,0,South,Online,24,299.97,7199.28,3317.28,3882.0,240,6
4519,2025-12-02,2025,12,49,P003,Data Connector Plus,0,South,Offline,37,145.52,5384.24,2380.21,3004.03,518,7
4520,2025-12-02,2025,12,49,P004,AI Insights Module,1,South,Offline,4,815.96,3263.84,1414.04,1849.8,40,1
4521,2025-12-02,2025,12,49,P001,Analytics Suite,0,East,Offline,12,510.72,6128.64,2362.92,3765.72,156,2
4522,2025-12-02,2025,12,49,P002,Dashboard Pro,0,East,Partner,21,304.73,6399.33,2597.49,3801.84,189,5
4523,2025-12-02,2025,12,49,P003,Data Connector Plus,0,East,Partner,37,146.08,5404.96,2426.46,2978.5,296,9
4524,2025-12-02,2025,12,49,P004,AI Insights Module,1,East,Online,4,810.72,3242.88,1506.96,1735.92,56,1
4525,2025-12-02,2025,12,49,P001,Analytics Suite,0,West,Online,15,487.07,7306.05,2889.3,4416.75,150,4
4526,2025-12-02,2025,12,49,P002,Dashboard Pro,0,West,Online,20,307.79,6155.8,2393.4,3762.4,220,4
4527,2025-12-02,2025,12,49,P003,Data Connector Plus,0,West,Online,32,150.26,4808.32,1853.12,2955.2,448,5
4528,2025-12-02,2025,12,49,P004,AI Insights Module,1,West,Offline,4,784.13,3136.52,1195.08,1941.44,40,0
4529,2025-12-03,2025,12,49,P001,Analytics Suite,0,North,Partner,12,505.35,6064.2,2910.72,3153.48,144,3
4530,2025-12-03,2025,12,49,P002,Dashboard Pro,0,North,Offline,20,299.88,5997.6,2470.8,3526.8,200,4
4531,2025-12-03,2025,12,49,P003,Data Connector Plus,0,North,Offline,36,148.39,5342.04,2203.92,3138.12,360,9
4532,2025-12-03,2025,12,49,P004,AI Insights Module,1,North,Partner,4,801.8,3207.2,1408.28,1798.92,48,0
4533,2025-12-03,2025,12,49,P001,Analytics Suite,0,South,Offline,15,509.71,7645.65,3022.05,4623.6,150,3
4534,2025-12-03,2025,12,49,P002,Dashboard Pro,0,South,Partner,22,306.8,6749.6,2634.28,4115.32,308,4
4535,2025-12-03,2025,12,49,P003,Data Connector Plus,0,South,Online,30,150.74,4522.2,1890.6,2631.6,390,7
4536,2025-12-03,2025,12,49,P004,AI Insights Module,1,South,Partner,4,817.94,3271.76,1473.04,1798.72,56,0
4537,2025-12-03,2025,12,49,P001,Analytics Suite,0,East,Online,13,503.91,6550.83,2570.23,3980.6,169,3
4538,2025-12-03,2025,12,49,P002,Dashboard Pro,0,East,Online,21,299.06,6280.26,2439.15,3841.11,273,5
4539,2025-12-03,2025,12,49,P003,Data Connector Plus,0,East,Online,32,150.23,4807.36,2009.92,2797.44,448,7
4540,2025-12-03,2025,12,49,P004,AI Insights Module,1,East,Online,5,820.79,4103.95,1818.65,2285.3,45,1
4541,2025-12-03,2025,12,49,P001,Analytics Suite,0,West,Offline,15,505.24,7578.6,3141.6,4437.0,120,3
4542,2025-12-03,2025,12,49,P002,Dashboard Pro,0,West,Partner,22,301.41,6631.02,2753.08,3877.94,286,4
4543,2025-12-03,2025,12,49,P003,Data Connector Plus,0,West,Online,30,150.14,4504.2,1782.6,2721.6,270,5
4544,2025-12-03,2025,12,49,P004,AI Insights Module,1,West,Partner,5,806.72,4033.6,1758.2,2275.4,50,1
4545,2025-12-04,2025,12,49,P001,Analytics Suite,0,North,Online,15,491.64,7374.6,3495.0,3879.6,165,2
4546,2025-12-04,2025,12,49,P002,Dashboard Pro,0,North,Online,20,295.33,5906.6,2723.8,3182.8,260,4
4547,2025-12-04,2025,12,49,P003,Data Connector Plus,0,North,Offline,37,152.44,5640.28,2541.9,3098.38,296,7
4548,2025-12-04,2025,12,49,P004,AI Insights Module,1,North,Online,4,799.77,3199.08,1229.72,1969.36,44,0
4549,2025-12-04,2025,12,49,P001,Analytics Suite,0,South,Online,13,512.03,6656.39,2808.0,3848.39,104,2
4550,2025-12-04,2025,12,49,P002,Dashboard Pro,0,South,Offline,20,298.59,5971.8,2507.6,3464.2,280,5
4551,2025-12-04,2025,12,49,P003,Data Connector Plus,0,South,Offline,37,144.9,5361.3,2504.16,2857.14,370,9
4552,2025-12-04,2025,12,49,P004,AI Insights Module,1,South,Online,5,803.05,4015.25,1912.45,2102.8,55,1
4553,2025-12-04,2025,12,49,P001,Analytics Suite,0,East,Online,12,510.99,6131.88,2547.48,3584.4,168,3
4554,2025-12-04,2025,12,49,P002,Dashboard Pro,0,East,Offline,20,300.06,6001.2,2546.2,3455.0,240,5
4555,2025-12-04,2025,12,49,P003,Data Connector Plus,0,East,Partner,32,150.76,4824.32,2134.08,2690.24,384,6
4556,2025-12-04,2025,12,49,P004,AI Insights Module,1,East,Online,4,806.62,3226.48,1267.36,1959.12,52,1
4557,2025-12-04,2025,12,49,P001,Analytics Suite,0,West,Online,15,484.72,7270.8,3344.1,3926.7,120,4
4558,2025-12-04,2025,12,49,P002,Dashboard Pro,0,West,Online,21,290.19,6093.99,2674.77,3419.22,294,5
4559,2025-12-04,2025,12,49,P003,Data Connector Plus,0,West,Offline,33,152.42,5029.86,1918.95,3110.91,396,7
4560,2025-12-04,2025,12,49,P004,AI Insights Module,1,West,Offline,4,780.84,3123.36,1454.48,1668.88,40,0
4561,2025-12-05,2025,12,49,P001,Analytics Suite,0,North,Offline,15,506.94,7604.1,3017.7,4586.4,180,3
4562,2025-12-05,2025,12,49,P002,Dashboard Pro,0,North,Offline,20,291.35,5827.0,2365.6,3461.4,160,5
4563,2025-12-05,2025,12,49,P003,Data Connector Plus,0,North,Online,35,153.09,5358.15,2104.9,3253.25,385,7
4564,2025-12-05,2025,12,49,P004,AI Insights Module,1,North,Offline,4,779.49,3117.96,1251.88,1866.08,44,0
4565,2025-12-05,2025,12,49,P001,Analytics Suite,0,South,Online,14,505.85,7081.9,2970.1,4111.8,182,2
4566,2025-12-05,2025,12,49,P002,Dashboard Pro,0,South,Offline,21,305.54,6416.34,2961.0,3455.34,231,4
4567,2025-12-05,2025,12,49,P003,Data Connector Plus,0,South,Online,35,151.99,5319.65,2373.0,2946.65,455,8
4568,2025-12-05,2025,12,49,P004,AI Insights Module,1,South,Partner,4,812.15,3248.6,1450.04,1798.56,48,1
4569,2025-12-05,2025,12,49,P001,Analytics Suite,0,East,Offline,13,511.16,6645.08,3030.3,3614.78,104,2
4570,2025-12-05,2025,12,49,P002,Dashboard Pro,0,East,Online,20,294.43,5888.6,2766.6,3122.0,220,4
4571,2025-12-05,2025,12,49,P003,Data Connector Plus,0,East,Offline,33,151.03,4983.99,2104.41,2879.58,462,8
4572,2025-12-05,2025,12,49,P004,AI Insights Module,1,East,Offline,4,799.11,3196.44,1303.68,1892.76,44,1
4573,2025-12-05,2025,12,49,P001,Analytics Suite,0,West,Offline,13,513.18,6671.34,2752.23,3919.11,156,3
4574,2025-12-05,2025,12,49,P002,Dashboard Pro,0,West,Online,20,291.45,5829.0,2262.4,3566.6,180,4
4575,2025-12-05,2025,12,49,P003,Data Connector Plus,0,West,Offline,36,150.64,5423.04,2401.56,3021.48,432,9
4576,2025-12-05,2025,12,49,P004,AI Insights Module,1,West,Offline,5,798.45,3992.25,1902.45,2089.8,55,0
4577,2025-12-06,2025,12,49,P001,Analytics Suite,0,North,Online,9,505.16,4546.44,1903.05,2643.39,108,2
4578,2025-12-06,2025,12,49,P002,Dashboard Pro,0,North,Online,15,297.72,4465.8,2071.65,2394.15,120,3
4579,2025-12-06,2025,12,49,P003,Data Connector Plus,0,North,Offline,23,150.06,3451.38,1388.74,2062.64,230,5
4580,2025-12-06,2025,12,49,P004,AI Insights Module,1,North,Offline,3,790.29,2370.87,1052.97,1317.9,42,0
4581,2025-12-06,2025,12,49,P001,Analytics Suite,0,South,Offline,8,496.1,3968.8,1602.4,2366.4,88,2
4582,2025-12-06,2025,12,49,P002,Dashboard Pro,0,South,Partner,15,290.92,4363.8,1979.55,2384.25,150,3
4583,2025-12-06,2025,12,49,P003,Data Connector Plus,0,South,Offline,19,145.52,2764.88,1061.15,1703.73,266,4
4584,2025-12-06,2025,12,49,P004,AI Insights Module,1,South,Offline,2,797.82,1595.64,753.46,842.18,18,0
4585,2025-12-06,2025,12,49,P001,Analytics Suite,0,East,Offline,9,506.76,4560.84,1872.36,2688.48,81,2
4586,2025-12-06,2025,12,49,P002,Dashboard Pro,0,East,Offline,12,296.88,3562.56,1577.64,1984.92,144,3
4587,2025-12-06,2025,12,49,P003,Data Connector Plus,0,East,Partner,21,150.74,3165.54,1403.43,1762.11,294,4
4588,2025-12-06,2025,12,49,P004,AI Insights Module,1,East,Online,2,775.42,1550.84,675.16,875.68,20,0
4589,2025-12-06,2025,12,49,P001,Analytics Suite,0,West,Offline,10,510.09,5100.9,2129.5,2971.4,90,2
4590,2025-12-06,2025,12,49,P002,Dashboard Pro,0,West,Offline,13,307.73,4000.49,1650.74,2349.75,130,2
4591,2025-12-06,2025,12,49,P003,Data Connector Plus,0,West,Offline,23,147.61,3395.03,1304.1,2090.93,253,6
4592,2025-12-06,2025,12,49,P004,AI Insights Module,1,West,Offline,3,787.85,2363.55,1047.75,1315.8,33,0
4593,2025-12-07,2025,12,49,P001,Analytics Suite,0,North,Offline,8,502.87,4022.96,1900.96,2122.0,88,2
4594,2025-12-07,2025,12,49,P002,Dashboard Pro,0,North,Online,13,300.32,3904.16,1543.36,2360.8,169,3
4595,2025-12-07,2025,12,49,P003,Data Connector Plus,0,North,Offline,24,148.18,3556.32,1405.92,2150.4,312,5
4596,2025-12-07,2025,12,49,P004,AI Insights Module,1,North,Online,3,783.21,2349.63,1120.74,1228.89,30,0
4597,2025-12-07,2025,12,49,P001,Analytics Suite,0,South,Offline,10,503.46,5034.6,2036.9,2997.7,120,1
4598,2025-12-07,2025,12,49,P002,Dashboard Pro,0,South,Online,14,296.13,4145.82,1612.52,2533.3,126,2
4599,2025-12-07,2025,12,49,P003,Data Connector Plus,0,South,Partner,20,146.85,2937.0,1232.8,1704.2,200,4
4600,2025-12-07,2025,12,49,P004,AI Insights Module,1,South,Online,2,810.91,1621.82,715.14,906.68,24,0
4601,2025-12-07,2025,12,49,P001,Analytics Suite,0,East,Online,10,508.88,5088.8,2388.5,2700.3,140,2
4602,2025-12-07,2025,12,49,P002,Dashboard Pro,0,East,Online,15,300.92,4513.8,1884.3,2629.5,165,2
4603,2025-12-07,2025,12,49,P003,Data Connector Plus,0,East,Online,22,150.68,3314.96,1361.36,1953.6,308,5
4604,2025-12-07,2025,12,49,P004,AI Insights Module,1,East,Offline,2,807.25,1614.5,713.6,900.9,20,0
4605,2025-12-07,2025,12,49,P001,Analytics Suite,0,West,Offline,9,506.78,4561.02,1886.58,2674.44,117,2
4606,2025-12-07,2025,12,49,P002,Dashboard Pro,0,West,Online,13,298.01,3874.13,1595.88,2278.25,182,3
4607,2025-12-07,2025,12,49,P003,Data Connector Plus,0,West,Online,21,147.76,3102.96,1260.84,1842.12,252,5
4608,2025-12-07,2025,12,49,P004,AI Insights Module,1,West,Online,2,815.08,1630.16,689.86,940.3,28,0
4609,2025-12-08,2025,12,50,P001,Analytics Suite,0,North,Online,14,494.1,6917.4,2749.46,4167.94,168,2
4610,2025-12-08,2025,12,50,P002,Dashboard Pro,0,North,Offline,19,300.48,5709.12,2681.85,3027.27,266,4
4611,2025-12-08,2025,12,50,P003,Data Connector Plus,0,North,Online,37,150.73,5577.01,2312.13,3264.88,296,7
4612,2025-12-08,2025,12,50,P004,AI Insights Module,1,North,Online,4,781.02,3124.08,1221.44,1902.64,32,1
4613,2025-12-08,2025,12,50,P001,Analytics Suite,0,South,Partner,14,497.87,6970.18,2849.28,4120.9,196,3
4614,2025-12-08,2025,12,50,P002,Dashboard Pro,0,South,Partner,20,291.32,5826.4,2618.6,3207.8,200,4
4615,2025-12-08,2025,12,50,P003,Data Connector Plus,0,South,Offline,30,152.96,4588.8,1898.4,2690.4,360,6
4616,2025-12-08,2025,12,50,P004,AI Insights Module,1,South,Partner,4,787.99,3151.96,1351.48,1800.48,52,0
4617,2025-12-08,2025,12,50,P001,Analytics Suite,0,East,Online,14,510.24,7143.36,3157.0,3986.36,126,2
4618,2025-12-08,2025,12,50,P002,Dashboard Pro,0,East,Online,20,292.62,5852.4,2428.4,3424.0,200,3
4619,2025-12-08,2025,12,50,P003,Data Connector Plus,0,East,Offline,35,151.23,5293.05,2193.45,3099.6,490,8
4620,2025-12-08,2025,12,50,P004,AI Insights Module,1,East,Partner,4,798.42,3193.68,1422.36,1771.32,32,0
4621,2025-12-08,2025,12,50,P001,Analytics Suite,0,West,Offline,13,510.91,6641.83,2940.99,3700.84,130,2
4622,2025-12-08,2025,12,50,P002,Dashboard Pro,0,West,Online,20,293.04,5860.8,2611.2,3249.6,260,5
4623,2025-12-08,2025,12,50,P003,Data Connector Plus,0,West,Online,32,144.55,4625.6,1874.24,2751.36,256,8
4624,2025-12-08,2025,12,50,P004,AI Insights Module,1,West,Offline,5,796.34,3981.7,1803.5,2178.2,50,1
4625,2025-12-09,2025,12,50,P001,Analytics Suite,0,North,Offline,14,505.6,7078.4,2863.56,4214.84,182,2
4626,2025-12-09,2025,12,50,P002,Dashboard Pro,0,North,Offline,21,302.83,6359.43,2746.17,3613.26,168,4
4627,2025-12-09,2025,12,50,P003,Data Connector Plus,0,North,Offline,37,147.86,5470.82,2146.0,3324.82,296,6
4628,2025-12-09,2025,12,50,P004,AI Insights Module,1,North,Online,4,793.65,3174.6,1316.8,1857.8,44,0
4629,2025-12-09,2025,12,50,P001,Analytics Suite,0,South,Online,14,485.21,6792.94,2605.26,4187.68,182,3
4630,2025-12-09,2025,12,50,P002,Dashboard Pro,0,South,Offline,21,301.62,6334.02,2750.79,3583.23,231,5
4631,2025-12-09,2025,12,50,P003,Data Connector Plus,0,South,Online,31,149.26,4627.06,1942.46,2684.6,248,7
4632,2025-12-09,2025,12,50,P004,AI Insights Module,1,South,Offline,4,813.29,3253.16,1313.08,1940.08,56,0
4633,2025-12-09,2025,12,50,P001,Analytics Suite,0,East,Offline,15,501.56,7523.4,3046.95,4476.45,195,4
4634,2025-12-09,2025,12,50,P002,Dashboard Pro,0,East,Online,23,298.76,6871.48,3157.9,3713.58,299,5
4635,2025-12-09,2025,12,50,P003,Data Connector Plus,0,East,Online,34,144.94,4927.96,1938.0,2989.96,306,7
4636,2025-12-09,2025,12,50,P004,AI Insights Module,1,East,Online,4,779.12,3116.48,1291.92,1824.56,56,0
4637,2025-12-09,2025,12,50,P001,Analytics Suite,0,West,Online,13,484.25,6295.25,2772.12,3523.13,104,3
4638,2025-12-09,2025,12,50,P002,Dashboard Pro,0,West,Online,20,298.87,5977.4,2407.0,3570.4,240,4
4639,2025-12-09,2025,12,50,P003,Data Connector Plus,0,West,Offline,34,146.54,4982.36,2255.56,2726.8,476,7
4640,2025-12-09,2025,12,50,P004,AI Insights Module,1,West,Partner,5,817.43,4087.15,1765.7,2321.45,50,0
4641,2025-12-10,2025,12,50,P001,Analytics Suite,0,North,Partner,15,509.6,7644.0,3412.5,4231.5,120,4
4642,2025-12-10,2025,12,50,P002,Dashboard Pro,0,North,Online,22,294.13,6470.86,2741.64,3729.22,286,4
4643,2025-12-10,2025,12,50,P003,Data Connector Plus,0,North,Online,36,148.02,5328.72,2544.12,2784.6,324,7
4644,2025-12-10,2025,12,50,P004,AI Insights Module,1,North,Online,5,807.12,4035.6,1723.55,2312.05,65,1
4645,2025-12-10,2025,12,50,P001,Analytics Suite,0,South,Online,13,507.34,6595.42,3076.06,3519.36,156,3
4646,2025-12-10,2025,12,50,P002,Dashboard Pro,0,South,Online,21,300.49,6310.29,2822.19,3488.1,189,5
4647,2025-12-10,2025,12,50,P003,Data Connector Plus,0,South,Online,35,146.02,5110.7,2027.2,3083.5,455,9
4648,2025-12-10,2025,12,50,P004,AI Insights Module,1,South,Online,5,778.99,3894.95,1787.65,2107.3,55,1
4649,2025-12-10,2025,12,50,P001,Analytics Suite,0,East,Online,15,488.42,7326.3,3417.9,3908.4,180,3
4650,2025-12-10,2025,12,50,P002,Dashboard Pro,0,East,Partner,22,295.74,6506.28,2881.78,3624.5,286,4
4651,2025-12-10,2025,12,50,P003,Data Connector Plus,0,East,Online,32,146.45,4686.4,1929.28,2757.12,448,6
4652,2025-12-10,2025,12,50,P004,AI Insights Module,1,East,Offline,4,800.0,3200.0,1386.36,1813.64,52,1
4653,2025-12-10,2025,12,50,P001,Analytics Suite,0,West,Online,15,494.29,7414.35,2956.5,4457.85,165,4
4654,2025-12-10,2025,12,50,P002,Dashboard Pro,0,West,Online,22,292.62,6437.64,2863.52,3574.12,308,5
4655,2025-12-10,2025,12,50,P003,Data Connector Plus,0,West,Offline,35,146.46,5126.1,2167.9,2958.2,455,7
4656,2025-12-10,2025,12,50,P004,AI Insights Module,1,West,Online,4,812.36,3249.44,1539.96,1709.48,44,0
4657,2025-12-11,2025,12,50,P001,Analytics Suite,0,North,Partner,14,488.99,6845.86,3054.52,3791.34,140,2
4658,2025-12-11,2025,12,50,P002,Dashboard Pro,0,North,Online,20,294.82,5896.4,2306.2,3590.2,160,4
4659,2025-12-11,2025,12,50,P003,Data Connector Plus,0,North,Online,33,152.68,5038.44,2170.74,2867.7,264,8
4660,2025-12-11,2025,12,50,P004,AI Insights Module,1,North,Partner,4,788.98,3155.92,1430.36,1725.56,32,0
4661,2025-12-11,2025,12,50,P001,Analytics Suite,0,South,Offline,14,503.94,7055.16,2848.3,4206.86,168,3
4662,2025-12-11,2025,12,50,P002,Dashboard Pro,0,South,Online,19,300.86,5716.34,2546.19,3170.15,209,4
4663,2025-12-11,2025,12,50,P003,Data Connector Plus,0,South,Partner,30,148.25,4447.5,1755.6,2691.9,330,6
4664,2025-12-11,2025,12,50,P004,AI Insights Module,1,South,Offline,4,799.77,3199.08,1311.56,1887.52,52,0
4665,2025-12-11,2025,12,50,P001,Analytics Suite,0,East,Online,15,490.69,7360.35,3291.0,4069.35,210,3
4666,2025-12-11,2025,12,50,P002,Dashboard Pro,0,East,Online,20,295.92,5918.4,2503.2,3415.2,240,4
4667,2025-12-11,2025,12,50,P003,Data Connector Plus,0,East,Online,34,145.27,4939.18,2324.58,2614.6,442,8
4668,2025-12-11,2025,12,50,P004,AI Insights Module,1,East,Offline,4,776.01,3104.04,1426.64,1677.4,40,0
4669,2025-12-11,2025,12,50,P001,Analytics Suite,0,West,Offline,16,505.57,8089.12,3086.4,5002.72,208,3
4670,2025-12-11,2025,12,50,P002,Dashboard Pro,0,West,Online,20,301.91,6038.2,2566.6,3471.6,240,3
4671,2025-12-11,2025,12,50,P003,Data Connector Plus,0,West,Online,34,151.12,5138.08,2003.62,3134.46,408,7
4672,2025-12-11,2025,12,50,P004,AI Insights Module,1,West,Offline,4,802.81,3211.24,1368.76,1842.48,32,0
4673,2025-12-12,2025,12,50,P001,Analytics Suite,0,North,Online,15,511.64,7674.6,3405.75,4268.85,135,3
4674,2025-12-12,2025,12,50,P002,Dashboard Pro,0,North,Partner,19,305.72,5808.68,2669.69,3138.99,209,3
4675,2025-12-12,2025,12,50,P003,Data Connector Plus,0,North,Partner,30,149.64,4489.2,1953.0,2536.2,240,6
4676,2025-12-12,2025,12,50,P004,AI Insights Module,1,North,Online,4,788.28,3153.12,1464.0,1689.12,56,0
4677,2025-12-12,2025,12,50,P001,Analytics Suite,0,South,Offline,13,513.78,6679.14,2874.3,3804.84,182,2
4678,2025-12-12,2025,12,50,P002,Dashboard Pro,0,South,Online,22,301.18,6625.96,2757.7,3868.26,242,4
4679,2025-12-12,2025,12,50,P003,Data Connector Plus,0,South,Offline,36,152.14,5477.04,2584.08,2892.96,360,7
4680,2025-12-12,2025,12,50,P004,AI Insights Module,1,South,Online,4,808.12,3232.48,1511.52,1720.96,32,1
4681,2025-12-12,2025,12,50,P001,Analytics Suite,0,East,Offline,13,511.2,6645.6,3130.66,3514.94,117,2
4682,2025-12-12,2025,12,50,P002,Dashboard Pro,0,East,Offline,19,295.96,5623.24,2464.68,3158.56,247,4
4683,2025-12-12,2025,12,50,P003,Data Connector Plus,0,East,Online,34,152.86,5197.24,2423.18,2774.06,476,7
4684,2025-12-12,2025,12,50,P004,AI Insights Module,1,East,Partner,4,798.66,3194.64,1222.52,1972.12,52,0
4685,2025-12-12,2025,12,50,P001,Analytics Suite,0,West,Online,14,497.56,6965.84,2858.38,4107.46,168,2
4686,2025-12-12,2025,12,50,P002,Dashboard Pro,0,West,Online,23,302.56,6958.88,3314.53,3644.35,184,4
4687,2025-12-12,2025,12,50,P003,Data Connector Plus,0,West,Offline,36,151.33,5447.88,2244.96,3202.92,432,7
4688,2025-12-12,2025,12,50,P004,AI Insights Module,1,West,Offline,4,787.44,3149.76,1437.52,1712.24,44,0
4689,2025-12-13,2025,12,50,P001,Analytics Suite,0,North,Partner,9,504.01,4536.09,1899.63,2636.46,72,1
4690,2025-12-13,2025,12,50,P002,Dashboard Pro,0,North,Partner,13,307.15,3992.95,1836.38,2156.57,156,2
4691,2025-12-13,2025,12,50,P003,Data Connector Plus,0,North,Partner,22,152.06,3345.32,1526.36,1818.96,286,5
4692,2025-12-13,2025,12,50,P004,AI Insights Module,1,North,Online,2,785.85,1571.7,663.28,908.42,28,0
4693,2025-12-13,2025,12,50,P001,Analytics Suite,0,South,Offline,9,494.01,4446.09,2087.91,2358.18,99,1
4694,2025-12-13,2025,12,50,P002,Dashboard Pro,0,South,Online,15,292.12,4381.8,1788.15,2593.65,180,3
4695,2025-12-13,2025,12,50,P003,Data Connector Plus,0,South,Partner,19,147.24,2797.56,1265.97,1531.59,209,3
4696,2025-12-13,2025,12,50,P004,AI Insights Module,1,South,Online,2,779.48,1558.96,725.92,833.04,16,0
4697,2025-12-13,2025,12,50,P001,Analytics Suite,0,East,Offline,8,485.57,3884.56,1702.88,2181.68,112,2
4698,2025-12-13,2025,12,50,P002,Dashboard Pro,0,East,Online,15,302.91,4543.65,1914.45,2629.2,165,2
4699,2025-12-13,2025,12,50,P003,Data Connector Plus,0,East,Partner,19,148.86,2828.34,1185.79,1642.55,209,5
4700,2025-12-13,2025,12,50,P004,AI Insights Module,1,East,Online,3,807.32,2421.96,1032.09,1389.87,30,0
4701,2025-12-13,2025,12,50,P001,Analytics Suite,0,West,Online,10,488.57,4885.7,1959.2,2926.5,120,2
4702,2025-12-13,2025,12,50,P002,Dashboard Pro,0,West,Online,13,307.77,4001.01,1752.4,2248.61,117,3
4703,2025-12-13,2025,12,50,P003,Data Connector Plus,0,West,Offline,20,150.66,3013.2,1368.4,1644.8,200,3
4704,2025-12-13,2025,12,50,P004,AI Insights Module,1,West,Offline,3,809.72,2429.16,1147.08,1282.08,27,0
4705,2025-12-14,2025,12,50,P001,Analytics Suite,0,North,Online,9,496.24,4466.16,2113.2,2352.96,81,2
4706,2025-12-14,2025,12,50,P002,Dashboard Pro,0,North,Partner,13,301.24,3916.12,1836.77,2079.35,143,2
4707,2025-12-14,2025,12,50,P003,Data Connector Plus,0,North,Offline,21,144.9,3042.9,1328.25,1714.65,252,5
4708,2025-12-14,2025,12,50,P004,AI Insights Module,1,North,Offline,2,785.71,1571.42,735.32,836.1,18,0
4709,2025-12-14,2025,12,50,P001,Analytics Suite,0,South,Offline,10,486.12,4861.2,2307.3,2553.9,80,2
4710,2025-12-14,2025,12,50,P002,Dashboard Pro,0,South,Offline,15,292.24,4383.6,1741.35,2642.25,165,3
4711,2025-12-14,2025,12,50,P003,Data Connector Plus,0,South,Partner,19,149.35,2837.65,1159.95,1677.7,171,3
4712,2025-12-14,2025,12,50,P004,AI Insights Module,1,South,Online,2,820.17,1640.34,646.8,993.54,28,0
4713,2025-12-14,2025,12,50,P001,Analytics Suite,0,East,Online,10,491.58,4915.8,2065.2,2850.6,140,2
4714,2025-12-14,2025,12,50,P002,Dashboard Pro,0,East,Partner,12,305.25,3663.0,1752.72,1910.28,144,2
4715,2025-12-14,2025,12,50,P003,Data Connector Plus,0,East,Online,20,152.73,3054.6,1360.6,1694.0,200,3
4716,2025-12-14,2025,12,50,P004,AI Insights Module,1,East,Online,3,817.22,2451.66,1078.44,1373.22,27,0
4717,2025-12-14,2025,12,50,P001,Analytics Suite,0,West,Offline,9,491.29,4421.61,1694.79,2726.82,72,1
4718,2025-12-14,2025,12,50,P002,Dashboard Pro,0,West,Partner,15,294.58,4418.7,1827.75,2590.95,180,3
4719,2025-12-14,2025,12,50,P003,Data Connector Plus,0,West,Online,23,147.58,3394.34,1504.2,1890.14,276,5
4720,2025-12-14,2025,12,50,P004,AI Insights Module,1,West,Online,3,775.5,2326.5,1108.14,1218.36,30,0
4721,2025-12-15,2025,12,51,P001,Analytics Suite,0,North,Online,14,484.22,6779.08,2854.18,3924.9,154,3
4722,2025-12-15,2025,12,51,P002,Dashboard Pro,0,North,Offline,24,296.58,7117.92,3101.28,4016.64,264,6
4723,2025-12-15,2025,12,51,P003,Data Connector Plus,0,North,Partner,32,149.27,4776.64,2004.8,2771.84,384,7
4724,2025-12-15,2025,12,51,P004,AI Insights Module,1,North,Partner,4,809.65,3238.6,1270.28,1968.32,36,1
4725,2025-12-15,2025,12,51,P001,Analytics Suite,0,South,Partner,15,485.05,7275.75,3469.65,3806.1,180,4
4726,2025-12-15,2025,12,51,P002,Dashboard Pro,0,South,Partner,21,307.33,6453.93,2953.02,3500.91,252,5
4727,2025-12-15,2025,12,51,P003,Data Connector Plus,0,South,Offline,33,148.75,4908.75,1943.7,2965.05,363,8
4728,2025-12-15,2025,12,51,P004,AI Insights Module,1,South,Offline,4,814.65,3258.6,1499.44,1759.16,40,1
4729,2025-12-15,2025,12,51,P001,Analytics Suite,0,East,Online,14,507.9,7110.6,2782.5,4328.1,196,3
4730,2025-12-15,2025,12,51,P002,Dashboard Pro,0,East,Online,22,295.59,6502.98,2623.5,3879.48,176,5
4731,2025-12-15,2025,12,51,P003,Data Connector Plus,0,East,Offline,33,149.06,4918.98,2028.84,2890.14,264,8
4732,2025-12-15,2025,12,51,P004,AI Insights Module,1,East,Online,4,798.41,3193.64,1261.52,1932.12,32,0
4733,2025-12-15,2025,12,51,P001,Analytics Suite,0,West,Offline,15,505.9,7588.5,2946.0,4642.5,120,4
4734,2025-12-15,2025,12,51,P002,Dashboard Pro,0,West,Online,20,296.61,5932.2,2417.6,3514.6,220,4
4735,2025-12-15,2025,12,51,P003,Data Connector Plus,0,West,Online,30,152.26,4567.8,2141.4,2426.4,420,6
4736,2025-12-15,2025,12,51,P004,AI Insights Module,1,West,Offline,4,797.39,3189.56,1460.8,1728.76,32,0
4737,2025-12-16,2025,12,51,P001,Analytics Suite,0,North,Offline,14,504.41,7061.74,2804.06,4257.68,140,2
4738,2025-12-16,2025,12,51,P002,Dashboard Pro,0,North,Offline,23,297.17,6834.91,2830.84,4004.07,322,5
4739,2025-12-16,2025,12,51,P003,Data Connector Plus,0,North,Online,37,151.73,5614.01,2676.58,2937.43,444,8
4740,2025-12-16,2025,12,51,P004,AI Insights Module,1,North,Offline,4,818.28,3273.12,1374.04,1899.08,36,1
4741,2025-12-16,2025,12,51,P001,Analytics Suite,0,South,Online,12,485.5,5826.0,2409.36,3416.64,120,3
4742,2025-12-16,2025,12,51,P002,Dashboard Pro,0,South,Offline,19,292.44,5556.36,2523.39,3032.97,190,4
4743,2025-12-16,2025,12,51,P003,Data Connector Plus,0,South,Offline,33,145.42,4798.86,1869.45,2929.41,264,6
4744,2025-12-16,2025,12,51,P004,AI Insights Module,1,South,Offline,4,795.75,3183.0,1520.0,1663.0,56,0
4745,2025-12-16,2025,12,51,P001,Analytics Suite,0,East,Online,12,487.9,5854.8,2251.92,3602.88,108,3
4746,2025-12-16,2025,12,51,P002,Dashboard Pro,0,East,Online,19,303.02,5757.38,2318.38,3439.0,171,3
4747,2025-12-16,2025,12,51,P003,Data Connector Plus,0,East,Offline,34,152.06,5170.04,2299.42,2870.62,408,6
4748,2025-12-16,2025,12,51,P004,AI Insights Module,1,East,Online,4,791.35,3165.4,1311.64,1853.76,32,1
4749,2025-12-16,2025,12,51,P001,Analytics Suite,0,West,Online,14,495.17,6932.38,2687.86,4244.52,112,3
4750,2025-12-16,2025,12,51,P002,Dashboard Pro,0,West,Online,23,301.62,6937.26,2750.57,4186.69,276,4
4751,2025-12-16,2025,12,51,P003,Data Connector Plus,0,West,Partner,35,147.52,5163.2,2321.2,2842.0,350,6
4752,2025-12-16,2025,12,51,P004,AI Insights Module,1,West,Online,5,789.88,3949.4,1820.95,2128.45,60,1
4753,2025-12-17,2025,12,51,P001,Analytics Suite,0,North,Online,14,488.77,6842.78,2654.82,4187.96,168,3
4754,2025-12-17,2025,12,51,P002,Dashboard Pro,0,North,Online,20,291.29,5825.8,2768.6,3057.2,240,5
4755,2025-12-17,2025,12,51,P003,Data Connector Plus,0,North,Online,36,151.03,5437.08,2302.2,3134.88,468,9
4756,2025-12-17,2025,12,51,P004,AI Insights Module,1,North,Online,4,817.31,3269.24,1450.04,1819.2,36,0
4757,2025-12-17,2025,12,51,P001,Analytics Suite,0,South,Offline,15,509.78,7646.7,3302.55,4344.15,165,2
4758,2025-12-17,2025,12,51,P002,Dashboard Pro,0,South,Offline,24,296.78,7122.72,3350.64,3772.08,240,6
4759,2025-12-17,2025,12,51,P003,Data Connector Plus,0,South,Offline,36,146.52,5274.72,2346.12,2928.6,468,9
4760,2025-12-17,2025,12,51,P004,AI Insights Module,1,South,Offline,4,802.42,3209.68,1306.4,1903.28,36,0
4761,2025-12-17,2025,12,51,P001,Analytics Suite,0,East,Online,12,492.92,5915.04,2758.8,3156.24,144,3
4762,2025-12-17,2025,12,51,P002,Dashboard Pro,0,East,Offline,22,302.96,6665.12,2933.7,3731.42,176,4
4763,2025-12-17,2025,12,51,P003,Data Connector Plus,0,East,Online,32,146.57,4690.24,2194.56,2495.68,320,7
4764,2025-12-17,2025,12,51,P004,AI Insights Module,1,East,Offline,5,821.48,4107.4,1711.15,2396.25,45,1
4765,2025-12-17,2025,12,51,P001,Analytics Suite,0,West,Offline,15,490.64,7359.6,2835.75,4523.85,135,3
4766,2025-12-17,2025,12,51,P002,Dashboard Pro,0,West,Offline,22,294.85,6486.7,3056.68,3430.02,176,5
4767,2025-12-17,2025,12,51,P003,Data Connector Plus,0,West,Partner,30,146.69,4400.7,2003.4,2397.3,240,5
4768,2025-12-17,2025,12,51,P004,AI Insights Module,1,West,Online,4,789.93,3159.72,1504.04,1655.68,44,0
4769,2025-12-18,2025,12,51,P001,Analytics Suite,0,North,Partner,14,507.62,7106.68,2747.22,4359.46,182,2
4770,2025-12-18,2025,12,51,P002,Dashboard Pro,0,North,Online,23,304.33,6999.59,3087.29,3912.3,230,6
4771,2025-12-18,2025,12,51,P003,Data Connector Plus,0,North,Online,31,151.69,4702.39,2040.11,2662.28,372,6
4772,2025-12-18,2025,12,51,P004,AI Insights Module,1,North,Offline,5,811.54,4057.7,1711.25,2346.45,60,1
4773,2025-12-18,2025,12,51,P001,Analytics Suite,0,South,Offline,15,507.61,7614.15,3641.85,3972.3,120,3
4774,2025-12-18,2025,12,51,P002,Dashboard Pro,0,South,Online,22,304.2,6692.4,3153.92,3538.48,308,5
4775,2025-12-18,2025,12,51,P003,Data Connector Plus,0,South,Online,33,151.5,4999.5,1921.26,3078.24,264,6
4776,2025-12-18,2025,12,51,P004,AI Insights Module,1,South,Online,4,775.79,3103.16,1196.44,1906.72,52,0
4777,2025-12-18,2025,12,51,P001,Analytics Suite,0,East,Partner,14,486.05,6804.7,2790.62,4014.08,140,3
4778,2025-12-18,2025,12,51,P002,Dashboard Pro,0,East,Offline,21,305.14,6407.94,2601.48,3806.46,210,5
4779,2025-12-18,2025,12,51,P003,Data Connector Plus,0,East,Offline,35,147.07,5147.45,2162.3,2985.15,280,8
4780,2025-12-18,2025,12,51,P004,AI Insights Module,1,East,Online,4,808.84,3235.36,1372.72,1862.64,44,0
4781,2025-12-18,2025,12,51,P001,Analytics Suite,0,West,Online,15,512.36,7685.4,3155.4,4530.0,135,3
4782,2025-12-18,2025,12,51,P002,Dashboard Pro,0,West,Online,21,300.57,6311.97,2532.39,3779.58,294,5
4783,2025-12-18,2025,12,51,P003,Data Connector Plus,0,West,Partner,34,146.17,4969.78,1975.4,2994.38,340,7
4784,2025-12-18,2025,12,51,P004,AI Insights Module,1,West,Online,5,791.06,3955.3,1818.7,2136.6,70,1
4785,2025-12-19,2025,12,51,P001,Analytics Suite,0,North,Partner,15,491.4,7371.0,3005.4,4365.6,135,3
4786,2025-12-19,2025,12,51,P002,Dashboard Pro,0,North,Online,23,302.22,6951.06,2935.49,4015.57,207,4
4787,2025-12-19,2025,12,51,P003,Data Connector Plus,0,North,Offline,31,147.15,4561.65,1743.44,2818.21,310,7
4788,2025-12-19,2025,12,51,P004,AI Insights Module,1,North,Offline,4,809.29,3237.16,1308.36,1928.8,32,0
4789,2025-12-19,2025,12,51,P001,Analytics Suite,0,South,Online,13,486.2,6320.6,2921.1,3399.5,117,2
4790,2025-12-19,2025,12,51,P002,Dashboard Pro,0,South,Online,23,298.78,6871.94,2834.06,4037.88,230,6
4791,2025-12-19,2025,12,51,P003,Data Connector Plus,0,South,Partner,30,149.78,4493.4,2155.8,2337.6,390,5
4792,2025-12-19,2025,12,51,P004,AI Insights Module,1,South,Offline,4,817.95,3271.8,1341.16,1930.64,52,0
4793,2025-12-19,2025,12,51,P001,Analytics Suite,0,East,Offline,13,486.39,6323.07,2916.81,3406.26,130,3
4794,2025-12-19,2025,12,51,P002,Dashboard Pro,0,East,Offline,19,294.2,5589.8,2650.31,2939.49,152,4
4795,2025-12-19,2025,12,51,P003,Data Connector Plus,0,East,Online,30,145.34,4360.2,2081.4,2278.8,390,6
4796,2025-12-19,2025,12,51,P004,AI Insights Module,1,East,Online,4,809.33,3237.32,1330.56,1906.76,52,1
4797,2025-12-19,2025,12,51,P001,Analytics Suite,0,West,Offline,15,513.19,7697.85,3287.4,4410.45,210,3
4798,2025-12-19,2025,12,51,P002,Dashboard Pro,0,West,Online,21,303.6,6375.6,2992.71,3382.89,168,4
4799,2025-12-19,2025,12,51,P003,Data Connector Plus,0,West,Offline,35,146.08,5112.8,2010.05,3102.75,455,7
4800,2025-12-19,2025,12,51,P004,AI Insights Module,1,West,Offline,4,815.29,3261.16,1373.12,1888.04,52,1
4801,2025-12-20,2025,12,51,P001,Analytics Suite,0,North,Offline,8,504.08,4032.64,1892.0,2140.64,80,2
4802,2025-12-20,2025,12,51,P002,Dashboard Pro,0,North,Partner,13,292.39,3801.07,1618.63,2182.44,104,3
4803,2025-12-20,2025,12,51,P003,Data Connector Plus,0,North,Online,20,147.12,2942.4,1283.6,1658.8,240,4
4804,2025-12-20,2025,12,51,P004,AI Insights Module,1,North,Offline,3,807.04,2421.12,1031.55,1389.57,33,0
4805,2025-12-20,2025,12,51,P001,Analytics Suite,0,South,Partner,8,490.49,3923.92,1849.28,2074.64,64,1
4806,2025-12-20,2025,12,51,P002,Dashboard Pro,0,South,Online,14,300.67,4209.38,1985.34,2224.04,112,3
4807,2025-12-20,2025,12,51,P003,Data Connector Plus,0,South,Online,21,145.39,3053.19,1343.37,1709.82,189,4
4808,2025-12-20,2025,12,51,P004,AI Insights Module,1,South,Online,3,799.04,2397.12,960.57,1436.55,36,0
4809,2025-12-20,2025,12,51,P001,Analytics Suite,0,East,Online,10,495.73,4957.3,2158.8,2798.5,90,1
4810,2025-12-20,2025,12,51,P002,Dashboard Pro,0,East,Offline,15,298.52,4477.8,1741.2,2736.6,150,3
4811,2025-12-20,2025,12,51,P003,Data Connector Plus,0,East,Offline,21,148.29,3114.09,1378.86,1735.23,210,5
4812,2025-12-20,2025,12,51,P004,AI Insights Module,1,East,Offline,3,822.65,2467.95,1125.06,1342.89,36,0
4813,2025-12-20,2025,12,51,P001,Analytics Suite,0,West,Offline,8,485.06,3880.48,1751.84,2128.64,72,1
4814,2025-12-20,2025,12,51,P002,Dashboard Pro,0,West,Offline,12,301.48,3617.76,1616.64,2001.12,156,3
4815,2025-12-20,2025,12,51,P003,Data Connector Plus,0,West,Offline,21,150.18,3153.78,1330.98,1822.8,210,3
4816,2025-12-20,2025,12,51,P004,AI Insights Module,1,West,Offline,3,809.89,2429.67,1156.38,1273.29,24,0
4817,2025-12-21,2025,12,51,P001,Analytics Suite,0,North,Partner,9,502.1,4518.9,2060.73,2458.17,108,2
4818,2025-12-21,2025,12,51,P002,Dashboard Pro,0,North,Offline,15,296.69,4450.35,2125.95,2324.4,150,3
4819,2025-12-21,2025,12,51,P003,Data Connector Plus,0,North,Online,20,148.66,2973.2,1272.8,1700.4,220,4
4820,2025-12-21,2025,12,51,P004,AI Insights Module,1,North,Offline,3,793.2,2379.6,1011.21,1368.39,33,0
4821,2025-12-21,2025,12,51,P001,Analytics Suite,0,South,Partner,9,506.87,4561.83,1927.35,2634.48,72,1
4822,2025-12-21,2025,12,51,P002,Dashboard Pro,0,South,Offline,12,302.03,3624.36,1523.04,2101.32,168,3
4823,2025-12-21,2025,12,51,P003,Data Connector Plus,0,South,Offline,20,151.24,3024.8,1347.8,1677.0,260,4
4824,2025-12-21,2025,12,51,P004,AI Insights Module,1,South,Online,3,775.81,2327.43,1007.61,1319.82,30,0
4825,2025-12-21,2025,12,51,P001,Analytics Suite,0,East,Online,9,506.74,4560.66,1947.24,2613.42,126,2
4826,2025-12-21,2025,12,51,P002,Dashboard Pro,0,East,Online,15,290.36,4355.4,1870.65,2484.75,165,3
4827,2025-12-21,2025,12,51,P003,Data Connector Plus,0,East,Offline,19,151.53,2879.07,1200.99,1678.08,152,4
4828,2025-12-21,2025,12,51,P004,AI Insights Module,1,East,Online,3,775.63,2326.89,1038.9,1287.99,30,0
4829,2025-12-21,2025,12,51,P001,Analytics Suite,0,West,Online,9,508.52,4576.68,2040.39,2536.29,72,2
4830,2025-12-21,2025,12,51,P002,Dashboard Pro,0,West,Offline,13,307.84,4001.92,1808.82,2193.1,169,3
4831,2025-12-21,2025,12,51,P003,Data Connector Plus,0,West,Online,22,149.45,3287.9,1412.4,1875.5,308,5
4832,2025-12-21,2025,12,51,P004,AI Insights Module,1,West,Online,2,799.48,1598.96,623.18,975.78,22,0
4833,2025-12-22,2025,12,52,P001,Analytics Suite,0,North,Online,13,507.79,6601.27,2653.56,3947.71,156,3
4834,2025-12-22,2025,12,52,P002,Dashboard Pro,0,North,Online,19,300.44,5708.36,2259.1,3449.26,190,4
4835,2025-12-22,2025,12,52,P003,Data Connector Plus,0,North,Offline,37,153.34,5673.58,2313.61,3359.97,481,8
4836,2025-12-22,2025,12,52,P004,AI Insights Module,1,North,Online,4,821.14,3284.56,1383.88,1900.68,40,0
4837,2025-12-22,2025,12,52,P001,Analytics Suite,0,South,Online,14,498.9,6984.6,3018.68,3965.92,112,3
4838,2025-12-22,2025,12,52,P002,Dashboard Pro,0,South,Offline,19,296.07,5625.33,2492.99,3132.34,190,3
4839,2025-12-22,2025,12,52,P003,Data Connector Plus,0,South,Online,30,146.76,4402.8,1690.2,2712.6,300,6
4840,2025-12-22,2025,12,52,P004,AI Insights Module,1,South,Partner,4,815.93,3263.72,1300.4,1963.32,32,0
4841,2025-12-22,2025,12,52,P001,Analytics Suite,0,East,Online,13,500.91,6511.83,2541.11,3970.72,130,3
4842,2025-12-22,2025,12,52,P002,Dashboard Pro,0,East,Offline,22,303.88,6685.36,2765.62,3919.74,176,4
4843,2025-12-22,2025,12,52,P003,Data Connector Plus,0,East,Offline,33,150.87,4978.71,1981.32,2997.39,462,7
4844,2025-12-22,2025,12,52,P004,AI Insights Module,1,East,Offline,4,801.56,3206.24,1421.92,1784.32,44,0
4845,2025-12-22,2025,12,52,P001,Analytics Suite,0,West,Online,14,507.97,7111.58,2802.38,4309.2,140,3
4846,2025-12-22,2025,12,52,P002,Dashboard Pro,0,West,Offline,20,299.93,5998.6,2448.6,3550.0,280,4
4847,2025-12-22,2025,12,52,P003,Data Connector Plus,0,West,Partner,29,145.96,4232.84,1843.53,2389.31,377,5
4848,2025-12-22,2025,12,52,P004,AI Insights Module,1,West,Offline,4,793.86,3175.44,1482.4,1693.04,36,0
4849,2025-12-23,2025,12,52,P001,Analytics Suite,0,North,Online,12,495.02,5940.24,2754.84,3185.4,96,3
4850,2025-12-23,2025,12,52,P002,Dashboard Pro,0,North,Online,23,290.6,6683.8,2794.27,3889.53,299,5
4851,2025-12-23,2025,12,52,P003,Data Connector Plus,0,North,Online,30,146.89,4406.7,1784.1,2622.6,420,7
4852,2025-12-23,2025,12,52,P004,AI Insights Module,1,North,Online,4,779.12,3116.48,1429.84,1686.64,56,1
4853,2025-12-23,2025,12,52,P001,Analytics Suite,0,South,Offline,14,506.32,7088.48,3104.92,3983.56,196,3
4854,2025-12-23,2025,12,52,P002,Dashboard Pro,0,South,Partner,19,295.69,5618.11,2515.03,3103.08,247,3
4855,2025-12-23,2025,12,52,P003,Data Connector Plus,0,South,Offline,32,148.88,4764.16,2180.48,2583.68,416,6
4856,2025-12-23,2025,12,52,P004,AI Insights Module,1,South,Online,5,785.6,3928.0,1570.4,2357.6,40,0
4857,2025-12-23,2025,12,52,P001,Analytics Suite,0,East,Partner,13,512.29,6659.77,2952.56,3707.21,156,2
4858,2025-12-23,2025,12,52,P002,Dashboard Pro,0,East,Online,23,296.16,6811.68,2746.2,4065.48,299,4
4859,2025-12-23,2025,12,52,P003,Data Connector Plus,0,East,Offline,30,152.34,4570.2,1879.2,2691.0,300,5
4860,2025-12-23,2025,12,52,P004,AI Insights Module,1,East,Offline,4,775.1,3100.4,1192.96,1907.44,56,1
4861,2025-12-23,2025,12,52,P001,Analytics Suite,0,West,Offline,14,487.03,6818.42,2903.74,3914.68,168,2
4862,2025-12-23,2025,12,52,P002,Dashboard Pro,0,West,Offline,19,291.91,5546.29,2530.8,3015.49,190,4
4863,2025-12-23,2025,12,52,P003,Data Connector Plus,0,West,Offline,32,145.65,4660.8,1924.16,2736.64,352,8
4864,2025-12-23,2025,12,52,P004,AI Insights Module,1,West,Offline,4,812.93,3251.72,1244.52,2007.2,40,0
4865,2025-12-24,2025,12,52,P001,Analytics Suite,0,North,Online,16,497.5,7960.0,3487.04,4472.96,208,4
4866,2025-12-24,2025,12,52,P002,Dashboard Pro,0,North,Partner,21,290.1,6092.1,2685.69,3406.41,189,5
4867,2025-12-24,2025,12,52,P003,Data Connector Plus,0,North,Offline,32,153.2,4902.4,1953.92,2948.48,256,7
4868,2025-12-24,2025,12,52,P004,AI Insights Module,1,North,Offline,5,778.42,3892.1,1566.25,2325.85,40,1
4869,2025-12-24,2025,12,52,P001,Analytics Suite,0,South,Partner,15,494.53,7417.95,3297.9,4120.05,195,2
4870,2025-12-24,2025,12,52,P002,Dashboard Pro,0,South,Online,21,307.04,6447.84,2989.56,3458.28,273,3
4871,2025-12-24,2025,12,52,P003,Data Connector Plus,0,South,Offline,37,149.92,5547.04,2333.59,3213.45,370,7
4872,2025-12-24,2025,12,52,P004,AI Insights Module,1,South,Online,4,794.02,3176.08,1213.68,1962.4,40,0
4873,2025-12-24,2025,12,52,P001,Analytics Suite,0,East,Offline,13,499.63,6495.19,3037.71,3457.48,130,2
4874,2025-12-24,2025,12,52,P002,Dashboard Pro,0,East,Offline,22,300.5,6611.0,2848.56,3762.44,220,5
4875,2025-12-24,2025,12,52,P003,Data Connector Plus,0,East,Online,33,152.56,5034.48,1966.8,3067.68,462,9
4876,2025-12-24,2025,12,52,P004,AI Insights Module,1,East,Offline,5,796.89,3984.45,1542.7,2441.75,70,1
4877,2025-12-24,2025,12,52,P001,Analytics Suite,0,West,Offline,15,509.83,7647.45,3345.15,4302.3,150,3
4878,2025-12-24,2025,12,52,P002,Dashboard Pro,0,West,Partner,20,293.65,5873.0,2492.6,3380.4,160,3
4879,2025-12-24,2025,12,52,P003,Data Connector Plus,0,West,Online,37,145.19,5372.03,2449.03,2923.0,481,9
4880,2025-12-24,2025,12,52,P004,AI Insights Module,1,West,Online,5,788.36,3941.8,1603.55,2338.25,40,1
4881,2025-12-25,2025,12,52,P001,Analytics Suite,0,North,Online,15,508.29,7624.35,3219.6,4404.75,180,3
4882,2025-12-25,2025,12,52,P002,Dashboard Pro,0,North,Offline,20,301.97,6039.4,2636.0,3403.4,260,4
4883,2025-12-25,2025,12,52,P003,Data Connector Plus,0,North,Partner,35,147.59,5165.65,2256.1,2909.55,315,6
4884,2025-12-25,2025,12,52,P004,AI Insights Module,1,North,Online,5,776.3,3881.5,1614.8,2266.7,45,1
4885,2025-12-25,2025,12,52,P001,Analytics Suite,0,South,Online,15,506.7,7600.5,3493.95,4106.55,195,3
4886,2025-12-25,2025,12,52,P002,Dashboard Pro,0,South,Online,21,297.28,6242.88,2613.24,3629.64,273,4
4887,2025-12-25,2025,12,52,P003,Data Connector Plus,0,South,Offline,35,148.8,5208.0,2033.15,3174.85,315,7
4888,2025-12-25,2025,12,52,P004,AI Insights Module,1,South,Offline,5,816.69,4083.45,1924.55,2158.9,65,1
4889,2025-12-25,2025,12,52,P001,Analytics Suite,0,East,Partner,14,505.67,7079.38,3251.36,3828.02,126,3
4890,2025-12-25,2025,12,52,P002,Dashboard Pro,0,East,Online,23,305.2,7019.6,3348.11,3671.49,230,4
4891,2025-12-25,2025,12,52,P003,Data Connector Plus,0,East,Offline,34,152.27,5177.18,2253.86,2923.32,374,8
4892,2025-12-25,2025,12,52,P004,AI Insights Module,1,East,Partner,4,778.78,3115.12,1268.92,1846.2,36,0
4893,2025-12-25,2025,12,52,P001,Analytics Suite,0,West,Partner,13,506.94,6590.22,2794.48,3795.74,143,2
4894,2025-12-25,2025,12,52,P002,Dashboard Pro,0,West,Offline,19,296.56,5634.64,2632.83,3001.81,209,4
4895,2025-12-25,2025,12,52,P003,Data Connector Plus,0,West,Partner,33,145.65,4806.45,2013.33,2793.12,264,7
4896,2025-12-25,2025,12,52,P004,AI Insights Module,1,West,Offline,4,813.93,3255.72,1541.4,1714.32,36,0
4897,2025-12-26,2025,12,52,P001,Analytics Suite,0,North,Online,13,493.08,6410.04,2778.88,3631.16,156,3
4898,2025-12-26,2025,12,52,P002,Dashboard Pro,0,North,Offline,19,306.87,5830.53,2592.17,3238.36,247,4
4899,2025-12-26,2025,12,52,P003,Data Connector Plus,0,North,Offline,29,152.34,4417.86,1789.59,2628.27,261,5
4900,2025-12-26,2025,12,52,P004,AI Insights Module,1,North,Offline,5,822.12,4110.6,1725.45,2385.15,55,1
4901,2025-12-26,2025,12,52,P001,Analytics Suite,0,South,Online,16,494.87,7917.92,3683.68,4234.24,224,2
4902,2025-12-26,2025,12,52,P002,Dashboard Pro,0,South,Online,19,306.61,5825.59,2217.87,3607.72,152,4
4903,2025-12-26,2025,12,52,P003,Data Connector Plus,0,South,Online,35,151.65,5307.75,2415.0,2892.75,490,6
4904,2025-12-26,2025,12,52,P004,AI Insights Module,1,South,Online,4,778.57,3114.28,1326.6,1787.68,48,0
4905,2025-12-26,2025,12,52,P001,Analytics Suite,0,East,Offline,15,513.01,7695.15,3319.95,4375.2,195,2
4906,2025-12-26,2025,12,52,P002,Dashboard Pro,0,East,Online,19,294.17,5589.23,2434.66,3154.57,247,3
4907,2025-12-26,2025,12,52,P003,Data Connector Plus,0,East,Online,35,149.28,5224.8,2420.25,2804.55,385,8
4908,2025-12-26,2025,12,52,P004,AI Insights Module,1,East,Partner,5,807.95,4039.75,1866.35,2173.4,65,1
4909,2025-12-26,2025,12,52,P001,Analytics Suite,0,West,Partner,14,489.92,6858.88,2648.52,4210.36,112,3
4910,2025-12-26,2025,12,52,P002,Dashboard Pro,0,West,Partner,21,298.89,6276.69,2980.53,3296.16,231,4
4911,2025-12-26,2025,12,52,P003,Data Connector Plus,0,West,Partner,37,152.18,5630.66,2547.82,3082.84,370,6
4912,2025-12-26,2025,12,52,P004,AI Insights Module,1,West,Offline,4,822.39,3289.56,1429.96,1859.6,48,1
4913,2025-12-27,2025,12,52,P001,Analytics Suite,0,North,Online,8,490.42,3923.36,1876.96,2046.4,104,2
4914,2025-12-27,2025,12,52,P002,Dashboard Pro,0,North,Offline,12,296.93,3563.16,1701.36,1861.8,156,2
4915,2025-12-27,2025,12,52,P003,Data Connector Plus,0,North,Online,19,146.22,2778.18,1247.54,1530.64,152,4
4916,2025-12-27,2025,12,52,P004,AI Insights Module,1,North,Online,2,799.32,1598.64,704.92,893.72,26,0
4917,2025-12-27,2025,12,52,P001,Analytics Suite,0,South,Online,10,497.04,4970.4,1962.0,3008.4,90,2
4918,2025-12-27,2025,12,52,P002,Dashboard Pro,0,South,Offline,14,302.82,4239.48,1687.14,2552.34,182,3
4919,2025-12-27,2025,12,52,P003,Data Connector Plus,0,South,Partner,23,149.3,3433.9,1581.25,1852.65,299,5
4920,2025-12-27,2025,12,52,P004,AI Insights Module,1,South,Partner,3,783.41,2350.23,1001.46,1348.77,27,0
4921,2025-12-27,2025,12,52,P001,Analytics Suite,0,East,Partner,10,501.03,5010.3,2373.0,2637.3,90,2
4922,2025-12-27,2025,12,52,P002,Dashboard Pro,0,East,Online,15,297.47,4462.05,2000.7,2461.35,150,3
4923,2025-12-27,2025,12,52,P003,Data Connector Plus,0,East,Offline,24,151.69,3640.56,1662.48,1978.08,264,6
4924,2025-12-27,2025,12,52,P004,AI Insights Module,1,East,Partner,3,780.45,2341.35,907.14,1434.21,24,0
4925,2025-12-27,2025,12,52,P001,Analytics Suite,0,West,Online,8,485.42,3883.36,1750.4,2132.96,96,1
4926,2025-12-27,2025,12,52,P002,Dashboard Pro,0,West,Partner,14,298.62,4180.68,1882.3,2298.38,140,3
4927,2025-12-27,2025,12,52,P003,Data Connector Plus,0,West,Offline,22,150.74,3316.28,1491.82,1824.46,242,4
4928,2025-12-27,2025,12,52,P004,AI Insights Module,1,West,Offline,3,797.99,2393.97,1130.49,1263.48,27,0
4929,2025-12-28,2025,12,52,P001,Analytics Suite,0,North,Offline,9,484.5,4360.5,2072.88,2287.62,99,2
4930,2025-12-28,2025,12,52,P002,Dashboard Pro,0,North,Offline,12,293.23,3518.76,1476.24,2042.52,132,2
4931,2025-12-28,2025,12,52,P003,Data Connector Plus,0,North,Online,19,147.43,2801.17,1287.44,1513.73,228,3
4932,2025-12-28,2025,12,52,P004,AI Insights Module,1,North,Offline,2,806.57,1613.14,688.56,924.58,22,0
4933,2025-12-28,2025,12,52,P001,Analytics Suite,0,South,Offline,9,511.48,4603.32,2131.56,2471.76,108,2
4934,2025-12-28,2025,12,52,P002,Dashboard Pro,0,South,Online,15,295.7,4435.5,2112.0,2323.5,180,3
4935,2025-12-28,2025,12,52,P003,Data Connector Plus,0,South,Offline,20,148.57,2971.4,1148.2,1823.2,160,4
4936,2025-12-28,2025,12,52,P004,AI Insights Module,1,South,Offline,3,821.2,2463.6,1111.2,1352.4,27,0
4937,2025-12-28,2025,12,52,P001,Analytics Suite,0,East,Offline,10,495.79,4957.9,2097.7,2860.2,140,1
4938,2025-12-28,2025,12,52,P002,Dashboard Pro,0,East,Offline,13,300.0,3900.0,1562.08,2337.92,117,2
4939,2025-12-28,2025,12,52,P003,Data Connector Plus,0,East,Online,19,144.91,2753.29,1055.07,1698.22,171,5
4940,2025-12-28,2025,12,52,P004,AI Insights Module,1,East,Online,3,802.74,2408.22,1154.55,1253.67,30,0
4941,2025-12-28,2025,12,52,P001,Analytics Suite,0,West,Partner,9,490.71,4416.39,1753.83,2662.56,126,1
4942,2025-12-28,2025,12,52,P002,Dashboard Pro,0,West,Offline,15,302.28,4534.2,1760.7,2773.5,135,3
4943,2025-12-28,2025,12,52,P003,Data Connector Plus,0,West,Online,20,148.35,2967.0,1289.0,1678.0,200,3
4944,2025-12-28,2025,12,52,P004,AI Insights Module,1,West,Online,2,781.44,1562.88,725.96,836.92,22,0
4945,2025-12-29,2025,12,1,P001,Analytics Suite,0,North,Offline,13,498.1,6475.3,2743.52,3731.78,104,3
4946,2025-12-29,2025,12,1,P002,Dashboard Pro,0,North,Offline,21,302.56,6353.76,2814.21,3539.55,189,4
4947,2025-12-29,2025,12,1,P003,Data Connector Plus,0,North,Online,30,151.07,4532.1,1763.7,2768.4,300,7
4948,2025-12-29,2025,12,1,P004,AI Insights Module,1,North,Online,4,792.45,3169.8,1240.92,1928.88,48,0
4949,2025-12-29,2025,12,1,P001,Analytics Suite,0,South,Online,14,491.69,6883.66,3219.58,3664.08,154,2
4950,2025-12-29,2025,12,1,P002,Dashboard Pro,0,South,Online,19,293.79,5582.01,2196.4,3385.61,209,3
4951,2025-12-29,2025,12,1,P003,Data Connector Plus,0,South,Offline,29,151.2,4384.8,1975.48,2409.32,232,5
4952,2025-12-29,2025,12,1,P004,AI Insights Module,1,South,Offline,4,781.85,3127.4,1250.16,1877.24,40,0
4953,2025-12-29,2025,12,1,P001,Analytics Suite,0,East,Partner,15,501.23,7518.45,3287.85,4230.6,210,3
4954,2025-12-29,2025,12,1,P002,Dashboard Pro,0,East,Online,21,305.54,6416.34,2893.38,3522.96,231,4
4955,2025-12-29,2025,12,1,P003,Data Connector Plus,0,East,Offline,32,152.57,4882.24,2263.36,2618.88,352,7
4956,2025-12-29,2025,12,1,P004,AI Insights Module,1,East,Online,5,775.47,3877.35,1571.95,2305.4,40,1
4957,2025-12-29,2025,12,1,P001,Analytics Suite,0,West,Online,13,512.26,6659.38,2790.97,3868.41,143,3
4958,2025-12-29,2025,12,1,P002,Dashboard Pro,0,West,Online,19,302.33,5744.27,2604.71,3139.56,266,4
4959,2025-12-29,2025,12,1,P003,Data Connector Plus,0,West,Online,30,151.05,4531.5,1857.6,2673.9,330,7
4960,2025-12-29,2025,12,1,P004,AI Insights Module,1,West,Offline,4,808.27,3233.08,1270.48,1962.6,48,0
4961,2025-12-30,2025,12,1,P001,Analytics Suite,0,North,Online,13,493.55,6416.15,3056.82,3359.33,156,2
4962,2025-12-30,2025,12,1,P002,Dashboard Pro,0,North,Online,21,302.68,6356.28,2906.61,3449.67,273,4
4963,2025-12-30,2025,12,1,P003,Data Connector Plus,0,North,Online,36,150.86,5430.96,2196.72,3234.24,468,7
4964,2025-12-30,2025,12,1,P004,AI Insights Module,1,North,Partner,4,821.99,3287.96,1414.88,1873.08,40,0
4965,2025-12-30,2025,12,1,P001,Analytics Suite,0,South,Offline,16,503.43,8054.88,3342.72,4712.16,144,3
4966,2025-12-30,2025,12,1,P002,Dashboard Pro,0,South,Offline,19,302.58,5749.02,2756.71,2992.31,209,3
4967,2025-12-30,2025,12,1,P003,Data Connector Plus,0,South,Online,32,152.31,4873.92,1874.88,2999.04,320,6
4968,2025-12-30,2025,12,1,P004,AI Insights Module,1,South,Online,4,790.83,3163.32,1303.08,1860.24,40,0
4969,2025-12-30,2025,12,1,P001,Analytics Suite,0,East,Offline,15,497.89,7468.35,3240.0,4228.35,180,3
4970,2025-12-30,2025,12,1,P002,Dashboard Pro,0,East,Online,20,307.67,6153.4,2349.8,3803.6,240,4
4971,2025-12-30,2025,12,1,P003,Data Connector Plus,0,East,Offline,31,153.15,4747.65,2227.04,2520.61,372,7
4972,2025-12-30,2025,12,1,P004,AI Insights Module,1,East,Online,5,803.46,4017.3,1700.05,2317.25,60,1
4973,2025-12-30,2025,12,1,P001,Analytics Suite,0,West,Partner,15,493.3,7399.5,3262.5,4137.0,135,4
4974,2025-12-30,2025,12,1,P002,Dashboard Pro,0,West,Partner,20,302.63,6052.6,2478.6,3574.0,280,5
4975,2025-12-30,2025,12,1,P003,Data Connector Plus,0,West,Online,34,146.15,4969.1,2063.46,2905.64,476,7
4976,2025-12-30,2025,12,1,P004,AI Insights Module,1,West,Offline,4,798.8,3195.2,1242.36,1952.84,56,0
4977,2025-12-31,2025,12,1,P001,Analytics Suite,0,North,Offline,15,513.65,7704.75,2941.95,4762.8,135,3
4978,2025-12-31,2025,12,1,P002,Dashboard Pro,0,North,Online,20,297.42,5948.4,2409.2,3539.2,280,5
4979,2025-12-31,2025,12,1,P003,Data Connector Plus,0,North,Online,35,145.31,5085.85,2222.5,2863.35,420,9
4980,2025-12-31,2025,12,1,P004,AI Insights Module,1,North,Offline,4,800.47,3201.88,1472.24,1729.64,32,0
4981,2025-12-31,2025,12,1,P001,Analytics Suite,0,South,Online,13,511.83,6653.79,3045.12,3608.67,104,2
4982,2025-12-31,2025,12,1,P002,Dashboard Pro,0,South,Online,22,300.71,6615.62,3119.6,3496.02,176,4
4983,2025-12-31,2025,12,1,P003,Data Connector Plus,0,South,Online,33,150.62,4970.46,2141.04,2829.42,429,7
4984,2025-12-31,2025,12,1,P004,AI Insights Module,1,South,Online,4,804.63,3218.52,1541.16,1677.36,52,0
4985,2025-12-31,2025,12,1,P001,Analytics Suite,0,East,Online,14,487.2,6820.8,3090.22,3730.58,126,3
4986,2025-12-31,2025,12,1,P002,Dashboard Pro,0,East,Partner,22,298.63,6569.86,2887.06,3682.8,308,4
4987,2025-12-31,2025,12,1,P003,Data Connector Plus,0,East,Offline,34,152.84,5196.56,2448.68,2747.88,272,9
4988,2025-12-31,2025,12,1,P004,AI Insights Module,1,East,Offline,4,800.0,3200.0,1498.2,1701.8,48,0
4989,2025-12-31,2025,12,1,P001,Analytics Suite,0,West,Online,15,488.39,7325.85,3489.45,3836.4,195,3
4990,2025-12-31,2025,12,1,P002,Dashboard Pro,0,West,Offline,22,297.14,6537.08,2989.36,3547.72,264,4
4991,2025-12-31,2025,12,1,P003,Data Connector Plus,0,West,Online,31,149.67,4639.77,1786.84,2852.93,279,8
4992,2025-12-31,2025,12,1,P004,AI Insights Module,1,West,Offline,4,805.95,3223.8,1414.4,1809.4,44,0
